fighter_name,height,weight_lbs,reach_inches,slpm,str_acc,sapm,str_def,td_avg,td_acc,td_def,sub_avg,age
Jeremy Jackson,70.0,170.0,72.0,0.71,27,2.03,25,1.52,40,58,0.0,43.964407939767284
Kevin Jackson,70.0,199.0,72.0,0.0,0,0.0,0,0.0,0,0,0.0,61.779603011635864
Yves Jabouin,67.0,135.0,68.0,3.06,41,2.93,62,1.94,60,82,0.1,47.27173169062286
Quinton Jackson,73.0,205.0,73.0,3.25,54,2.51,55,1.52,56,73,0.1,48.2135523613963
Kenyon Jackson,72.0,185.0,72.0,0.0,0,0.0,0,0.0,0,0,0.0,39.59753593429158
Damon Jackson,71.0,155.0,71.0,2.96,42,3.47,49,2.3,32,37,1.2,38.078028747433265
Eugene Jackson,68.0,185.0,72.0,2.19,33,3.44,32,1.91,71,16,2.3,59.95345653661875
Mike Jackson,74.0,170.0,74.0,4.49,57,3.73,62,0.71,33,88,0.0,41.45927446954141
Jason Jackson,73.0,170.0,78.0,2.24,48,1.31,56,0.0,0,0,0.0,35.85215605749487
Richard Jacobi,76.0,260.0,75.0,0.88,44,3.94,51,3.28,100,100,0.0,32.93908281998631
Eric Jacob,70.0,155.0,72.0,0.0,0,0.0,0,0.0,0,0,0.0,39.59753593429158
Justin James,70.0,155.0,72.0,1.34,36,2.68,50,0.0,0,50,1.6,49.82614647501711
Montel Jackson,70.0,135.0,75.0,3.02,52,1.4,60,2.71,63,67,0.3,34.36824093086927
Dave Jansen,69.0,155.0,73.0,2.94,33,3.67,58,2.79,28,38,0.9,47.044490075290895
Nate James,72.0,185.0,72.0,1.33,42,2.67,28,0.0,0,44,0.0,48.27378507871321
Gigo Jara,69.0,145.0,72.0,2.26,57,2.71,51,0.0,0,66,0.0,39.59753593429158
Jaime Jara,73.0,205.0,72.0,2.2,60,1.47,56,0.0,0,25,0.0,57.09514031485284
Brock Jardine,71.0,170.0,72.0,1.06,30,3.34,56,0.0,0,14,0.8,41.158110882956876
Keith Jardine,74.0,185.0,76.0,3.25,36,2.98,59,1.18,45,62,0.7,50.85010266940452
Josh Jarvis,70.0,155.0,72.0,0.0,0,0.0,0,0.0,0,0,0.0,39.59753593429158
YunSeong Jang,72.0,170.0,72.0,2.53,41,4.13,51,2.0,50,90,0.0,23.838466803559207
Rony Jason,67.0,145.0,73.0,2.04,44,3.14,53,0.59,30,36,0.8,42.46132785763176
Dustin Jacoby,75.0,205.0,76.0,5.31,47,4.02,57,0.3,25,62,0.0,38.42299794661191
Virna Jandiroba,63.0,115.0,64.0,2.27,41,2.86,55,3.13,39,72,1.4,38.26967830253251
Louis Jauregui,67.0,170.0,72.0,0.0,0,0.0,0,0.0,0,0,0.0,39.59753593429158
Jasmine Jasudavicius,67.0,125.0,68.0,3.47,44,3.46,51,2.63,46,75,0.5,37.516769336071185
Ryan Janes,75.0,185.0,76.0,7.69,48,5.53,59,0.35,100,58,0.0,45.040383299110196
Josh Janousek,71.0,185.0,72.0,0.0,0,0.0,0,0.0,0,0,0.0,45.946611909650926
Aaron Jeffery,74.0,185.0,73.0,3.1,45,4.46,34,0.0,0,50,0.0,33.80971937029432
Justin Jaynes,67.0,145.0,68.0,3.34,44,5.33,62,0.75,40,20,1.1,37.073237508555785
Milos Janicic,71.0,155.0,71.0,4.44,31,3.7,54,0.0,0,0,0.0,29.34428473648186
Yazmin Jauregui,63.0,115.0,64.0,6.64,39,5.25,54,0.0,0,100,0.0,27.520876112251884
Bubba Jenkins,67.0,145.0,72.0,2.41,37,1.58,67,7.23,68,100,0.0,38.5845311430527
Adrienna Jenkins,68.0,145.0,72.0,0.0,0,0.0,0,0.0,0,0,0.0,45.125256673511295
Trent Jenkins,74.0,185.0,72.0,0.0,0,0.0,0,0.0,0,0,0.0,39.59753593429158
Brandon Jenkins,72.0,155.0,71.0,2.93,41,8.05,33,0.0,0,27,0.0,34.93497604380561
Joanna Jedrzejczyk,66.0,115.0,65.0,6.28,48,3.25,62,0.27,62,80,0.1,39.05270362765229
Kyle Jensen,69.0,170.0,72.0,0.0,0,0.92,60,6.92,100,0,6.9,47.13210130047912
Steve Jennum,70.0,215.0,72.0,0.0,0,0.0,0,0.0,0,0,0.0,62.954140999315534
Jack Jenkins,67.0,145.0,68.0,4.48,61,2.95,59,1.98,60,71,0.2,32.84052019164955
Ryan Jensen,73.0,185.0,76.0,2.84,39,2.99,59,1.55,50,31,1.9,48.96098562628337
Art Jimmerson,73.0,196.0,72.0,0.0,0,0.0,0,0.0,0,0,0.0,63.09103353867214
Maciej Jewtuszko,72.0,155.0,72.0,2.29,45,1.39,66,0.0,0,42,0.9,45.596167008898014
Ramiro Jimenez,69.0,145.0,73.0,14.22,65,2.43,82,5.2,100,100,0.0,27.638603696098563
Chan-Mi Jeon,65.0,115.0,72.0,6.23,31,7.77,55,0.0,0,0,0.0,29.023956194387406
Ronald Jhun,71.0,170.0,72.0,1.45,57,3.01,50,1.81,100,100,0.0,55.95893223819302
Baergeng Jieleyisi,69.0,145.0,71.0,1.61,35,2.62,52,1.73,38,78,0.2,30.784394250513348
Jiniushiyue,68.0,125.0,68.0,2.7,44,2.53,48,2.26,53,50,0.0,25.741273100616016
Ryan Jimmo,73.0,205.0,73.0,3.12,66,2.77,46,0.45,28,87,0.0,44.77481177275838
Jinensibieke Asikeerbai,66.0,155.0,69.0,2.0,50,10.0,0,0.0,0,0,0.0,38.157426420260094
Sung Bin Jo,72.0,145.0,72.0,1.4,33,2.67,51,1.0,33,83,1.0,34.13826146475017
Gilbert Jimenez,70.0,155.0,72.0,0.0,0,0.0,0,0.0,0,0,0.0,39.59753593429158
Carls John De Tomas,65.0,125.0,71.0,1.74,37,3.93,44,1.37,33,66,0.0,30.023271731690624
Brett Johns,67.0,135.0,71.0,2.86,49,3.84,53,4.92,49,58,1.0,34.54072553045859
Miles Johns,67.0,135.0,68.0,3.37,44,2.97,65,1.2,26,77,0.0,32.43805612594114
Anthony Johnson,74.0,205.0,78.0,3.25,47,1.83,60,2.43,57,77,0.6,42.502395619438744
DaMarques Johnson,73.0,170.0,75.0,2.11,37,3.75,51,1.18,55,19,0.7,44.19164955509925
Phil Johns,62.0,170.0,72.0,1.2,66,1.8,50,0.0,0,50,0.0,57.87268993839836
Ricky Johnson,68.0,145.0,72.0,1.83,25,6.3,36,0.0,0,0,0.0,39.59753593429158
Tony Johnson,74.0,205.0,76.0,4.0,92,3.67,22,0.0,0,90,0.0,43.34839151266256
Lavar Johnson,76.0,240.0,82.0,5.39,55,2.54,55,0.61,66,54,0.6,49.23750855578371
Deshaun Johnson,70.0,167.0,72.0,2.27,41,6.67,43,0.0,0,0,0.0,55.80835044490075
Demetrious Johnson,63.0,125.0,66.0,3.43,54,1.66,67,3.35,56,65,0.5,40.06570841889117
Devin Johnson,70.0,155.0,72.0,0.0,0,0.0,0,0.0,0,0,0.0,39.59753593429158
Michael Johnson,70.0,155.0,73.0,4.27,39,3.78,58,0.57,38,81,0.0,40.257357973990416
Travis Johnson,70.0,205.0,72.0,0.0,0,0.0,0,0.0,0,0,0.0,39.59753593429158
Kajan Johnson,71.0,155.0,75.0,2.47,42,1.59,64,1.54,37,62,0.2,42.37645448323067
Timothy Johnson,75.0,265.0,77.0,3.43,45,3.08,44,1.09,24,69,0.0,41.4839151266256
Dashon Johnson,67.0,145.0,72.0,1.01,69,3.83,35,0.85,33,63,0.8,38.614647501711154
Jordan Johnson,74.0,205.0,79.0,3.45,47,2.64,53,3.25,42,100,1.2,37.79876796714579
Taylor Johnson,72.0,185.0,74.0,5.09,60,1.13,33,8.49,100,100,0.0,35.82477754962355
Chad Johnson,74.0,230.0,80.0,5.92,68,7.8,40,0.0,0,0,0.0,40.12594113620808
Donte Johnson,68.0,185.0,74.0,3.11,48,2.0,61,2.0,100,75,0.7,27.613963039014372
Brian Johnston,75.0,230.0,72.0,0.0,0,0.0,0,0.0,0,0,0.0,58.10814510609172
Jose Johnson,72.0,125.0,71.0,2.27,57,1.61,53,0.69,60,41,0.7,31.299110198494184
Charles Johnson,69.0,125.0,70.0,4.54,49,3.88,55,0.47,16,66,0.4,35.65503080082136
Ben Johnston,76.0,185.0,76.0,1.01,75,1.01,29,2.54,100,100,0.0,35.90417522245038
Nikola Joksovic,70.0,170.0,72.0,0.0,0,0.0,0,0.0,0,0,0.0,31.98631074606434
Daniel Jolly,73.0,205.0,75.0,1.32,46,3.39,44,2.83,33,50,0.0,42.00684462696783
Paul Jones,69.0,199.0,72.0,0.0,0,0.0,0,0.0,0,0,0.0,63.22518822724162
Liana Jojua,64.0,125.0,62.0,2.42,30,5.32,54,1.71,66,50,1.3,31.460643394934976
Carlton Jones,73.0,225.0,72.0,2.32,41,3.58,56,4.02,50,57,2.7,39.59753593429158
Nathan Jones,83.0,345.0,72.0,0.0,0,0.0,0,0.0,0,0,0.0,56.04380561259411
Marcus Jones,78.0,265.0,72.0,1.94,52,2.71,58,8.71,75,0,2.9,53.059548254620125
Jon Jones,76.0,248.0,84.0,4.38,58,2.24,64,1.89,45,95,0.5,39.134839151266256
Tito Jones,68.0,145.0,72.0,0.0,0,0.0,0,0.0,0,0,0.0,45.100616016427104
Roy Jones,70.0,205.0,72.0,0.0,0,0.0,0,0.0,0,0,0.0,42.86379192334018
Jesse Jones,69.0,170.0,72.0,0.0,0,0.0,0,0.0,0,0,0.0,39.59753593429158
Victor Jones,70.0,145.0,72.0,0.0,0,0.0,0,0.0,0,0,0.0,39.59753593429158
Justin Jones,71.0,185.0,72.0,1.7,36,3.17,45,1.0,15,46,0.5,39.00068446269678
Ben Jones,70.0,185.0,72.0,0.0,0,0.0,0,0.0,0,0,0.0,39.59753593429158
Roshaun Jones,68.0,135.0,72.0,0.0,0,0.0,0,0.0,0,0,0.0,39.59753593429158
Chris Jones,69.0,149.0,72.0,0.0,0,0.0,0,0.0,0,0,0.0,44.80492813141684
Jamelle Jones,72.0,205.0,75.0,1.78,80,3.11,65,0.0,0,0,0.0,38.59822039698837
Mason Jones,70.0,155.0,74.0,5.98,42,4.45,50,3.48,55,73,0.2,31.364818617385353
Craig Jones,70.0,205.0,72.0,0.0,0,0.0,0,0.0,0,0,0.0,35.14031485284052
Antonio Jones,71.0,185.0,72.0,7.5,55,30.0,42,0.0,0,0,0.0,41.40177960301163
Trevin Jones,67.0,135.0,70.0,2.13,37,4.29,39,0.62,15,60,0.2,36.09034907597536
Jacobi Jones,69.0,155.0,72.0,5.87,46,7.6,48,0.0,0,33,0.0,30.286105407255306
Jocelyn Jones-Lybarger,67.0,115.0,64.0,2.96,31,4.83,56,0.34,25,81,0.0,40.92265571526352
Kevin Jordan,75.0,245.0,72.0,2.0,40,1.91,55,0.0,0,77,0.6,55.68240930869268
Joe Jordan,66.0,155.0,72.0,1.85,25,4.27,59,0.0,0,66,0.0,48.11225188227242
Shawn Jordan,72.0,260.0,75.0,2.87,50,3.3,47,1.97,38,76,0.1,41.87542778918549
Gareth Joseph,70.0,205.0,72.0,0.0,0,0.0,0,0.0,0,0,0.0,41.93839835728953
Ivan Jorge,69.0,155.0,73.0,3.41,49,2.91,59,1.56,16,75,0.6,45.828884325804246
Scott Jorgensen,65.0,135.0,66.0,3.37,40,3.41,65,2.61,45,59,0.7,43.969883641341546
Dwight Joseph,66.0,135.0,72.0,2.6,52,2.87,55,1.0,20,20,1.0,37.05681040383299
Jeff Joslin,72.0,170.0,72.0,2.17,39,1.57,65,0.5,33,64,0.5,51.35386721423682
Alan Jouban,72.0,170.0,73.0,5.67,50,3.77,60,0.51,44,58,0.3,44.780287474332646
Krzysztof Jotko,73.0,185.0,77.0,2.98,42,2.23,57,1.33,39,82,0.1,37.04859685147159
Louis Jourdain,69.0,135.0,69.0,7.32,49,2.44,54,0.0,0,66,1.4,29.4839151266256
Charles Jourdain,69.0,135.0,69.0,5.36,49,4.11,56,0.38,21,46,0.6,30.77618069815195
Dustin Joynson,78.0,244.0,78.0,3.28,53,5.63,47,0.0,0,0,0.0,40.8952772073922
Mike Joy,66.0,155.0,72.0,0.57,33,1.71,47,0.78,33,0,2.3,41.13620807665982
Kevin Jousset,74.0,170.0,75.0,6.61,51,6.49,50,0.69,40,100,0.3,33.347022587268995
Tony Juarez,70.0,155.0,72.0,0.89,25,10.34,38,4.43,100,66,0.0,39.59753593429158
Ernie Juarez,68.0,145.0,70.0,4.21,51,6.23,55,0.0,0,25,0.0,28.648870636550306
Jesse Juarez,73.0,170.0,72.0,1.71,48,2.87,52,2.69,33,50,0.0,45.3305954825462
Bu-Kyung Jung,67.0,154.0,72.0,0.63,36,1.85,56,1.1,75,0,1.5,48.28199863107461
Luke Jumeau,71.0,170.0,72.0,2.93,43,3.17,58,0.25,100,86,0.0,38.56536618754278
Steve Judson,71.0,230.0,72.0,0.0,0,0.0,0,0.0,0,0,0.0,39.59753593429158
Anshul Jubli,72.0,155.0,69.0,6.42,46,5.72,50,0.81,18,63,0.4,31.64681724845996
Carli Judice,67.0,115.0,68.0,9.32,50,6.62,57,0.52,25,80,0.0,27.515400410677618
Reginaldo Junior,70.0,170.0,72.0,0.0,0,0.0,0,0.0,0,0,0.0,27.57015742642026
Young Sam Jung,68.0,139.0,72.0,0.53,9,2.79,63,0.0,0,0,2.0,40.85968514715948
Da Woon Jung,76.0,205.0,78.0,3.24,40,4.23,49,1.59,47,75,0.2,32.747433264887064
Chan Sung Jung,67.0,145.0,72.0,3.93,41,4.52,52,0.7,44,72,0.6,39.474332648870636
Dong Hyun Ma,71.0,155.0,70.0,2.84,41,4.1,54,1.27,53,33,0.0,37.99041752224504
Pawan Maan,67.0,155.0,70.0,0.89,44,2.98,43,0.0,0,0,0.0,40.41889117043121
Scott Junk,73.0,265.0,72.0,5.13,60,1.81,45,0.0,0,0,0.0,47.72073921971253
William Macario,71.0,170.0,75.0,4.92,54,3.96,65,1.85,45,78,0.0,35.18412046543463
Myles Jury,70.0,145.0,73.0,2.94,42,2.16,66,2.16,55,50,0.3,37.84804928131417
Cristiane Justino,68.0,145.0,68.0,7.28,52,2.25,64,0.66,55,94,0.4,41.16084873374401
Rob MacDonald,75.0,205.0,78.0,1.8,50,2.04,46,7.19,80,80,5.4,48.002737850787135
Jason MacDonald,75.0,185.0,80.0,1.55,52,2.7,46,1.43,16,35,2.0,51.26078028747433
Clayton MacFarlane,70.0,170.0,72.0,1.33,52,1.82,55,1.05,33,37,0.0,39.59753593429158
Ilima Macfarlane,64.0,125.0,72.0,4.13,43,2.93,65,0.0,0,50,1.0,39.59753593429158
Ryan MacDonald,71.0,135.0,71.0,2.28,29,6.49,45,0.0,0,0,0.0,33.47022587268994
Anthony Macias,69.0,185.0,72.0,0.0,0,0.0,0,0.0,0,0,0.0,57.57152635181382
Rory MacDonald,72.0,170.0,76.0,3.75,42,2.8,62,1.77,47,88,0.4,37.125256673511295
Valesca Machado,64.0,115.0,63.0,2.4,32,2.87,64,0.0,0,76,0.0,30.33538672142368
Caio Machado,76.0,250.0,78.0,5.82,53,2.87,63,0.0,0,82,0.0,32.13141683778234
Ian Machado Garry,75.0,170.0,74.0,4.78,54,2.86,52,0.92,31,80,0.4,28.802190280629706
Lyoto Machida,73.0,185.0,74.0,2.59,53,1.57,61,1.21,65,75,0.4,48.271047227926076
War Machine,71.0,170.0,72.0,2.32,60,3.17,43,1.16,50,40,0.0,44.766598220396986
Pauline Macias,64.0,115.0,64.0,0.8,29,4.6,42,2.0,18,0,0.0,38.19301848049281
Don Madge,72.0,155.0,72.0,2.08,52,0.74,67,2.22,25,80,0.7,35.81656399726215
Reza Madadi,71.0,155.0,73.0,2.51,46,3.31,66,3.17,33,89,0.5,48.2135523613963
Victor Madrigal,67.0,135.0,71.0,2.31,38,9.56,50,0.0,0,0,0.0,36.05749486652977
Ryan Madigan,72.0,170.0,72.0,0.0,0,3.35,47,0.0,0,0,0.0,39.59753593429158
Mark Madsen,68.0,155.0,72.0,3.56,49,3.97,52,2.86,66,62,0.0,41.95208761122519
Jon Madsen,72.0,240.0,72.0,2.46,41,1.18,81,1.32,71,70,0.0,46.56536618754278
Leonardo Mafra,70.0,155.0,70.0,4.55,48,4.38,43,2.12,83,69,0.4,37.36618754277892
Yoshiro Maeda,67.0,139.0,68.0,2.36,33,2.55,63,2.93,51,50,0.7,44.84873374401095
Vinicius Magalhaes,70.0,145.0,72.0,0.0,0,0.0,0,0.0,0,0,0.0,55.1047227926078
Vinny Magalhaes,75.0,205.0,75.0,2.14,24,3.97,68,1.55,44,66,0.8,42.17932922655715
Bernardo Magalhaes,69.0,155.0,72.0,1.8,27,3.37,68,0.0,0,0,0.5,45.412731006160165
Caio Magalhaes,73.0,185.0,73.0,2.27,40,2.78,56,1.05,15,58,1.6,38.729637234770706
Eric Magana,70.0,155.0,72.0,0.0,0,0.0,0,0.0,0,0,0.0,39.59753593429158
Brandon Magana,70.0,170.0,72.0,0.0,0,0.0,0,0.0,0,0,0.0,39.59753593429158
Ibragim Magomedov,72.0,250.0,72.0,0.26,4,3.86,42,0.0,0,0,0.0,51.24709103353867
Raimond Magomedaliev,73.0,170.0,75.0,4.07,41,4.75,41,0.0,0,0,0.0,36.24093086926762
Angela Magana,61.0,115.0,65.0,1.53,28,4.92,42,0.4,25,28,0.4,43.096509240246405
Rashid Magomedov,69.0,155.0,70.0,4.4,49,3.05,54,0.67,57,89,0.2,41.76865160848734
Ruslan Magomedov,75.0,242.0,78.0,4.02,47,1.47,66,0.33,100,88,0.0,39.7782340862423
Neil Magny,75.0,170.0,80.0,3.4,46,2.44,51,2.17,39,55,0.3,39.09377138945928
Abus Magomedov,74.0,185.0,78.0,3.06,48,3.34,56,2.5,59,100,0.6,36.01095140314853
Shara Magomedov,74.0,185.0,73.0,5.55,62,3.62,45,0.0,0,73,0.0,32.309377138945926
Murtazali Magomedov,69.0,145.0,70.0,4.83,48,2.07,81,5.17,50,0,5.2,27.030800821355236
Zabit Magomedsharipov,73.0,145.0,73.0,4.89,48,3.0,64,5.22,56,77,0.8,35.51813826146475
Lolohea Mahe,70.0,155.0,72.0,1.71,29,6.92,40,2.44,40,0,0.0,39.59753593429158
John Maguire,69.0,155.0,69.0,1.41,41,2.44,65,2.8,46,77,1.1,43.30184804928131
Bill Mahood,75.0,200.0,72.0,1.54,85,3.59,17,0.0,0,0,3.9,59.59479808350445
Michelle Maher,70.0,145.0,72.0,0.0,0,0.0,0,0.0,0,0,0.0,39.59753593429158
Maheshate,72.0,155.0,71.0,3.96,31,5.96,51,0.0,0,47,0.0,26.765229295003422
Klayton Mai,69.0,125.0,72.0,1.53,42,1.02,63,3.83,100,0,7.7,39.76728268309377
Jennifer Maia,64.0,125.0,64.0,4.35,38,4.52,55,0.42,27,58,0.1,37.91649555099247
Nayara Maia,65.0,125.0,66.0,0.6,36,3.33,43,1.0,33,0,1.0,36.11772758384668
Demian Maia,73.0,170.0,72.0,1.8,43,2.07,63,2.49,24,61,1.0,48.832306639288156
Yilizhati Maimaitijiang,70.0,185.0,72.0,0.0,0,0.0,0,0.0,0,0,0.0,39.59753593429158
Roshan Mainam,70.0,135.0,72.0,0.0,0,0.0,0,0.0,0,0,0.0,39.59753593429158
Levan Makashvili,68.0,145.0,68.0,2.87,54,2.07,61,3.67,42,85,0.0,37.661875427789184
Aliev Makhmud,66.0,195.0,72.0,1.12,30,2.24,36,2.1,50,0,0.0,56.56125941136208
John Makdessi,68.0,155.0,68.0,5.52,49,4.15,68,0.0,0,86,0.0,41.34428473648186
Islam Makhachev,70.0,170.0,70.0,2.45,58,1.45,61,3.1,56,91,1.0,34.861054072553046
Zach Makovsky,64.0,125.0,64.0,1.94,43,2.24,62,3.71,30,56,0.3,43.383983572895275
Azat Maksum,67.0,125.0,70.0,2.75,27,4.25,52,3.5,31,85,0.2,31.592060232717316
Fabio Maldonado,73.0,205.0,75.0,5.29,58,4.31,53,0.44,57,61,0.6,46.47227926078029
Jeremy Malaterre,71.0,155.0,72.0,0.0,0,0.0,0,0.0,0,0,0.0,39.507186858316224
Nazareno Malegarie,68.0,155.0,72.0,3.87,34,3.27,69,1.0,33,0,0.0,40.309377138945926
Marvin Maldonado,66.0,135.0,72.0,0.87,56,3.47,43,0.0,0,20,0.0,39.59753593429158
Bea Malecki,69.0,135.0,74.0,6.84,46,6.96,62,0.0,0,78,1.1,35.03901437371663
Nate Maness,70.0,125.0,72.0,3.14,50,3.88,42,0.68,75,80,0.7,35.19507186858316
Carl Malenko,71.0,200.0,72.0,0.0,0,0.0,0,0.0,0,0,0.0,56.61327857631759
Jacob Malkoun,69.0,185.0,73.0,4.23,56,2.33,55,5.39,42,55,0.8,31.030800821355236
Dan Manasoiu,70.0,155.0,72.0,0.0,0,0.0,0,0.0,0,0,0.0,39.59753593429158
Mike Malott,73.0,170.0,73.0,4.02,48,3.09,56,1.63,50,57,0.7,34.83093771389459
Gary Mangat,67.0,135.0,72.0,0.0,0,0.0,0,0.0,0,0,0.0,39.59753593429158
Michael Mangan,70.0,155.0,72.0,1.94,33,4.52,46,19.35,50,100,0.0,39.59753593429158
George Mangos,68.0,145.0,69.0,1.36,54,0.27,76,0.0,0,33,1.6,23.04996577686516
Troy Mandaloniz,69.0,170.0,72.0,3.52,56,4.71,63,3.1,66,57,0.0,46.59548254620123
Melchor Manibusan,65.0,154.0,72.0,1.58,54,5.79,15,0.0,0,0,0.0,49.69199178644764
Jon Manley,73.0,170.0,72.0,1.13,20,4.33,45,1.0,7,20,0.0,40.167008898015055
Melvin Manhoef,69.0,185.0,72.0,3.52,48,2.64,51,0.33,25,78,0.0,50.32169746748802
Marnic Mann,60.0,115.0,64.0,1.47,41,5.08,31,1.9,33,25,0.4,33.50581793292265
Steve Mann,73.0,170.0,72.0,3.18,70,0.66,57,1.64,100,60,0.0,39.59753593429158
Jose Maria,65.0,125.0,72.0,3.2,53,3.98,52,2.32,27,33,2.3,44.67077344284736
Dylan Mantello,73.0,155.0,73.0,4.69,62,4.76,55,0.0,0,76,0.0,33.79603011635866
Chris Manuel,69.0,135.0,72.0,2.53,40,2.67,66,1.0,20,100,0.0,39.12936344969199
Jimi Manuwa,73.0,205.0,79.0,3.43,54,3.97,49,0.53,18,70,0.4,46.548939082819984
Dom Mar Fan,71.0,155.0,75.0,3.43,56,2.31,44,1.84,50,62,0.3,26.466803559206024
Cristiano Marcello,69.0,155.0,72.0,2.56,33,3.61,58,0.44,11,20,0.9,48.75838466803559
Marcos Mariano,73.0,155.0,76.0,0.25,27,2.11,43,0.0,0,28,0.0,39.90143737166324
Enrique Marin,70.0,170.0,72.0,1.43,33,3.0,50,2.5,38,60,1.0,40.01095140314853
Daniel Marcos,67.0,135.0,69.0,4.9,53,3.79,61,1.35,52,85,0.1,33.50034223134839
Ronny Markes,73.0,185.0,75.0,2.17,53,2.43,45,3.13,40,100,0.5,38.37645448323067
Chepe Mariscal,67.0,145.0,69.0,4.14,55,2.66,52,2.34,39,59,0.2,33.8590006844627
Rory Markham,72.0,170.0,71.0,1.98,21,10.27,45,0.0,0,0,0.0,44.4517453798768
Randa Markos,64.0,115.0,63.0,2.97,43,3.1,58,1.12,28,52,0.2,41.073237508555785
Christina Marks,67.0,125.0,69.0,5.0,58,3.0,64,7.5,100,0,0.0,40.82683093771389
Brendon Marotte,69.0,145.0,70.0,0.41,50,5.7,28,0.0,0,0,0.0,30.650239561943874
Danilo Marques,78.0,205.0,77.0,1.44,79,2.52,52,3.93,28,0,0.8,40.695414099931554
Nate Marquardt,72.0,185.0,74.0,2.71,49,2.32,55,1.87,51,70,0.8,47.38124572210815
Cesar Marscucci,70.0,155.0,72.0,0.0,0,0.0,0,0.0,0,0,0.0,39.59753593429158
Carmelo Marrero,72.0,205.0,73.0,0.84,34,2.04,54,3.21,36,36,0.9,45.609856262833674
Julian Marquez,74.0,185.0,72.0,5.06,45,5.35,50,0.0,0,54,2.6,36.33127994524298
John Marsh,72.0,265.0,72.0,0.83,42,2.23,40,0.43,100,54,0.4,55.97535934291581
CJ Marsh,70.0,155.0,72.0,0.0,0,0.0,0,0.0,0,0,0.0,39.59753593429158
Eliot Marshall,74.0,205.0,77.0,1.93,27,2.39,67,0.47,33,79,0.9,46.16563997262149
Doug Marshall,70.0,205.0,72.0,6.99,46,4.02,60,0.0,0,66,2.4,50.992470910335385
David Marshall,74.0,170.0,72.0,0.0,0,0.0,0,0.0,0,0,0.0,42.03422313483915
Francis Marshall,69.0,155.0,72.0,3.19,34,3.45,55,2.71,47,88,0.5,27.512662559890487
Jack Marshman,72.0,185.0,73.0,2.74,25,4.19,56,0.0,0,20,0.0,36.714579055441476
Terry Martin,68.0,185.0,71.0,2.82,43,3.13,54,3.1,42,92,0.0,45.90554414784394
Mallory Martin,64.0,115.0,63.0,4.42,48,6.64,55,2.28,43,25,0.3,32.602327173169066
Michal Martinek,74.0,230.0,72.0,2.45,53,4.29,51,0.0,0,0,0.0,36.38329911019849
Eric Martin,70.0,155.0,72.0,0.0,0,0.0,0,0.0,0,0,0.0,39.59753593429158
Justin Martin,72.0,185.0,72.0,0.0,0,0.0,0,0.0,0,0,0.0,39.59753593429158
Dave Martin,72.0,205.0,72.0,0.0,0,0.0,0,0.0,0,0,0.0,39.59753593429158
Ozzy Martin,70.0,170.0,72.0,0.0,0,0.0,0,0.0,0,0,0.0,23.967145790554415
Joe Martin,69.0,170.0,72.0,0.73,40,2.4,45,0.0,0,16,0.0,39.59753593429158
Anthony Rocco Martin,72.0,170.0,73.0,2.68,37,2.59,58,0.71,27,68,1.0,36.73648186173853
Adrian Luna Martinetti,68.0,135.0,71.0,8.8,58,9.3,47,2.0,33,100,0.0,31.04722792607803
Danny Martinez,66.0,125.0,67.0,2.73,28,3.77,63,3.0,45,36,0.0,41.229295003422315
Alonzo Martinez,70.0,155.0,72.0,3.07,27,7.33,52,0.0,0,0,0.0,42.37371663244353
Rainy Martinez,72.0,199.0,72.0,0.0,0,0.0,0,0.0,0,0,0.0,39.59753593429158
Henry Martinez,67.0,155.0,69.0,2.79,25,4.01,60,0.0,0,80,0.0,43.082819986310746
Poppies Martinez,69.0,145.0,72.0,2.88,50,2.16,51,1.54,33,50,9.2,43.04996577686516
Jonathan Martinez,68.0,135.0,70.0,4.44,49,4.09,56,0.38,35,68,0.1,32.380561259411365
Mana Martinez,70.0,135.0,70.0,4.33,48,4.94,50,0.72,42,25,0.5,30.45037645448323
Melissa Martinez,62.0,115.0,66.0,3.78,47,5.21,53,0.35,50,50,0.0,29.05133470225873
Roque Martinez,70.0,250.0,72.0,3.28,53,4.9,56,0.38,50,53,0.4,40.50924024640657
Victor Martinez,67.0,155.0,70.0,7.53,51,7.75,52,0.67,33,80,0.0,35.14031485284052
Julieta Martinez,61.0,115.0,62.0,2.53,44,3.6,41,5.0,45,100,0.0,21.976728268309376
Wagner da Conceicao Martins,79.0,390.0,72.0,1.91,37,5.43,42,2.2,100,100,0.0,48.30116358658453
David Martinez,65.0,135.0,67.0,4.82,46,2.9,69,0.6,25,100,0.0,28.093086926762492
Lucas Martins,72.0,145.0,72.0,2.87,35,4.14,60,0.0,0,76,0.5,37.817932922655714
Adriano Martins,70.0,155.0,72.0,1.8,38,2.14,65,0.83,80,81,0.4,43.723477070499655
Max Martyniouk,70.0,155.0,72.0,0.0,0,0.0,0,0.0,0,0,0.0,39.59753593429158
Bristol Marunde,73.0,170.0,75.0,1.42,21,4.4,47,1.6,33,14,0.0,44.380561259411365
Andrew Martinez,69.0,215.0,72.0,3.4,31,2.3,47,1.5,50,0,0.0,39.59753593429158
Shoji Maruyama,67.0,139.0,72.0,1.4,63,0.27,55,0.0,0,54,0.0,43.370294318959616
Kazuma Maruyama,71.0,155.0,72.0,3.83,41,2.23,53,4.79,33,100,0.0,34.13278576317591
Islem Masraf,72.0,205.0,74.0,0.68,20,3.88,15,0.0,0,100,0.0,30.247775496235455
Jameel Massouh,70.0,145.0,72.0,1.91,54,2.62,55,0.67,15,50,0.7,41.98220396988364
Mike Massenzio,74.0,185.0,73.0,2.08,45,3.59,54,2.74,24,50,1.4,43.846680355920604
Tiffany Masters,63.0,115.0,65.0,3.53,62,2.58,50,3.06,60,0,0.0,32.101300479123886
Arisa Matsuda,63.0,115.0,64.0,1.83,51,2.67,52,1.5,37,0,0.5,31.72621492128679
Tateki Matsuda,67.0,125.0,72.0,3.2,34,3.43,69,0.0,0,16,0.0,40.52292950034223
Al Matavao,68.0,205.0,67.0,7.84,46,6.7,58,0.0,0,0,0.0,32.53388090349076
Jorge Masvidal,71.0,170.0,74.0,4.05,47,3.05,64,1.38,59,72,0.3,41.81519507186858
Toki Matsui,66.0,125.0,65.0,0.0,0,0.0,0,0.0,0,0,0.0,26.99520876112252
Koichiro Matsumoto,67.0,145.0,72.0,1.9,26,3.5,31,0.0,0,0,0.0,40.50102669404517
Daijiro Matsui,69.0,200.0,72.0,0.84,45,1.69,55,1.83,30,43,0.4,53.752224503764545
Naoki Matsushita,66.0,155.0,72.0,3.3,32,2.2,63,1.5,100,0,0.0,50.43394934976044
Koyomi Matsushima,67.0,145.0,66.0,2.7,47,2.83,59,9.0,52,33,0.0,33.91101984941821
AJ Matthews,71.0,185.0,72.0,5.11,52,4.96,51,0.0,0,100,0.0,38.620123203285424
Jean Matsumoto,66.0,135.0,68.0,5.35,38,5.29,49,2.85,42,56,0.5,26.99247091033539
Connor Matthews,68.0,145.0,71.0,4.82,43,6.06,55,3.24,55,46,0.7,34.26694045174538
Jake Matthews,71.0,170.0,73.0,3.36,44,2.58,60,1.36,41,66,0.7,32.049281314168375
Claudio Mattos,70.0,185.0,72.0,0.0,0,3.53,0,0.0,0,0,0.0,39.59753593429158
John Matua,74.0,400.0,72.0,0.0,0,0.0,0,0.0,0,0,0.0,39.59753593429158
Francesco Maturi,70.0,155.0,72.0,0.0,0,0.0,0,0.0,0,0,0.0,39.59753593429158
Jeremy May,73.0,185.0,72.0,0.0,0,0.0,0,0.0,0,0,0.0,39.87132101300479
Jack May,80.0,255.0,72.0,1.52,38,3.29,33,0.91,33,20,0.0,45.39630390143737
Elaina Maxwell,68.0,145.0,72.0,2.07,60,2.4,53,0.0,0,50,1.0,47.723477070499655
Miranda Maverick,63.0,125.0,65.0,3.22,44,2.25,61,2.16,40,45,0.4,29.182751540041068
Nick Maximov,72.0,185.0,76.0,1.93,45,2.64,46,4.16,45,35,0.2,28.70362765229295
Vladimir Matyushenko,72.0,205.0,74.0,1.9,44,1.62,59,3.25,46,70,0.1,55.671457905544145
Brooke Mayo,67.0,125.0,72.0,1.92,34,3.2,63,3.2,60,0,2.1,39.59753593429158
Don'Tale Mayes,78.0,260.0,81.0,3.22,43,3.61,46,0.59,38,46,0.0,34.639288158795345
Gray Maynard,69.0,155.0,70.0,1.92,32,2.64,66,2.91,47,81,0.7,47.32922655715264
Francesco Mazzeo,75.0,205.0,75.0,1.83,44,0.75,65,3.23,50,0,0.0,28.95277207392197
Scott McAfee,68.0,155.0,72.0,0.0,0,1.33,50,0.0,0,0,0.0,43.03901437371663
Charles McCarthy,70.0,185.0,71.0,0.18,12,4.03,56,2.67,60,0,2.7,46.08350444900753
Sabina Mazo,67.0,125.0,70.0,6.1,43,4.35,57,0.65,80,59,0.2,29.451060917180012
Gina Mazany,66.0,125.0,68.0,3.73,50,3.52,50,4.34,52,33,0.2,38.04791238877481
Paddy McCorry,75.0,185.0,73.0,6.2,55,2.47,53,1.0,50,0,0.0,28.7419575633128
Danni McCormack,64.0,125.0,62.0,6.93,51,4.53,60,6.0,42,50,2.0,36.479123887748116
Bobby McAndrews,70.0,155.0,72.0,2.56,83,1.03,50,0.0,0,33,7.7,39.59753593429158
Michael McBride,73.0,155.0,72.0,4.08,48,5.85,40,1.85,42,30,1.2,40.49555099247091
Molly McCann,64.0,115.0,62.0,5.28,49,4.65,62,1.78,36,38,0.5,36.342231348391515
Kris McCray,72.0,170.0,76.0,2.69,45,2.57,54,2.88,55,38,0.0,44.95003422313484
Eric McConico,72.0,185.0,77.0,2.92,46,3.05,45,0.64,100,68,0.0,36.328542094455855
Liam McCracken,70.0,155.0,72.0,0.0,0,0.0,0,0.0,0,0,0.0,24.996577686516083
Sean McCorkle,79.0,265.0,81.0,0.85,44,2.48,52,2.12,40,33,4.2,50.13826146475017
Tamdan McCrory,76.0,185.0,76.0,2.07,49,1.6,46,2.28,50,33,2.5,39.83572895277207
Ian McCall,65.0,125.0,64.0,3.59,39,3.25,67,2.08,30,88,0.0,42.332648870636554
Rob McCullough,69.0,155.0,69.0,2.47,36,2.84,59,0.46,100,68,0.0,49.281314168377826
Michael McDonald,71.0,205.0,72.0,0.0,0,0.4,50,0.0,0,0,0.0,61.57973990417522
Scott McDonald,70.0,155.0,72.0,0.0,0,0.0,0,0.0,0,0,0.0,39.59753593429158
Justin McCully,73.0,225.0,73.0,1.58,37,2.02,46,1.28,44,43,0.0,50.548939082819984
Robert McDaniel,75.0,185.0,75.0,1.64,44,1.98,56,0.93,50,50,1.4,43.34565366187543
Josh McDonald,70.0,185.0,72.0,0.8,57,3.4,33,9.0,50,0,0.0,39.59753593429158
Miles McDonald,67.0,115.0,72.0,5.1,45,4.0,43,0.0,0,100,1.0,35.06639288158795
Justin McElfresh,78.0,205.0,72.0,4.59,26,12.79,41,0.0,0,0,0.0,46.672142368240934
Liam McGeary,78.0,205.0,72.0,1.28,48,1.92,50,0.51,100,0,2.5,43.9233401779603
Drew McFedries,72.0,185.0,72.0,5.13,51,4.56,52,1.42,100,56,0.7,48.11225188227242
Marcus McGhee,68.0,135.0,69.0,5.44,43,3.64,56,0.24,11,90,0.2,36.33401779603012
Gan McGee,82.0,265.0,72.0,2.2,29,2.31,59,0.65,25,83,0.0,49.79329226557152
Ryan McGillivray,71.0,170.0,72.0,1.27,20,2.2,52,0.0,0,44,0.0,39.94250513347023
Ryan McGivern,72.0,185.0,72.0,2.22,29,2.22,57,0.0,0,0,0.0,46.63655030800821
Jack McGlaughlin,70.0,155.0,72.0,0.0,0,0.0,0,0.0,0,0,0.0,39.59753593429158
Greg McIntyre,70.0,155.0,72.0,0.79,30,1.36,41,5.09,50,0,0.0,46.37645448323067
Conor McGregor,69.0,155.0,74.0,5.27,49,4.71,53,0.66,55,66,0.1,38.14647501711157
Court McGee,71.0,170.0,75.0,4.5,36,3.65,60,1.78,24,70,0.5,41.73305954825462
AJ McKee,70.0,145.0,72.0,2.75,32,0.92,80,11.01,100,100,11.0,39.59753593429158
Antonio McKee,68.0,155.0,72.0,1.37,45,0.74,74,1.47,33,57,0.0,56.48733744010951
Tim McKenzie,72.0,185.0,74.0,1.37,54,2.96,44,0.0,0,28,2.1,44.12867898699521
Rhys McKee,74.0,170.0,78.0,4.71,40,7.15,47,0.0,0,47,0.0,30.989733059548254
Cory McKenna,63.0,115.0,58.0,2.94,38,3.68,46,2.0,47,75,0.4,27.156741957563312
Cody McKenzie,72.0,155.0,72.0,1.74,34,2.5,67,2.5,25,14,2.5,38.724161533196444
Brian McLaughlin,69.0,155.0,72.0,0.0,0,0.0,0,0.0,0,0,0.0,42.31895961670089
Jason McLean,65.0,145.0,72.0,0.0,0,0.0,0,0.0,0,0,0.0,49.25941136208077
Garreth McLellan,73.0,185.0,72.0,3.56,54,2.94,45,1.15,22,34,0.9,44.01368925393566
Tommy McMillen,72.0,145.0,74.0,13.54,50,4.96,59,0.0,0,83,0.0,28.725530458590008
Sara McMann,66.0,135.0,66.0,2.26,46,1.92,47,4.38,65,50,0.5,45.949349760438054
Terrance McKinney,70.0,155.0,73.0,6.83,55,4.07,42,3.27,42,72,1.8,31.975359342915812
Tim Means,74.0,170.0,75.0,5.04,49,3.65,60,1.14,40,64,0.2,42.54346338124572
Charles McTorry,70.0,155.0,72.0,0.0,0,0.0,0,0.0,0,0,0.0,39.59753593429158
James McSweeney,76.0,230.0,77.0,3.94,55,4.33,42,0.52,33,100,1.1,45.86721423682409
Jackson McVey,76.0,185.0,77.0,6.51,69,3.37,23,0.0,0,0,1.2,27.45242984257358
Daniel McWilliams,73.0,185.0,72.0,3.36,77,0.0,0,0.0,0,100,21.6,43.644079397672826
Emil Meek,71.0,170.0,74.0,2.52,39,2.53,38,0.25,33,47,1.0,38.04517453798768
Anistavio Medeiros,66.0,145.0,72.0,3.64,44,5.0,47,0.0,0,0,0.0,38.34907597535934
Kaline Medeiros,63.0,115.0,72.0,2.06,70,0.29,83,4.41,100,0,4.4,39.59753593429158
MarQuel Mederos,70.0,155.0,69.0,5.46,58,4.58,52,0.23,8,82,0.0,29.765913757700204
Yancy Medeiros,70.0,155.0,75.0,4.36,37,5.67,47,0.33,50,73,0.7,38.997946611909654
Uros Medic,73.0,170.0,71.0,5.77,60,3.4,56,0.34,50,55,0.0,33.36618754277892
Todd Medina,70.0,193.0,72.0,0.0,0,0.0,0,0.0,0,0,0.0,56.35318275154004
Jason Medina,69.0,180.0,72.0,0.0,0,0.0,0,0.0,0,0,0.0,39.59753593429158
Derrick Mehmen,76.0,205.0,72.0,1.93,14,4.53,48,1.0,16,0,0.0,41.270362765229294
Miika Mehmet,70.0,205.0,72.0,0.33,12,7.29,24,0.0,0,0,0.0,39.59753593429158
Frank Megallon,70.0,185.0,72.0,1.14,21,5.32,54,0.0,0,0,0.0,39.59753593429158
Sanford Alton Meeks,77.0,265.0,75.0,0.71,42,4.47,38,7.06,25,0,0.0,32.421629021218344
Gerald Meerschaert,73.0,185.0,77.0,2.95,45,3.44,53,1.7,29,40,1.5,38.718685831622174
Jordan Mein,72.0,170.0,73.0,3.35,44,2.55,69,1.56,58,66,0.2,36.90622861054072
Bryce Mejia,73.0,170.0,72.0,3.49,62,6.98,50,0.0,0,0,0.0,39.59753593429158
Brandon Melendez,71.0,155.0,72.0,0.84,26,0.56,63,0.0,0,25,0.0,43.455167693360714
Brian Melancon,68.0,170.0,72.0,4.18,49,3.64,64,2.02,100,66,0.0,44.276522929500345
Nair Melikyan,66.0,155.0,72.0,0.0,0,0.0,0,0.0,0,0,0.0,29.078713210130047
Anna Melisano,64.0,125.0,68.0,0.49,33,1.23,28,0.0,0,50,0.0,29.297741273100616
Gilbert Melendez,69.0,145.0,73.0,3.44,33,2.53,63,1.64,41,71,0.2,44.40246406570842
Antonio Mendes,75.0,205.0,77.0,1.34,47,6.85,22,2.51,50,100,0.0,45.38261464750171
Vanessa Melo,65.0,135.0,65.0,3.48,30,6.13,59,0.0,0,71,0.0,38.444900752908964
Marcelo Mello,67.0,170.0,72.0,0.0,0,0.0,0,0.0,0,0,0.0,39.59753593429158
Fabio Mello,65.0,155.0,72.0,0.86,35,3.94,50,0.0,0,0,0.0,51.19233401779603
Augusto Mendes,66.0,135.0,65.0,2.42,34,3.91,56,1.75,33,80,0.0,43.51266255989049
Adam Meredith,74.0,170.0,72.0,2.63,50,2.11,55,7.89,100,100,7.9,39.59753593429158
Mateus Mendonca,66.0,125.0,71.0,1.66,40,4.14,30,2.54,27,55,0.4,27.63586584531143
Eddie Mendez,70.0,185.0,72.0,1.71,33,3.43,11,0.0,0,0,0.0,42.639288158795345
Luis Mendoza,70.0,155.0,72.0,0.0,0,0.0,0,0.0,0,0,0.0,39.59753593429158
Pietro Menga,67.0,125.0,68.0,0.0,0,0.0,0,0.0,0,0,0.0,38.55715263518138
Chad Mendes,66.0,145.0,66.0,2.78,49,2.35,67,4.13,55,100,0.3,41.34976043805612
Meng Bo,64.0,115.0,62.0,3.47,50,2.67,53,3.0,100,100,0.0,30.439425051334702
Alonzo Menifield,72.0,205.0,76.0,3.84,53,3.81,51,0.48,31,78,0.2,38.88569472963724
Buck Meredith,74.0,185.0,72.0,0.0,0,0.0,0,0.0,0,0,0.0,44.3066392881588
Steve Mensing,71.0,185.0,72.0,0.0,0,9.51,42,0.0,0,0,0.0,48.7501711156742
Bia Mesquita,64.0,135.0,67.0,4.52,57,1.27,71,3.57,75,0,3.6,35.41683778234086
Dave Menne,70.0,170.0,72.0,1.84,44,1.99,42,0.46,50,57,2.5,52.106776180698155
Ivan Menjivar,66.0,145.0,64.0,2.78,37,2.76,65,0.56,28,38,1.0,44.271047227926076
Nick Meregali,70.0,155.0,72.0,0.0,0,0.0,0,0.0,0,0,0.0,39.59753593429158
Brandon Michaels,69.0,185.0,72.0,0.0,0,0.0,0,0.0,0,0,0.0,43.794661190965094
Andreas Michailidis,72.0,170.0,76.0,2.9,51,3.57,44,1.12,27,50,0.0,38.13552361396304
David Michaud,69.0,155.0,72.0,3.25,43,4.45,54,2.53,58,77,0.7,37.82067077344285
Jonathan Micallef,72.0,170.0,77.0,3.85,43,3.64,56,1.08,42,66,0.7,27.50718685831622
Joe Merritt,72.0,170.0,72.0,1.53,58,0.73,66,0.0,0,68,0.0,42.49965776865161
Jonathan Meunier,75.0,170.0,72.0,3.47,50,1.43,69,0.58,33,58,0.0,39.09103353867214
Jeremiah Metcalf,73.0,185.0,72.0,1.74,59,0.27,60,4.02,66,100,2.0,45.16084873374401
Yaotzin Meza,69.0,145.0,71.0,1.43,41,1.62,64,1.06,20,18,1.4,45.58521560574949
David Mgoyan,69.0,145.0,70.0,5.67,44,7.53,48,2.0,16,100,1.0,22.198494182067076
Zachary Micklewright,72.0,155.0,74.0,5.56,53,4.72,54,0.7,12,100,0.0,50.04243668720055
Guy Mezger,73.0,200.0,72.0,2.3,32,1.36,72,0.39,50,88,0.0,58.680355920602324
Chris Mickle,69.0,145.0,72.0,3.03,27,9.7,48,0.0,0,0,0.0,43.15947980835045
Curtis Millender,74.0,170.0,76.0,3.86,46,2.95,61,0.43,100,57,0.0,38.76522929500342
Phillip Miller,71.0,185.0,72.0,1.61,54,1.93,50,3.62,25,100,0.6,47.54277891854894
Pat Miletich,70.0,170.0,72.0,1.79,45,1.66,63,1.96,100,54,1.0,58.49418206707735
Jason Miller,73.0,185.0,72.0,1.83,43,2.3,49,1.31,28,43,1.3,45.700205338809035
Bojan Mihajlovic,71.0,205.0,73.0,1.23,35,5.95,47,0.0,0,33,0.0,46.43668720054757
Keith Mielke,68.0,185.0,72.0,0.0,0,0.0,0,0.0,0,0,0.0,39.59753593429158
Gabriel Miglioli,68.0,170.0,72.0,0.0,0,0.0,0,0.0,0,0,0.0,39.59753593429158
Billy Miles,70.0,170.0,72.0,0.0,0,1.25,33,0.0,0,0,0.0,48.3586584531143
Kristof Midoux,73.0,220.0,72.0,0.7,43,2.89,49,0.0,0,0,0.0,52.10403832991102
Chris Mierzwiak,73.0,185.0,72.0,1.6,61,1.73,48,2.0,28,0,1.0,38.559890485968516
Dan Miller,73.0,185.0,74.0,2.03,36,3.06,49,1.67,54,47,1.8,45.1854893908282
Trent Miller,69.0,185.0,72.0,2.11,20,11.23,48,0.0,0,0,0.0,30.850102669404517
Ty Miller,74.0,170.0,77.0,9.13,46,3.9,63,0.0,0,91,0.0,26.255989048596852
Juliana Miller,67.0,125.0,66.0,2.74,41,3.84,45,2.38,31,44,1.3,30.33264887063655
Cole Miller,73.0,145.0,73.0,3.0,33,3.88,59,0.6,36,38,1.8,42.362765229295
Jim Miller,68.0,155.0,71.0,2.92,42,3.43,56,1.49,45,47,1.7,43.01984941820671
Aaron Miller,69.0,145.0,72.0,0.0,0,0.0,0,0.0,0,0,0.0,39.59753593429158
Mo Miller,68.0,135.0,72.0,1.87,45,1.33,60,4.0,80,0,0.0,34.072553045859
Henry Miller,67.0,270.0,72.0,1.25,36,2.16,54,0.55,25,60,0.0,57.14168377823409
Nina Milosevic,65.0,135.0,67.0,5.7,53,3.53,72,0.0,0,100,0.0,30.078028747433265
Eddy Millis,73.0,185.0,72.0,0.0,0,3.36,22,0.0,0,0,7.2,59.09103353867214
Micah Miller,72.0,145.0,72.0,1.33,33,2.15,54,0.98,37,21,2.0,39.559206023271734
Adam Milstead,75.0,205.0,76.0,3.85,46,4.79,43,0.0,0,64,0.0,39.17864476386037
Alberto Mina,72.0,170.0,77.0,3.23,38,3.7,47,1.85,20,50,0.0,44.34770704996578
Vitaly Minakov,74.0,249.0,72.0,0.0,0,0.0,0,0.0,0,0,0.0,41.57973990417522
Che Mills,73.0,170.0,76.0,2.08,52,2.87,43,1.18,66,58,0.0,43.937029431895965
Mike Minniger,70.0,155.0,72.0,0.0,0,0.0,0,0.0,0,0,0.0,39.59753593429158
Darrick Minner,67.0,145.0,69.0,2.63,65,2.28,35,2.4,72,66,2.7,36.3586584531143
Carlton Minus,70.0,170.0,75.0,3.5,40,4.97,50,0.0,0,58,0.0,33.36344969199179
Ikuhisa Minowa,69.0,181.0,72.0,0.88,40,1.66,49,1.82,41,5,1.9,50.65023956194388
Stipe Miocic,76.0,240.0,80.0,4.67,52,4.01,52,1.74,34,65,0.0,44.049281314168375
Yunosuke Minami,65.0,135.0,65.0,1.45,52,5.38,36,0.0,0,53,0.0,25.987679671457904
Mario Mingaj,75.0,185.0,78.0,1.62,33,6.49,52,0.0,0,0,0.0,27.857631759069132
Artur Minev,69.0,155.0,69.0,1.02,61,3.57,26,0.0,0,64,0.0,22.94318959616701
Frank Mir,75.0,264.0,79.0,2.18,47,3.84,38,2.02,40,54,2.0,47.28815879534565
Bella Mir,70.0,125.0,72.0,0.0,0,0.0,0,0.0,0,0,0.0,23.679671457905545
Juan Miranda,70.0,155.0,72.0,0.0,0,0.0,0,0.0,0,0,0.0,39.59753593429158
Richie Miranda,68.0,155.0,75.0,3.07,38,4.47,43,1.0,11,0,0.0,32.068446269678304
Alexis Miranda,70.0,185.0,72.0,0.0,0,0.0,0,0.0,0,0,0.0,27.67419575633128
Mario Miranda,75.0,185.0,74.0,1.96,54,2.46,36,1.02,60,54,0.0,47.15400410677618
Gabriel Miranda,71.0,145.0,71.0,3.23,43,6.01,37,4.75,38,0,1.9,36.4517453798768
Vitor Miranda,73.0,185.0,77.0,2.98,45,2.95,58,0.95,55,50,0.2,47.493497604380565
Toby Misech,68.0,145.0,72.0,3.27,40,7.73,46,0.0,0,0,0.0,38.49965776865161
Felix Lee Mitchell,70.0,155.0,72.0,0.0,0,0.0,0,0.0,0,0,0.0,39.59753593429158
Damir Mirenic,72.0,185.0,72.0,0.84,50,9.86,35,0.0,0,0,0.0,52.09582477754962
Kazuo Misaki,68.0,183.0,72.0,2.85,40,2.74,63,0.72,38,51,0.6,50.365503080082135
Danny Mitchell,74.0,170.0,72.0,2.53,49,2.53,52,0.0,0,100,3.0,40.07939767282683
Brad Mitchell,71.0,145.0,72.0,1.15,33,4.2,52,0.0,0,100,1.9,51.90691307323751
Clay Mitchell,74.0,185.0,72.0,1.63,85,0.0,0,0.0,0,100,4.1,39.59753593429158
Dokonjonosuke Mishima,67.0,155.0,72.0,1.06,41,1.22,52,2.47,40,25,1.4,54.38193018480493
Bryce Mitchell,70.0,135.0,70.0,2.19,59,1.51,58,3.12,36,38,1.3,31.923340177960302
Maurice Mitchell,69.0,145.0,72.0,3.8,55,3.54,60,0.0,0,100,0.0,39.1895961670089
David Mitchell,72.0,170.0,75.0,1.74,32,2.06,55,0.66,50,29,2.0,46.86926762491444
Terrence Mitchell,70.0,135.0,74.0,2.21,34,8.85,41,3.69,50,0,0.0,36.68446269678302
Eiji Mitsuoka,67.0,145.0,72.0,1.49,49,2.26,45,2.3,36,20,1.6,50.680355920602324
Matt Mitrione,75.0,265.0,82.0,3.55,50,2.79,64,0.0,0,55,0.7,48.145106091718
Jonathan  Mix,72.0,168.0,72.0,0.0,0,0.0,0,0.0,0,0,0.0,45.82340862422998
Roman Mitichyan,70.0,170.0,72.0,0.26,16,2.7,43,1.93,100,25,1.9,48.00547570157426
Hiromitsu Miura,69.0,170.0,71.0,2.12,34,2.12,58,2.23,50,69,0.6,44.955509924709105
Patchy Mix,71.0,135.0,70.0,5.3,43,7.3,43,2.5,62,0,0.0,33.05681040383299
Ryuho Miyaguchi,70.0,135.0,68.0,4.56,60,6.78,45,0.0,0,53,0.0,28.607802874743328
Tomoya Miyashita,67.0,139.0,72.0,1.67,65,0.93,33,4.0,80,0,2.0,45.13073237508556
Motoki Miyazawa,71.0,168.0,72.0,1.23,28,3.91,61,0.0,0,0,0.0,41.37166324435318
Kazuyuki Miyata,68.0,139.0,72.0,2.04,52,1.82,63,4.31,46,68,0.0,50.60369609856263
Mizuki,63.0,115.0,65.0,4.45,52,4.65,49,0.75,33,80,0.0,32.049281314168375
Takeya Mizugaki,67.0,135.0,69.0,3.37,37,3.27,57,1.46,57,70,0.1,42.724161533196444
Tatsuya Mizuno,73.0,205.0,72.0,2.25,37,3.52,53,1.19,25,40,3.6,45.2621492128679
Bobby Moffett,70.0,145.0,73.0,3.41,39,3.15,61,2.74,66,66,1.4,36.26557152635181
Roxanne Modafferi,67.0,125.0,69.0,3.35,30,5.7,51,1.35,23,30,0.1,43.950718685831625
Bronson Mohika,70.0,135.0,72.0,0.0,0,0.0,0,0.0,0,0,0.0,39.59753593429158
Nate Mohr,69.0,155.0,72.0,3.79,41,2.5,74,0.45,50,71,0.0,43.51266255989049
Ashkan Mokhtarian,66.0,125.0,67.0,1.95,43,3.66,43,0.54,16,33,0.0,40.97467488021903
Muhammad Mokaev,67.0,125.0,70.0,1.61,45,1.35,57,5.29,41,25,0.8,26.102669404517453
Thiago Moises,69.0,155.0,70.0,2.52,42,4.4,52,1.37,29,52,1.1,31.457905544147845
Renato Moicano,71.0,155.0,72.0,4.1,49,3.55,59,1.68,40,64,0.6,37.295003422313485
Dan Molina,70.0,216.0,72.0,0.0,0,5.58,60,0.0,0,0,20.9,42.22861054072553
Suman Mokhtarian,68.0,145.0,72.0,2.21,43,6.85,48,0.0,0,0,0.0,34.23134839151266
Jeff Molina,66.0,125.0,69.0,7.25,48,5.04,55,0.0,0,66,0.0,29.138945927446954
Rudyard Moncayo,70.0,195.0,72.0,0.0,0,0.0,0,0.0,0,0,0.0,53.30595482546201
Michelle Montague,69.0,135.0,68.0,2.77,48,2.47,41,3.5,53,0,0.0,32.780287474332646
Jose Montanha,76.0,259.0,76.0,1.09,28,1.64,25,8.18,50,100,8.2,30.031485284052017
Hidetaka Monma,72.0,168.0,72.0,1.67,25,9.76,34,0.0,0,0,0.0,52.87063655030801
Andrew Montanez,70.0,185.0,72.0,0.0,0,0.0,0,0.0,0,0,0.0,39.59753593429158
Darrell Montague,66.0,125.0,67.0,1.92,25,5.38,52,0.72,25,33,1.4,38.841889117043124
Jeff Monson,69.0,247.0,74.0,0.97,30,2.87,59,1.06,12,66,0.7,55.6331279945243
Erick Montano,72.0,170.0,73.0,2.79,44,2.06,64,2.29,36,66,0.0,40.79671457905544
Augusto Montano,73.0,170.0,73.0,3.46,46,2.66,56,0.0,0,66,0.0,41.86447638603696
Antonio Monteiro,67.0,145.0,70.0,3.93,49,8.33,33,1.0,33,66,1.0,31.1813826146475
Steve Montgomery,76.0,185.0,72.0,4.85,39,4.12,47,0.0,0,64,0.0,35.715263518138265
Sofia Montenegro,66.0,125.0,67.0,4.27,40,5.67,48,1.0,25,100,0.0,27.21971252566735
Alberto Montes,67.0,145.0,69.0,4.7,48,11.61,52,0.0,0,77,3.4,32.26830937713895
Nicco Montano,65.0,135.0,65.0,5.6,41,4.43,64,2.25,54,69,0.4,37.72210814510609
Homer Moore,70.0,205.0,72.0,0.68,50,0.68,0,5.07,66,0,0.0,54.776180698151954
Dustin Moore,64.0,125.0,72.0,0.0,0,0.0,0,0.0,0,0,0.0,39.59753593429158
Nate Moore,72.0,170.0,72.0,2.21,25,2.87,42,1.23,16,25,0.0,43.419575633128
Todd Moore,69.0,170.0,71.0,1.83,26,2.3,57,0.78,14,54,0.0,42.68583162217659
James Moontasri,70.0,170.0,71.0,2.39,48,3.86,40,0.0,0,79,0.2,38.40657084188912
Taylor Moore,70.0,135.0,70.0,0.2,75,2.07,42,0.0,0,25,0.0,32.889801505817935
Sergio Moraes,72.0,170.0,72.0,2.42,42,3.73,59,1.2,38,75,0.4,44.12320328542094
Marlon Moraes,66.0,135.0,67.0,3.37,40,4.53,54,0.87,41,46,0.3,38.362765229295
Ricardo Morais,80.0,270.0,72.0,2.86,37,2.39,53,0.0,0,0,0.0,59.526351813826146
John Moraga,66.0,125.0,66.0,2.57,43,2.55,56,0.62,23,44,1.1,42.46406570841889
Leonardo Morales,68.0,135.0,72.0,2.05,47,2.05,58,0.0,0,62,0.0,33.7056810403833
Sheymon Moraes,68.0,145.0,72.0,3.0,42,3.64,63,0.0,0,53,0.0,35.90417522245038
Albert Morales,69.0,135.0,72.0,3.81,35,3.96,56,0.91,35,70,0.2,35.285420944558524
Joe Moreira,71.0,195.0,72.0,0.0,0,0.0,0,0.0,0,0,0.0,65.1772758384668
Christian Morecraft,78.0,260.0,81.0,2.82,34,2.46,46,3.26,66,50,2.2,39.99452429842574
Richardson Moreira,74.0,185.0,72.0,1.17,28,1.83,67,0.0,0,100,0.0,42.43394934976044
Joseph Morales,66.0,125.0,69.0,2.0,40,2.05,57,1.14,42,26,3.0,32.04106776180698
Gisele Moreira,66.0,135.0,72.0,5.93,42,6.33,48,4.0,57,0,0.0,45.64271047227926
Vince Morales,67.0,135.0,70.0,3.54,37,3.91,54,0.71,47,63,0.5,35.81656399726215
Paris Moran,70.0,125.0,72.0,0.0,0,0.0,0,0.0,0,0,0.0,30.587268993839835
Michael Morales,72.0,170.0,79.0,5.68,49,3.26,53,1.04,41,89,0.0,27.20328542094456
Omar Morales,71.0,155.0,73.0,3.42,40,3.18,58,0.46,100,63,0.0,40.8870636550308
Sarah Moras,67.0,135.0,67.0,2.28,34,3.58,50,0.67,21,33,0.8,38.351813826146476
Jesse Moreng,67.0,145.0,72.0,1.26,40,2.08,48,5.56,100,100,0.0,46.82546201232033
Vinicius Moreira,76.0,205.0,76.0,3.15,59,5.07,43,1.97,18,0,1.3,37.51950718685831
Peggy Morgan,73.0,135.0,72.0,2.27,23,8.2,33,0.0,0,50,0.0,46.724161533196444
Alexander Morgan,70.0,145.0,71.0,3.71,44,2.78,47,0.0,0,0,0.0,35.31553730321698
Maryna Moroz,67.0,125.0,67.0,4.42,33,4.89,51,0.7,24,42,0.6,34.99520876112252
Brandon Moreno,67.0,125.0,70.0,3.84,44,3.64,59,1.36,39,65,0.4,32.747433264887064
Alex Morono,71.0,170.0,72.0,4.9,39,4.88,55,0.32,24,47,0.3,36.05749486652977
Mike Moreno,72.0,185.0,72.0,1.27,51,1.07,58,0.0,0,44,0.0,39.59753593429158
Dan Moret,72.0,155.0,73.0,2.67,43,3.56,43,1.25,27,45,0.4,39.79192334017796
Sammy Morgan,70.0,170.0,72.0,1.05,22,3.74,40,1.43,20,0,0.5,44.93908281998631
Sergey Morozov,66.0,135.0,67.0,3.01,43,2.97,61,3.63,31,68,0.0,37.229295003422315
Scott Morris,70.0,210.0,72.0,0.0,0,0.0,0,0.0,0,0,0.0,39.59753593429158
Brad Morris,74.0,205.0,72.0,0.5,62,6.95,27,0.0,0,0,0.0,46.847364818617386
Flavio Luiz Moura,71.0,183.0,72.0,0.67,16,0.0,0,0.0,0,0,0.0,50.61190965092403
Nikolas Motta,69.0,155.0,70.0,4.13,38,5.28,52,0.0,0,83,0.0,33.57426420260096
Jack Morrison,71.0,205.0,72.0,0.0,0,19.31,40,0.0,0,0,0.0,39.59753593429158
Carlos Mota,64.0,125.0,69.0,0.8,41,1.13,54,0.0,0,50,1.0,31.394934976043807
Anthony Morrison,67.0,145.0,72.0,1.7,33,0.49,80,0.0,0,50,0.0,42.4394250513347
Miki Motono,62.0,115.0,63.0,1.27,27,4.2,57,3.0,30,0,1.0,32.303901437371664
Juan Mott,72.0,190.0,72.0,0.0,0,0.0,0,0.0,0,0,0.0,60.747433264887064
Harry Moskowitz,77.0,275.0,72.0,0.0,0,0.0,0,0.0,0,0,0.0,39.59753593429158
Kin Moy,65.0,135.0,72.0,2.3,33,1.93,62,1.67,42,50,1.7,39.59753593429158
Kris Moutinho,67.0,135.0,68.0,3.35,33,9.36,30,0.0,0,30,0.0,34.07529089664613
Eduarda Moura,66.0,125.0,67.0,2.57,37,2.5,58,3.58,34,80,0.4,32.5201916495551
Gegard Mousasi,74.0,185.0,76.0,3.75,50,1.21,68,1.59,60,59,1.1,41.097878165639976
Fazlo Mulabitinovic,70.0,135.0,72.0,0.54,16,0.0,100,0.0,0,0,8.0,39.59753593429158
Quinn Mulhern,75.0,155.0,72.0,1.48,28,2.09,51,1.36,20,33,0.0,41.960301163586585
Belal Muhammad,71.0,170.0,72.0,4.36,42,3.92,55,1.98,35,90,0.1,38.16016427104723
Jamie Moyle,61.0,115.0,65.0,4.51,51,4.0,65,1.0,21,50,0.0,37.47296372347707
Garrett Mueller,69.0,135.0,72.0,0.0,0,0.0,0,0.0,0,0,0.0,37.60164271047228
Askar Mozharov,75.0,205.0,74.0,0.43,18,4.07,13,0.0,0,33,0.0,31.863107460643395
Lauren Mueller,65.0,125.0,67.0,4.08,41,3.77,58,0.7,50,71,0.0,34.809034907597535
Melissa Mullins,67.0,135.0,68.0,3.67,49,4.15,53,2.2,46,85,0.0,35.123887748117724
Ananias Mulumba,66.0,145.0,70.0,6.1,44,5.96,52,0.0,0,100,2.1,27.967145790554415
James Mulheron,70.0,243.0,73.0,2.4,31,3.47,42,0.0,0,25,0.0,38.54346338124572
Jamie Mullarkey,72.0,155.0,74.0,4.1,46,4.28,54,2.46,30,70,0.1,32.054757015742645
Jim Mullen,73.0,215.0,72.0,0.0,0,0.0,0,0.0,0,0,0.0,39.59753593429158
Alexander Munoz,69.0,155.0,72.0,3.7,42,4.73,55,3.0,40,100,0.0,36.52292950034223
Olivier Murad,70.0,145.0,72.0,2.6,36,2.2,61,1.0,100,55,0.0,32.709103353867214
Andy Murad,69.0,185.0,72.0,2.6,76,2.87,32,1.0,20,42,0.0,39.59753593429158
Johnny Munoz,69.0,135.0,71.0,2.44,36,2.66,55,2.4,25,45,1.8,33.5523613963039
Andre Muniz,73.0,185.0,78.0,2.08,48,2.46,51,3.98,48,35,1.1,36.550308008213555
Pedro Munhoz,66.0,135.0,65.0,5.38,41,6.29,55,0.48,16,82,0.5,39.997262149212865
Mark Munoz,72.0,185.0,71.0,3.12,51,2.26,57,3.17,29,57,0.6,48.57221081451061
Ryuichi Murata,68.0,183.0,72.0,0.84,36,1.89,50,4.74,50,100,3.2,50.026009582477755
Kanako Murata,61.0,115.0,62.0,2.15,56,2.4,53,3.38,56,100,0.8,33.073237508555785
Kazunari Murakami,73.0,220.0,72.0,0.0,0,0.0,0,0.0,0,0,0.0,52.76933607118412
Makhmud Muradov,74.0,185.0,75.0,4.21,43,2.57,61,3.03,66,77,0.2,36.57494866529774
Ian Murphy,73.0,185.0,72.0,0.0,0,1.93,30,4.13,100,0,0.0,41.229295003422315
Ailiya Muratbek,70.0,155.0,72.0,0.0,0,0.0,0,0.0,0,0,0.0,39.59753593429158
Kasib Murdoch,64.0,135.0,65.0,5.38,63,1.45,47,6.54,46,0,1.1,25.311430527036276
Tom Murphy,74.0,227.0,72.0,2.5,71,0.17,84,7.51,85,0,2.5,51.79739904175222
Vince Murdock,66.0,145.0,64.0,1.21,21,7.17,40,0.0,0,0,0.0,35.46338124572211
Samandar Murodov,73.0,170.0,75.0,1.5,75,0.5,44,6.01,66,0,1.5,27.025325119780973
Lee Murray,75.0,185.0,72.0,0.36,15,3.28,32,0.9,100,42,1.8,48.982888432580424
Jon Murphy,75.0,260.0,72.0,3.93,66,8.85,43,0.0,0,0,0.0,49.07597535934291
Patrick Murphy,72.0,170.0,72.0,3.4,66,0.8,42,0.0,0,50,1.0,39.59753593429158
Lerone Murphy,69.0,145.0,73.0,4.34,51,2.65,60,1.2,54,44,0.5,35.12662559890486
Lauren Murphy,65.0,125.0,67.0,3.94,38,5.19,56,1.09,24,67,0.2,43.1129363449692
Max Mustaki,72.0,155.0,72.0,8.2,50,13.0,45,0.0,0,0,0.0,38.83093771389459
Magomed Mustafaev,68.0,155.0,71.0,2.59,58,2.68,41,3.31,50,23,0.4,38.09445585215606
Fiona Muxlow,64.0,145.0,72.0,1.44,27,5.45,34,0.0,0,0,0.0,49.31690622861054
Khalid Murtazaliev,72.0,185.0,76.0,4.8,69,0.4,78,7.5,100,33,0.0,33.14442162902122
Jesse Murray,75.0,205.0,78.0,2.38,28,7.72,43,0.0,0,0,0.0,33.609856262833674
Tofiq Musayev,69.0,155.0,69.0,2.86,43,2.79,48,1.57,50,57,0.0,36.72553045859001
Josias Musasa,68.0,135.0,74.0,3.19,45,4.39,36,0.9,50,81,0.5,27.906913073237508
Azamat Murzakanov,70.0,205.0,71.0,4.4,56,3.2,56,0.68,20,88,0.2,37.40177960301163
Ho Bae Myeon,71.0,168.0,72.0,3.16,16,3.16,83,0.0,0,0,0.0,39.846680355920604
Elvis Mutapcic,72.0,185.0,72.0,3.41,40,4.27,38,0.0,0,81,0.0,40.134154688569474
Nicholas Musoke,72.0,170.0,75.0,3.56,35,3.8,57,1.16,19,82,0.2,40.421629021218344
Andre Mussi,75.0,242.0,72.0,0.0,0,10.59,35,0.0,0,0,0.0,39.59753593429158
Maurice Eazel,67.0,135.0,72.0,0.0,0,0.0,0,0.0,0,0,0.0,39.59753593429158
Ross Ebanez,69.0,154.0,72.0,0.74,50,0.74,62,3.7,100,0,0.0,51.304585900068446
Mike Easton,66.0,135.0,70.0,3.51,37,4.28,61,0.75,22,66,0.0,42.614647501711154
Marvin Eastman,69.0,185.0,73.0,2.21,35,3.92,42,1.38,33,81,0.0,55.24709103353867
Ben Earwood,68.0,170.0,72.0,0.5,55,0.2,33,3.0,100,0,0.0,39.59753593429158
Cody East,75.0,245.0,72.0,4.15,43,7.32,40,3.97,100,16,0.0,38.18754277891855
Vincent Eazelle,71.0,155.0,72.0,0.0,0,0.0,0,0.0,0,0,0.0,45.74674880219028
Brian Ebersole,72.0,170.0,73.0,2.32,49,2.14,56,1.7,23,61,0.1,45.7741273100616
Roybert Echeverria,65.0,125.0,67.0,2.95,53,2.52,57,0.0,0,71,2.6,31.044490075290895
Mark Eddiva,68.0,145.0,68.0,3.37,45,2.98,54,1.45,22,63,0.0,40.55304585900068
Frankie Edgar,66.0,135.0,68.0,3.77,40,2.82,65,2.29,31,65,0.3,44.889801505817935
Abdul-Kerim Edilov,74.0,205.0,72.0,10.22,61,0.13,92,3.98,100,0,2.0,34.78165639972622
Johnny Eduardo,67.0,135.0,71.0,2.95,39,3.22,63,0.22,20,58,0.4,48.09308692676249
Yves Edwards,69.0,155.0,73.0,2.91,42,2.34,66,0.76,53,69,0.7,49.93292265571527
Te Edwards,68.0,155.0,72.0,1.5,41,4.15,44,0.72,100,44,0.0,35.98631074606434
Justin Edwards,70.0,155.0,70.0,2.68,42,3.32,51,2.14,26,27,1.0,43.611225188227245
Leon Edwards,74.0,170.0,74.0,2.6,54,2.44,52,1.25,37,63,0.4,35.03353867214237
Christian Edwards,77.0,205.0,78.0,2.4,50,2.4,55,0.0,0,0,0.0,27.835728952772072
Joselyne Edwards,68.0,135.0,70.0,4.61,53,3.26,50,1.29,36,62,0.6,30.937713894592743
Adli Edwards,70.0,145.0,72.0,0.0,0,0.0,0,0.0,0,0,0.0,37.02395619438741
Tom Egan,71.0,170.0,72.0,0.0,0,3.91,50,0.0,0,28,0.0,39.59753593429158
Stephanie Egger,66.0,135.0,68.0,2.2,46,2.48,52,2.48,42,50,0.6,38.06707734428473
Jon Olav Einemo,78.0,253.0,72.0,2.15,52,3.05,52,1.73,55,43,0.0,50.74058863791923
Per Eklund,70.0,155.0,72.0,2.07,61,2.38,67,2.07,11,50,3.6,45.81519507186858
Justin Eilers,73.0,235.0,72.0,2.86,43,5.66,49,0.82,25,50,0.0,48.19164955509925
Billy Elekana,75.0,205.0,77.0,2.71,56,3.59,46,0.85,22,0,0.8,31.277207392197127
John Paul Elias,76.0,205.0,72.0,0.0,0,0.0,0,0.0,0,0,0.0,39.59753593429158
John Elam,70.0,155.0,72.0,0.0,0,0.0,0,0.0,0,0,0.0,39.59753593429158
Evan Elder,70.0,155.0,72.0,5.66,50,4.94,57,0.48,15,40,0.5,29.404517453798768
Darren Elkins,70.0,145.0,71.0,3.39,38,3.34,51,2.86,33,56,1.1,42.30800821355236
Saul Elizondo,67.0,135.0,72.0,2.07,30,4.93,48,2.0,100,66,1.0,41.138945927446954
Joao Elias,63.0,125.0,64.0,0.4,50,6.47,20,0.0,0,50,0.0,31.66050650239562
Jake Ellenberger,69.0,170.0,71.0,2.47,39,2.83,60,2.04,47,86,0.4,41.44284736481862
Joe Ellenberger,69.0,155.0,72.0,1.62,47,3.45,48,3.17,40,0,1.1,41.44284736481862
Oban Elliott,72.0,170.0,72.0,3.62,48,2.36,60,1.48,38,52,0.0,28.71457905544148
Tim Elliott,67.0,125.0,66.0,3.51,43,3.0,56,3.61,45,59,1.1,39.7015742642026
Elisha Ellison,72.0,238.0,78.0,3.61,38,15.79,33,0.0,0,100,0.0,29.505817932922657
Eddy Ellis,69.0,170.0,72.0,3.4,69,1.53,68,4.0,66,50,2.0,43.167693360711844
Lisa Ellis,64.0,115.0,72.0,1.68,48,2.32,57,4.19,63,50,0.6,43.80835044490075
Ezra Elliott,69.0,145.0,72.0,0.4,54,0.47,65,12.0,66,100,3.0,26.302532511978097
Anna Elmose,63.0,115.0,72.0,3.68,49,4.64,56,0.0,0,33,0.0,41.91649555099247
Cameron Else,69.0,135.0,71.0,1.99,40,8.09,51,0.0,0,0,0.0,39.36208076659822
Sovannahry Em,64.0,135.0,72.0,0.0,0,0.0,0,0.0,0,0,0.0,34.195756331279945
Aaron Ely,68.0,135.0,72.0,0.82,15,0.66,69,2.47,100,50,4.9,37.47022587268994
Ramazan Emeev,70.0,170.0,76.0,2.53,45,2.14,65,2.37,29,66,0.7,39.290896646132786
Aleksander Emelianenko,78.0,255.0,72.0,2.75,41,1.7,65,2.32,72,66,0.9,45.09514031485284
Fedor Emelianenko,72.0,230.0,74.0,3.18,51,1.0,63,2.0,63,82,1.9,49.93839835728953
Jamall Emmers,70.0,145.0,74.0,5.1,49,3.92,57,2.59,53,81,0.3,37.11978097193703
Rob Emerson,69.0,155.0,70.0,2.5,30,2.83,64,2.02,52,65,0.4,45.10335386721424
Josh Emmett,66.0,145.0,70.0,3.67,35,4.52,59,1.07,36,43,0.1,41.50855578370979
Kevin Engel,74.0,170.0,72.0,0.0,0,0.0,0,0.0,0,0,0.0,39.59753593429158
Marius Enache,71.0,155.0,72.0,1.71,34,0.66,84,3.94,100,0,3.9,50.8911704312115
Alex Enlund,70.0,145.0,72.0,0.0,0,0.0,0,0.0,0,0,0.0,39.279945242984255
Kolton Englund,70.0,155.0,69.0,2.31,25,11.54,40,0.0,0,0,0.0,33.16084873374401
Oliver Enkamp,72.0,170.0,77.0,2.38,36,3.55,37,0.87,16,0,0.0,35.07460643394935
Kenny Ento,74.0,192.0,72.0,8.41,79,0.0,100,5.49,100,0,11.0,39.59753593429158
Abdellah Er-Ramy,72.0,185.0,74.0,0.0,0,8.4,0,0.0,0,0,0.0,29.963039014373717
Ian Entwistle,65.0,135.0,72.0,0.11,7,7.36,31,0.0,0,0,12.1,39.79739904175222
Steve Erceg,68.0,125.0,68.0,4.56,46,4.14,55,1.09,27,67,0.4,31.1129363449692
Won Jin Eoh,67.0,160.0,72.0,3.74,44,3.58,46,0.0,0,50,0.0,39.59753593429158
Ivan Erslan,74.0,205.0,72.0,2.53,49,4.57,54,0.93,37,70,0.0,34.809034907597535
Andy Enz,75.0,185.0,78.0,3.51,23,5.32,57,0.0,0,58,0.0,35.06091718001369
Josh Epps,70.0,130.0,72.0,0.0,0,0.0,0,0.0,0,0,0.0,40.03832991101985
Yuji Ephoevi-Ga,72.0,155.0,75.0,2.67,71,2.6,44,0.0,0,60,0.0,26.882956878850102
Jarno Errens,71.0,145.0,73.0,3.29,44,3.29,61,0.0,0,33,0.3,31.802874743326488
Julian Erosa,73.0,145.0,74.0,6.18,48,6.31,48,1.73,43,61,0.7,37.100616016427104
Konstantin Erokhin,71.0,230.0,72.0,1.07,36,1.83,47,0.0,0,70,0.0,43.59753593429158
Tom Erikson,75.0,280.0,72.0,0.94,47,1.87,25,4.68,60,100,6.2,62.168377823408626
Fabrizio Escarrega,69.0,155.0,74.0,0.0,0,0.0,0,0.0,0,0,0.0,28.54757015742642
Eric Esch,71.0,350.0,72.0,3.07,71,1.74,43,0.0,0,0,2.0,58.091718001368925
Chel Erwin-Davis,72.0,170.0,72.0,4.06,54,1.13,61,4.25,100,50,1.4,39.59753593429158
Bobby Escalante,70.0,130.0,72.0,0.0,0,0.0,0,0.0,0,0,0.0,39.59753593429158
Nick Ertl,69.0,155.0,72.0,1.34,69,1.59,41,1.88,50,0,0.0,57.85352498288843
Cole Escovedo,67.0,135.0,72.0,1.77,43,4.32,49,0.43,33,13,0.0,45.01848049281314
Efrain Escudero,69.0,155.0,71.0,2.92,44,2.3,63,1.31,40,66,0.8,40.64065708418891
Evan Esguerra,70.0,145.0,72.0,0.0,0,0.0,0,0.0,0,0,0.0,48.15058179329227
Pro Escobedo,70.0,205.0,72.0,0.0,0,0.0,0,0.0,0,0,0.0,39.59753593429158
Juan Espino,75.0,255.0,80.0,2.38,70,1.95,40,8.93,78,50,2.4,45.908281998631075
Jordan Espinosa,66.0,125.0,69.0,4.22,52,2.94,57,0.75,28,70,0.2,36.82683093771389
Carla Esparza,61.0,115.0,63.0,2.19,39,2.87,54,3.28,36,47,0.3,38.90759753593429
Achilles Estremadura,70.0,155.0,68.0,3.2,43,3.27,70,0.0,0,0,0.0,34.48870636550308
Jodie Esquibel,61.0,115.0,64.0,4.1,31,7.37,52,0.75,21,83,0.0,40.33401779603012
Rafael Estevam,68.0,135.0,69.0,2.4,39,3.9,45,4.91,33,66,0.2,30.072553045859
Shaun Etchell,67.0,125.0,68.0,0.0,0,0.0,0,4.37,100,100,0.0,33.086926762491444
Scott Ettling,70.0,135.0,72.0,0.0,0,0.54,83,8.04,100,0,0.0,39.59753593429158
Salhahuddin Everett,70.0,185.0,72.0,0.0,0,0.0,0,0.0,0,0,0.0,39.59753593429158
Fred Ettish,72.0,180.0,72.0,0.0,0,0.0,0,0.0,0,0,0.0,70.90212183436003
Sijara Eubanks,64.0,125.0,67.0,4.3,43,3.43,57,1.9,44,66,0.3,41.360711841204655
Terry Etim,73.0,155.0,73.0,2.16,35,2.53,67,0.43,30,39,1.4,40.65160848733744
Ashlee Evans-Smith,68.0,135.0,67.0,4.03,34,4.59,53,0.95,22,50,0.0,39.162217659137575
Billy Evangelista,68.0,155.0,68.0,4.51,40,3.96,61,1.6,19,61,0.2,45.91375770020534
Doug Evans,69.0,155.0,72.0,1.79,35,2.55,55,3.19,83,69,0.6,45.90554414784394
Rashad Evans,72.0,205.0,75.0,2.14,37,2.42,63,2.98,44,73,0.0,46.94866529774127
Neal Ewing,70.0,185.0,72.0,2.27,60,1.93,48,5.0,62,0,0.0,40.93360711841205
Chris Ewert,72.0,185.0,75.0,3.4,37,4.33,50,0.0,0,42,0.0,32.99931553730322
Dan Evensen,75.0,250.0,72.0,0.27,10,3.86,38,0.0,0,0,4.0,52.26557152635181
Tonya Evinger,67.0,135.0,70.0,1.16,42,4.02,38,0.93,30,33,0.9,45.256673511293634
Movsar Evloev,67.0,145.0,72.0,3.91,47,2.8,61,4.78,52,61,0.2,32.56673511293634
Edward Faaloloto,70.0,155.0,70.0,2.28,32,6.25,44,1.01,25,33,0.0,42.143737166324435
Jessica Eye,66.0,125.0,66.0,3.86,37,4.19,55,0.58,40,57,0.5,40.11225188227242
Melinda Fabian,66.0,125.0,66.0,4.03,41,4.0,62,0.0,0,100,0.0,39.200547570157426
Wagnney Fabiano,66.0,145.0,69.0,1.19,38,0.66,70,3.44,64,100,0.4,51.148528405201915
Urijah Faber,66.0,135.0,67.0,2.65,40,2.59,64,1.54,30,58,0.8,47.31553730321698
Ethyn Ewing,66.0,135.0,69.0,7.44,55,4.53,63,1.68,60,100,0.0,30.546201232032853
Manuel Exposito,67.0,145.0,68.0,2.53,27,9.73,34,2.0,40,100,0.0,26.327173169062284
Andre Ewell,68.0,145.0,75.0,4.28,40,4.87,51,0.36,75,72,0.1,38.625598904859686
Maiquel Falcao,71.0,185.0,72.0,1.67,55,0.53,86,1.0,100,71,3.0,45.497604380561256
Jason Fairn,73.0,230.0,72.0,0.0,0,0.0,0,0.0,0,0,0.0,39.59753593429158
Ron Faircloth,69.0,205.0,72.0,0.39,40,8.9,42,0.0,0,0,0.0,47.058179329226554
Bartosz Fabinski,72.0,170.0,75.0,2.23,68,1.46,51,7.1,70,80,0.0,40.36413415468857
Joao Paulo Faria,69.0,155.0,72.0,6.69,64,2.09,85,1.25,50,0,1.2,39.59753593429158
Brodie Farber,73.0,170.0,72.0,1.69,45,2.17,53,0.9,50,20,0.9,46.171115674195754
Zarah Fairn,68.0,135.0,72.0,4.55,31,7.4,45,0.0,0,60,0.0,42.74058863791923
Rinat Fakhretdinov,72.0,170.0,74.0,5.03,52,3.61,54,3.91,34,91,0.2,34.940451745379875
Pedro Falcao,66.0,135.0,66.0,3.21,48,3.39,50,2.73,25,66,0.0,34.10266940451746
Jair Farias,73.0,145.0,76.0,3.8,39,5.33,51,0.0,0,41,0.0,33.4757015742642
Chance Farrar,69.0,145.0,72.0,0.81,22,2.21,67,3.02,100,0,0.0,50.98699520876112
Rico Farrington,76.0,170.0,79.0,6.33,41,7.2,51,0.0,0,20,0.0,37.215605749486656
Kalindra Faria,67.0,125.0,72.0,2.23,56,1.44,45,1.31,66,20,0.7,40.12320328542094
Kelly Faszholz,68.0,135.0,72.0,4.01,48,3.61,52,0.0,0,44,0.0,41.40999315537303
Rodney Faverus,72.0,215.0,72.0,2.3,53,1.6,54,4.5,100,25,0.0,51.67419575633128
Namo Fazil,70.0,170.0,72.0,0.0,0,0.0,0,0.0,0,0,0.0,29.853524982888434
Paul Felder,71.0,155.0,70.0,3.7,44,3.44,48,0.29,28,64,0.2,42.365503080082135
JP Felty,70.0,170.0,72.0,0.0,0,0.0,0,0.0,0,0,0.0,47.35934291581109
Carlos Felipe,72.0,245.0,75.0,4.88,45,5.6,50,0.0,0,72,0.0,31.64955509924709
Feng Pengchao,70.0,135.0,72.0,0.0,0,0.0,0,0.0,0,0,0.0,39.59753593429158
Rhadi Ferguson,67.0,205.0,72.0,0.0,0,0.0,0,0.0,0,0,0.0,39.59753593429158
Feng Xiaocan,66.0,115.0,67.0,4.3,49,1.67,66,0.67,100,63,0.0,24.859685147159478
Kevin Ferguson,74.0,235.0,77.0,2.3,50,3.41,38,3.1,72,36,1.2,52.57494866529774
Kaue Fernandes,69.0,155.0,73.0,4.28,55,1.42,62,1.18,100,76,0.0,31.474332648870636
Gabriella Fernandes,66.0,125.0,66.0,3.51,46,5.31,53,0.42,18,68,0.2,33.06502395619439
Emily Fernandez,70.0,155.0,72.0,0.0,0,0.0,0,0.0,0,0,0.0,39.59753593429158
Josh Ferguson,65.0,125.0,72.0,2.13,43,4.18,32,0.59,11,54,0.0,38.31622176591376
CJ Fernandes,74.0,170.0,72.0,0.0,0,0.0,0,0.0,0,0,0.0,48.813141683778234
Bibiano Fernandes,67.0,139.0,72.0,2.91,40,2.02,72,3.97,53,77,0.6,46.43668720054757
Tony Ferguson,71.0,170.0,76.0,4.91,45,4.37,55,0.39,35,66,0.9,42.56536618754278
Luke Fernandez,73.0,205.0,76.0,8.14,58,10.17,36,0.0,0,0,0.0,31.189596167008897
Lucas Fernando,75.0,205.0,80.0,1.87,51,4.73,38,3.0,30,0,1.0,29.65366187542779
Alexandre Ferreira,67.0,205.0,72.0,2.57,60,8.14,42,0.0,0,0,0.0,47.36755646817249
Cezar Ferreira,73.0,185.0,78.0,1.9,42,2.44,53,2.69,53,84,0.5,41.555099247091036
Timo Feucht,75.0,205.0,79.0,0.0,0,0.0,0,0.0,0,0,0.0,30.633812457221083
Erisson Ferreira,66.0,125.0,70.0,1.75,32,2.75,56,1.11,100,66,1.7,35.34565366187543
Diego Ferreira,69.0,155.0,74.0,4.95,40,3.58,57,1.08,33,58,0.5,41.63175906913073
Brunno Ferreira,70.0,185.0,72.0,3.27,49,3.75,51,1.0,22,50,0.6,33.83709787816564
Scott Ferrozzo,71.0,323.0,72.0,0.0,0,0.0,0,0.0,0,0,0.0,61.36344969199179
Ron Fields,74.0,200.0,72.0,0.33,33,2.64,11,0.0,0,0,0.0,51.800136892539356
Andre Fialho,72.0,170.0,74.0,3.3,41,6.26,45,0.25,100,66,0.0,32.41615331964408
Scott Fiedler,76.0,235.0,72.0,0.0,0,0.0,0,0.0,0,0,0.0,39.59753593429158
Michal Figlak,70.0,155.0,70.0,4.0,39,4.93,52,0.5,12,57,0.0,30.05886379192334
Francisco Figueiredo,66.0,125.0,68.0,2.04,61,2.59,61,2.51,75,76,0.4,36.87063655030801
Anthony Figueroa,64.0,135.0,72.0,2.37,48,3.77,49,0.0,0,58,0.0,39.59753593429158
Drew Fickett,70.0,155.0,70.0,2.33,41,2.29,57,1.3,35,30,2.2,46.729637234770706
Jonathan Figueroa,70.0,185.0,72.0,0.0,0,0.0,0,0.0,0,0,0.0,31.583846680355922
Edwin Figueroa,67.0,135.0,69.0,2.57,39,3.06,51,0.2,100,37,0.6,42.09993155373032
Deiveson Figueiredo,65.0,135.0,68.0,2.57,53,3.43,49,1.61,34,57,1.2,38.718685831622174
Paulo Filho,68.0,185.0,72.0,1.86,48,1.67,66,2.4,32,42,1.6,48.28747433264887
Bryanna Fissori,64.0,145.0,72.0,1.4,46,1.2,57,2.0,25,50,0.0,39.59753593429158
Chris Fishgold,68.0,145.0,68.0,2.01,32,2.7,46,2.59,46,44,1.3,34.25051334702259
Jan Finney,68.0,135.0,72.0,2.16,28,8.75,42,0.77,11,25,0.0,46.38466803559206
Jesse Finney,72.0,170.0,72.0,0.0,0,0.0,0,0.0,0,0,0.0,52.15605749486653
Torrez Finney,68.0,185.0,75.0,1.78,54,3.34,40,6.86,59,75,0.8,27.86858316221766
Luigi Fioravanti,68.0,170.0,70.0,2.23,42,2.21,69,3.76,63,67,0.9,45.620807665982205
Mirko Filipovic,74.0,230.0,73.0,2.11,50,1.89,63,0.19,40,78,0.3,51.98904859685147
Nick Fiore,70.0,155.0,72.0,2.83,46,7.93,42,2.5,45,71,0.0,28.739219712525667
Brady Fink,72.0,183.0,72.0,1.69,41,1.69,61,3.63,25,0,3.6,45.28952772073922
Manon Fiorot,67.0,125.0,65.0,5.66,42,3.58,66,1.05,29,87,0.0,36.550308008213555
Jafel Filho,67.0,125.0,68.0,1.78,40,1.76,50,2.4,47,50,1.8,33.3388090349076
Luiz Firmino,66.0,154.0,72.0,1.23,50,1.22,51,3.86,45,20,0.9,44.47091033538672
Spencer Fisher,67.0,155.0,68.0,3.17,43,3.03,64,0.67,30,60,0.8,50.327173169062284
Andre Fili,71.0,145.0,74.0,3.89,37,4.55,49,2.24,46,71,0.2,36.199863107460644
Isi Fitikefu,70.0,205.0,72.0,0.0,0,0.0,0,0.0,0,0,0.0,39.59753593429158
Jon Fitch,72.0,170.0,74.0,2.61,50,1.65,54,3.6,51,56,0.8,48.53114305270363
Colin Fletcher,74.0,155.0,72.0,3.1,34,2.97,62,0.0,0,27,0.0,43.66050650239562
Rafael Fiziev,68.0,155.0,71.0,4.71,52,4.81,50,1.0,71,90,0.0,33.50581793292265
Nathan Fletcher,67.0,135.0,70.0,3.41,59,2.16,57,3.37,38,50,0.7,28.673511293634498
AJ Fletcher,70.0,170.0,67.0,3.36,49,4.61,46,1.54,35,33,0.9,29.54688569472964
Alejandro Flores,70.0,145.0,73.0,3.66,40,2.02,54,0.0,0,0,0.0,35.08555783709788
Ty Flores,75.0,205.0,73.0,2.0,37,7.8,25,1.0,9,0,0.0,32.70636550308008
Luke Flores,72.0,155.0,73.0,1.56,44,1.88,60,0.0,0,40,1.2,38.47227926078029
Darrius Flowers,69.0,155.0,71.0,3.13,50,5.35,42,1.65,44,66,0.4,32.03285420944559
Jimmy Flick,67.0,125.0,68.0,1.67,50,4.7,43,2.36,33,0,3.5,35.997262149212865
Kenny Florian,70.0,145.0,74.0,2.41,40,1.85,63,2.22,33,60,1.3,50.280629705681044
Cody Floyd,70.0,155.0,72.0,0.0,0,0.0,0,0.0,0,0,0.0,38.13552361396304
Caros Fodor,69.0,155.0,74.0,2.76,54,2.83,54,2.1,25,50,0.0,42.66392881587954
Mal Foki,67.0,220.0,72.0,2.86,14,14.29,54,0.0,0,0,0.0,50.47501711156742
Matt Foki,67.0,220.0,72.0,0.0,0,3.37,56,0.0,0,0,0.0,50.47501711156742
Claudionor Fontinelle,65.0,185.0,72.0,2.62,42,10.25,28,0.0,0,0,0.0,39.59753593429158
Bobby Flynn,70.0,170.0,72.0,0.38,25,0.77,0,0.0,0,0,0.0,39.59753593429158
AJ Fonseca,64.0,145.0,72.0,0.0,0,0.0,0,0.0,0,0,0.0,39.59753593429158
Rob Font,68.0,135.0,71.0,5.11,45,3.53,57,0.7,29,37,0.3,39.200547570157426
Codale Ford,69.0,170.0,72.0,0.0,0,0.0,0,0.0,0,0,0.0,47.318275154004105
Raheam Forest,71.0,170.0,73.0,5.32,38,12.15,42,0.0,0,0,0.0,29.155373032169745
Sterling Ford,70.0,155.0,72.0,0.0,0,0.0,0,0.0,0,0,0.0,40.48733744010951
Jesse Forbes,74.0,185.0,75.0,2.11,24,4.06,53,1.79,75,66,1.2,41.86721423682409
Carol Foro,62.0,115.0,61.0,7.43,57,5.7,55,0.0,0,77,0.0,29.462012320328544
Jussier Formiga,65.0,125.0,67.0,1.42,39,2.34,64,1.82,35,87,0.6,41.39630390143737
Renee Forte,67.0,155.0,71.0,2.08,32,2.12,63,2.32,58,66,0.0,39.44695414099932
Marcel Fortuna,73.0,205.0,74.0,3.83,46,4.52,64,0.45,8,75,0.5,40.87337440109514
Brianna Fortino,60.0,115.0,62.0,3.53,41,3.23,57,2.5,45,66,0.0,33.08966461327858
Tyrell Fortune,75.0,259.0,75.0,1.91,49,4.31,50,1.72,42,100,0.0,36.17522245037645
Brian Foster,69.0,170.0,71.0,3.3,39,1.63,65,3.67,60,37,1.8,42.42573579739904
Mason Fowler,71.0,170.0,72.0,0.0,0,0.0,0,0.0,0,0,0.0,39.59753593429158
Xavier Foupa-Pokam,73.0,185.0,72.0,1.47,43,2.5,49,0.0,0,16,0.0,44.17796030116359
Brandon Foxworth,71.0,145.0,72.0,1.33,32,4.59,50,0.0,0,0,0.0,47.35934291581109
Glaico Franca Moreira,72.0,155.0,77.0,2.35,42,3.46,47,2.68,42,76,0.3,35.520876112251884
Francisco France,72.0,205.0,72.0,0.54,33,3.51,27,0.0,0,0,6.1,43.624914442162904
Hermes Franca,66.0,155.0,71.0,1.78,39,2.85,55,1.53,36,37,2.4,52.030116358658454
Stephanie Frausto,62.0,115.0,61.0,1.43,21,3.57,60,0.0,0,0,0.0,35.96167008898015
Zoila Frausto,64.0,135.0,72.0,0.77,31,1.64,53,0.0,0,57,0.0,42.74058863791923
Xavier Franklin,66.0,135.0,66.0,3.07,33,5.27,50,0.0,0,100,0.0,29.89185489390828
John Franchi,66.0,145.0,67.0,1.83,48,2.59,48,2.68,80,40,0.3,44.14236824093087
Felipe Franco,73.0,205.0,76.0,2.55,57,2.39,43,3.7,40,87,0.0,25.620807665982205
Zane Frazier,77.0,250.0,72.0,0.0,0,0.0,0,0.0,0,0,0.0,39.59753593429158
Gary Frazier,72.0,245.0,72.0,1.5,39,2.77,46,0.0,0,100,0.0,38.43394934976044
Rich Franklin,73.0,185.0,76.0,4.1,44,2.07,62,1.31,66,63,0.7,51.92060232717317
Justin Frazier,72.0,265.0,75.0,1.11,66,6.11,4,0.0,0,0,0.0,37.22655715263518
Jason Freeman,74.0,225.0,72.0,0.0,0,0.0,0,0.0,0,0,0.0,50.00958247775496
Kennedy Freeman,70.0,125.0,72.0,0.0,0,0.0,0,0.0,0,0,0.0,29.776865160848732
Denzel Freeman,73.0,265.0,77.0,2.45,56,3.4,50,0.0,0,50,0.0,34.822724161533195
Ian Freeman,71.0,225.0,72.0,2.54,48,3.11,44,1.44,40,80,0.7,59.82203969883641
Willamy Freire,68.0,155.0,72.0,1.53,37,0.93,62,0.5,100,73,0.0,39.110198494182065
Patricky Freire,67.0,155.0,71.0,3.06,44,3.34,69,1.26,33,100,0.0,40.26557152635181
Rafael Freitas,70.0,205.0,72.0,2.0,29,8.0,51,11.25,50,0,0.0,39.59753593429158
Jeremy  Freitag,73.0,205.0,72.0,0.0,0,8.37,19,0.0,0,33,1.9,39.59753593429158
Jinh Yu Frey,63.0,115.0,65.0,2.97,43,4.23,52,1.02,36,90,0.3,41.29774127310061
Clay French,67.0,161.0,72.0,1.52,50,1.27,16,0.0,0,100,0.0,45.91375770020534
Donavon Frelow,67.0,135.0,72.0,2.4,27,3.2,52,1.0,100,26,0.0,41.62628336755647
Josh Fremd,76.0,185.0,76.0,2.52,44,2.23,47,0.66,25,30,1.1,32.64065708418891
Mike French,70.0,145.0,72.0,0.23,23,2.17,42,0.0,0,22,1.0,51.27446954140999
Allen Frye Jr.,77.0,265.0,80.0,2.2,38,4.27,36,0.0,0,0,0.0,28.39425051334702
Don Frye,73.0,219.0,72.0,2.87,64,3.57,37,0.91,57,45,0.7,60.785763175906915
Adam Fugitt,73.0,170.0,77.0,4.88,46,5.33,51,1.63,22,50,0.0,37.648186173853524
Tony Fryklund,72.0,185.0,72.0,3.49,39,6.5,43,0.0,0,66,0.5,55.449691991786445
Artem Frolov,70.0,185.0,72.0,0.0,0,0.0,0,0.0,0,0,0.0,34.997946611909654
Matt Frevola,69.0,155.0,71.0,3.3,39,3.76,56,2.34,41,40,0.8,36.238193018480494
Sarah Frota,66.0,125.0,69.0,4.52,52,2.57,55,0.0,0,53,0.0,39.397672826830934
Daniel Frunza,73.0,170.0,73.0,3.25,38,4.32,50,0.0,0,50,0.0,32.39972621492129
Megumi Fujii,63.0,113.0,72.0,2.4,42,0.0,100,0.0,0,0,12.0,52.36413415468857
Keisuke Fujiwara,66.0,139.0,72.0,0.73,44,1.2,47,0.0,0,23,2.5,43.969883641341546
Kazuyuki Fujita,72.0,235.0,72.0,1.05,49,1.99,52,2.78,36,85,0.6,55.89048596851472
Katsuhisa Fujii,72.0,205.0,72.0,4.0,50,4.43,64,2.14,25,50,2.1,54.05886379192334
Jesse Fujarczyk,76.0,225.0,72.0,1.03,33,4.91,38,0.0,0,25,0.0,43.605749486652975
Machi Fukuda,60.0,115.0,61.0,2.03,60,1.16,50,19.61,90,100,0.0,23.260780287474333
Riki Fukuda,72.0,185.0,73.0,4.24,43,3.71,64,2.17,43,70,0.0,45.66461327857632
Masio Fullen,70.0,145.0,70.0,2.46,32,3.5,54,0.47,33,69,0.0,39.917864476386036
Travis Fulton,72.0,240.0,72.0,0.0,0,0.0,0,0.0,0,0,0.0,49.27310061601643
Katsuaki Furuki,72.0,168.0,72.0,0.27,10,2.67,39,0.0,0,0,3.0,45.82067077344285
Sam Fulton,70.0,155.0,72.0,0.0,0,0.0,0,0.0,0,0,0.0,39.59753593429158
Masakatsu Funaki,72.0,185.0,72.0,1.82,68,2.92,35,0.0,0,0,5.5,57.4839151266256
Ricardo Funch,70.0,170.0,74.0,2.61,65,3.57,40,1.24,18,60,0.0,46.06160164271047
Gustavo Gabriel,66.0,125.0,72.0,4.06,65,4.26,46,0.0,0,50,0.0,32.43258042436687
James Gabert,70.0,178.0,72.0,0.0,0,0.0,0,0.0,0,0,0.0,39.59753593429158
Claudia Gadelha,64.0,115.0,63.0,3.31,41,4.57,57,3.03,42,58,0.7,37.74674880219028
Alavutdin Gadjiev,74.0,185.0,72.0,0.99,27,0.99,57,0.0,0,50,0.0,44.205338809034906
Magomed Gadzhiyasulov,74.0,205.0,75.0,2.89,49,1.64,62,3.67,73,61,0.0,32.837782340862425
Justin Gaethje,71.0,155.0,70.0,6.29,57,6.83,50,0.3,26,73,0.0,37.80971937029432
Sheila Gaff,65.0,135.0,72.0,1.6,50,2.89,28,0.0,0,20,0.0,36.68720054757016
Muin Gafurov,67.0,135.0,68.0,3.36,47,2.51,55,1.57,28,70,0.0,30.305270362765228
Travis Galbraith,72.0,170.0,72.0,2.21,40,3.45,48,1.33,25,0,1.3,45.30321697467488
Mitch Gagnon,65.0,135.0,65.0,2.76,46,2.21,61,1.16,25,65,1.9,41.90554414784394
Daniel Gallemore,77.0,265.0,72.0,3.1,41,6.0,52,0.0,0,0,0.0,39.59753593429158
Tom Gallicchio,70.0,170.0,72.0,3.53,26,7.07,43,1.0,11,0,0.0,39.95345653661875
Nicholas Galanti,70.0,185.0,72.0,0.0,0,0.0,0,0.0,0,0,0.0,28.21902806297057
Dave Galera,71.0,135.0,72.0,1.67,69,0.53,33,0.0,0,14,2.0,48.648870636550306
Brandon Gaines,75.0,185.0,72.0,0.0,0,0.0,0,0.0,0,0,0.0,44.53114305270363
Zelg Galesic,74.0,185.0,72.0,4.86,62,0.61,66,1.3,100,20,1.3,47.553730321697465
Mickey Gall,74.0,170.0,74.0,3.5,49,4.72,49,1.15,32,37,1.6,34.62286105407255
Manvel Gamburyan,65.0,135.0,67.0,2.13,41,2.83,55,3.26,34,69,0.7,45.3305954825462
Turrell Galloway,63.0,145.0,72.0,0.0,0,0.0,0,0.0,0,0,0.0,50.06981519507187
Eric Galvan,70.0,155.0,72.0,0.0,0,0.0,0,0.0,0,0,0.0,39.59753593429158
Marcos Galvao,67.0,135.0,72.0,1.97,32,3.86,61,2.27,28,88,1.1,45.204654346338124
Andre Galvao,67.0,168.0,72.0,2.34,52,1.56,58,2.02,27,0,2.8,43.937029431895965
Joey Gambino,67.0,145.0,72.0,2.47,35,2.53,51,0.0,0,42,0.8,37.86173853524983
Lucas Gamaza,70.0,170.0,72.0,7.57,31,6.99,45,0.0,0,0,0.0,39.59753593429158
Mateusz Gamrot,70.0,155.0,70.0,3.14,51,2.79,60,5.08,38,76,0.4,35.73716632443532
Shamil Gamzatov,74.0,205.0,76.0,5.35,48,3.46,51,0.0,0,50,0.0,36.0766598220397
Ryan Gandra,73.0,185.0,74.0,11.71,50,2.3,73,0.0,0,100,0.0,31.33196440793977
Ariel Gandulla,71.0,205.0,72.0,1.95,23,2.07,72,1.88,66,0,0.0,58.332648870636554
Sean Gannon,75.0,265.0,72.0,0.0,0,6.38,28,0.0,0,50,0.0,39.59753593429158
Junye Gao,70.0,125.0,72.0,0.0,0,0.0,0,0.0,0,0,0.0,39.59753593429158
Tommy Gantt,71.0,155.0,76.0,2.92,75,0.85,43,11.29,36,100,1.4,33.65639972621492
Ciryl Gane,76.0,247.0,81.0,5.4,61,2.31,60,0.66,23,47,0.6,36.40246406570842
Eduardo Garagorri,69.0,145.0,70.0,3.42,51,2.36,58,0.48,100,61,0.0,37.275838466803556
Cody Garbrandt,68.0,135.0,65.0,2.82,40,3.69,58,0.84,22,81,0.0,35.167693360711844
Alejandro Garcia,67.0,145.0,72.0,1.22,62,1.14,65,8.55,87,66,0.0,45.87816563997262
Edgar Garcia,70.0,170.0,71.0,3.16,29,4.23,60,2.21,57,50,0.6,42.53798767967146
Leonard Garcia,70.0,145.0,68.0,2.77,24,4.79,52,0.3,26,42,0.5,47.148528405201915
Alex Garcia,69.0,170.0,72.0,1.81,31,3.03,59,3.72,52,66,0.1,39.148528405201915
Nick Garcia,64.0,125.0,72.0,0.67,25,3.03,50,0.0,0,83,5.1,39.59753593429158
Elias Garcia,65.0,125.0,67.0,1.59,27,5.05,50,0.68,14,33,1.4,33.97946611909651
Steve Garcia,72.0,145.0,75.0,5.46,48,2.22,59,0.77,40,89,0.4,34.29158110882957
Rafa Garcia,67.0,155.0,70.0,4.28,44,4.42,61,3.22,45,77,0.4,32.087611225188226
Rulon Gardner,75.0,265.0,72.0,2.05,25,1.45,60,0.75,100,100,0.0,55.058179329226554
John Garza,67.0,135.0,68.0,5.47,43,5.73,35,0.0,0,77,0.0,23.852156057494867
David Gardner,71.0,155.0,72.0,0.17,100,0.34,0,0.0,0,66,0.0,49.30595482546201
Fernie Garcia,67.0,135.0,67.0,2.04,34,3.79,48,0.28,50,50,0.6,34.40109514031485
Pablo Garza,73.0,145.0,73.0,3.37,44,2.7,50,0.94,25,15,1.3,42.97330595482546
Magomedrasul Gasanov,70.0,170.0,72.0,0.0,0,0.0,0,0.0,0,0,0.0,31.871321013004792
Brian Gassaway,73.0,170.0,72.0,0.34,26,3.65,44,0.0,0,42,0.0,54.0807665982204
Azamat Gashimov,66.0,125.0,72.0,1.24,21,4.75,53,1.69,25,0,0.0,36.41615331964408
Willie Gates,68.0,125.0,72.0,1.8,38,4.28,38,0.0,0,67,0.4,39.624914442162904
Kelvin Gastelum,69.0,185.0,71.0,3.65,42,3.52,57,1.04,35,60,0.1,34.86926762491444
Sean Gauci,65.0,125.0,64.0,5.07,59,5.8,68,4.0,44,100,0.0,29.913757700205338
Melissa Gatto,65.0,125.0,69.0,3.47,49,2.67,54,1.77,27,58,0.4,30.34633812457221
Louis Gaudinot,63.0,125.0,63.0,2.34,37,6.42,48,0.57,40,31,1.1,42.02327173169062
Ateba Gautier,76.0,185.0,81.0,4.32,43,2.6,54,0.41,100,93,0.0,24.407939767282684
Manuel Gaxhja,68.0,155.0,72.0,0.0,0,0.0,0,0.0,0,0,0.0,29.12251882272416
Paul Georgieff,74.0,170.0,72.0,2.55,40,2.34,35,0.0,0,0,0.0,43.95619438740589
Charlene Gellner,62.0,125.0,72.0,2.01,42,3.24,43,0.0,0,0,1.7,39.59753593429158
Brian Geraghty,67.0,155.0,72.0,0.47,25,9.77,36,0.0,0,50,0.0,45.83709787816564
Derek Getzel,72.0,155.0,72.0,0.0,0,0.0,0,0.0,0,0,0.0,39.59753593429158
Shamil Gaziev,76.0,265.0,78.0,2.94,46,4.92,45,1.06,33,83,0.3,36.56947296372348
Chad George,66.0,135.0,68.0,1.26,50,1.11,65,3.08,46,0,1.3,44.35318275154004
Karine Gevorgyan,64.0,125.0,63.0,1.2,20,1.8,76,0.0,0,0,0.0,37.49486652977413
Yanis Ghemmouri,69.0,135.0,69.0,2.29,38,5.14,35,0.0,0,0,0.0,31.616700889801507
Darrel Gholar,68.0,194.0,72.0,0.0,0,0.0,0,0.0,0,0,0.0,63.83025325119781
Tiki Ghosn,70.0,170.0,72.0,2.78,46,2.94,58,0.41,50,61,0.0,49.57152635181382
Christos Giagos,70.0,155.0,71.0,3.03,41,3.21,50,2.84,36,52,0.4,36.61875427789185
James Giboo,71.0,170.0,72.0,1.2,27,7.08,39,0.0,0,0,0.0,48.6652977412731
Joe Giannetti,72.0,155.0,74.0,1.93,38,2.8,40,1.0,16,0,0.0,31.173169062286107
Lee Gibson,67.0,155.0,72.0,0.0,0,0.0,0,0.0,0,0,0.0,50.21218343600274
Lance Gibson,69.0,185.0,72.0,1.21,75,6.44,20,0.0,0,0,0.0,55.794661190965094
Cody Gibson,70.0,135.0,71.0,3.59,46,3.42,54,2.01,37,68,0.9,38.98699520876112
Kenny Giddens,71.0,155.0,72.0,0.0,0,0.0,0,0.0,0,0,0.0,41.61533196440794
Thomas Gifford,73.0,155.0,75.0,3.97,37,6.45,37,0.5,33,33,0.0,34.11362080766598
Joey Gilbert,71.0,155.0,72.0,0.61,42,4.44,31,0.0,0,0,0.0,50.25325119780972
Joseph Gigliotti,71.0,185.0,72.0,1.04,39,2.92,45,1.56,100,50,0.8,33.06502395619439
Trevin Giles,72.0,170.0,74.0,3.17,54,2.39,58,1.07,50,72,0.3,34.08350444900753
Nick Gibbons,70.0,155.0,72.0,0.0,0,0.0,0,0.0,0,0,0.0,39.59753593429158
Kultar Gill,72.0,154.0,72.0,1.14,50,0.4,41,1.71,66,38,0.0,47.455167693360714
Lance Gibson Jr.,69.0,155.0,72.0,2.4,45,4.24,56,1.67,66,75,0.0,31.592060232717316
Jason Gilliam,72.0,170.0,72.0,0.79,33,3.14,42,0.0,0,0,0.0,53.84804928131417
Gregor Gillespie,67.0,155.0,71.0,3.74,52,2.3,57,6.86,48,100,0.8,39.813826146475016
Micheal Gillmore,71.0,170.0,72.0,2.04,57,3.02,43,0.0,0,50,0.0,39.44421629021218
Chase Gibson,70.0,155.0,72.0,3.13,54,6.4,52,0.0,0,0,0.0,36.577686516084874
Krishaun Gilmore,70.0,155.0,72.0,0.0,0,0.0,0,0.0,0,0,0.0,39.59753593429158
Alex Gilpin,67.0,145.0,72.0,6.8,54,12.29,42,2.17,25,0,2.2,34.4476386036961
Jesse Gillespie,70.0,185.0,72.0,0.0,0,0.0,0,0.0,0,0,0.0,39.59753593429158
Bob Gilstrap,75.0,200.0,72.0,0.0,0,0.0,0,0.0,0,0,0.0,39.59753593429158
Max Gimenis,74.0,256.0,75.0,3.21,42,9.64,47,0.0,0,0,0.0,33.39630390143737
Eperaim Ginting,64.0,135.0,64.0,0.0,0,0.0,100,15.52,100,0,0.0,30.767967145790553
Demetrius Gioulacos,71.0,185.0,72.0,0.0,0,0.0,0,0.0,0,0,0.0,39.59753593429158
Billy Giovanella,68.0,125.0,72.0,1.27,40,2.02,52,0.87,12,100,1.7,41.045859000684466
Israel Giron,68.0,155.0,72.0,0.0,0,0.0,0,0.0,0,0,0.0,52.63791923340178
He-Man Gipson,70.0,155.0,72.0,0.0,0,0.0,0,0.0,0,0,0.0,39.59753593429158
Brandon Girtz,67.0,155.0,72.0,2.5,60,1.92,47,5.76,100,100,0.0,41.503080082135526
Jason Glaza,72.0,230.0,72.0,4.34,54,0.43,40,4.34,100,0,4.3,39.59753593429158
Mike Glenn,70.0,205.0,72.0,0.0,0,0.0,0,0.0,0,0,0.0,48.90896646132786
Ivan Gnizditskiy,70.0,205.0,72.0,0.0,0,0.0,0,0.0,0,0,0.0,30.324435318275153
Ricky Glenn,72.0,170.0,70.0,3.79,42,4.3,51,0.72,13,69,0.4,37.40177960301163
Mark Godbeer,76.0,240.0,77.0,3.97,53,3.3,54,0.0,0,28,0.0,42.789869952087614
Clint Godfrey,66.0,135.0,72.0,0.57,31,0.96,65,0.85,25,50,0.0,43.87679671457906
Loopy Godinez,62.0,115.0,61.0,4.43,49,3.94,62,2.99,42,76,0.8,32.99931553730322
Jason Godsey,74.0,230.0,72.0,0.0,0,0.0,0,0.0,0,0,0.0,62.680355920602324
Allan Goes,72.0,205.0,72.0,0.64,52,1.35,41,1.75,40,0,2.6,55.38124572210815
Amiran Gogoladze,73.0,170.0,74.0,1.64,66,0.82,0,0.0,0,0,0.0,28.7419575633128
Jonny Goh,71.0,155.0,72.0,0.0,0,0.0,0,0.0,0,0,0.0,39.59753593429158
Billy Ray Goff,70.0,170.0,72.0,6.06,46,7.29,51,1.25,11,66,0.0,28.21902806297057
Marcelo Golm,75.0,249.0,75.0,4.27,58,4.3,45,0.45,50,87,0.5,33.973990417522245
Hannah Goldy,64.0,115.0,61.0,5.19,47,4.67,50,0.66,12,54,0.2,34.3025325119781
Denise Gomes,62.0,115.0,63.0,4.43,49,3.16,51,1.45,34,66,0.7,26.68583162217659
Severino Apollo Gomes,70.0,145.0,72.0,0.0,0,0.0,0,0.0,0,0,0.0,26.157426420260094
Sergio Gomez,66.0,155.0,72.0,1.5,42,1.16,56,2.57,66,31,0.0,44.355920602327174
Frank Gomez,70.0,135.0,67.0,1.52,48,0.79,66,1.14,60,70,0.8,40.435318275154
Alan Gomez,70.0,155.0,72.0,0.0,0,0.0,0,0.0,0,0,0.0,39.59753593429158
David Gomez,70.0,155.0,72.0,0.0,0,0.0,0,0.0,0,0,0.0,43.08008213552361
Joey Gomez,70.0,135.0,73.0,2.44,28,4.46,55,0.62,100,50,0.0,40.12867898699521
Luis Gomez,67.0,145.0,68.0,1.57,33,4.03,55,4.48,50,33,0.0,31.60574948665298
Ulysses Gomez,66.0,125.0,72.0,2.72,25,3.57,68,0.0,0,0,0.0,43.285420944558524
William Gomis,72.0,145.0,73.0,3.2,48,2.6,61,0.73,38,77,0.3,29.232032854209447
Takanori Gomi,67.0,155.0,70.0,3.81,41,3.52,60,1.23,65,63,0.8,47.95619438740589
Gabriel Gonzaga,74.0,242.0,76.0,2.12,45,2.94,57,2.8,39,66,1.1,47.304585900068446
Edson Gomez,68.0,170.0,69.0,2.66,32,8.78,45,0.0,0,0,0.0,35.53456536618754
Silvana Gomez Juarez,63.0,115.0,65.0,4.26,32,4.04,61,0.0,0,30,0.0,41.74948665297741
Akihiro Gono,67.0,170.0,68.0,2.18,48,2.67,63,1.01,84,46,0.5,51.9151266255989
Justin Gonzales,69.0,145.0,72.0,6.67,80,0.87,43,14.0,73,100,0.0,35.35934291581109
Fernando Gonzalez,69.0,170.0,68.0,4.47,47,4.03,65,0.86,33,43,1.4,42.97604380561259
Nick Gonzalez,66.0,155.0,72.0,0.59,20,2.35,33,0.0,0,50,0.0,45.51129363449692
Fabian Gonzalez,70.0,135.0,72.0,3.9,48,4.39,51,0.0,0,66,0.0,39.59753593429158
Jason Gonzalez,74.0,155.0,74.0,3.06,39,3.13,58,0.0,0,30,1.0,36.5201916495551
Kier Gooch,70.0,155.0,72.0,0.0,0,0.0,0,0.0,0,0,0.0,40.37782340862423
Jennifer Gonzalez,62.0,125.0,72.0,0.0,0,0.0,0,0.0,0,0,0.0,40.459958932238195
Erick Gonzalez,71.0,155.0,75.0,2.4,36,8.08,40,6.0,55,50,0.0,34.62833675564682
Lyman Good,72.0,170.0,74.0,5.34,48,4.01,63,0.27,100,75,0.0,41.281314168377826
Jorge Gonzalez,74.0,205.0,76.0,0.0,0,0.0,0,0.0,0,0,0.0,42.51882272416153
Pearl Gonzalez,64.0,115.0,72.0,2.23,37,4.07,57,1.04,11,0,0.5,40.068446269678304
Lewis Gonzalez,70.0,170.0,72.0,1.4,37,1.87,41,2.0,33,62,0.0,38.965092402464066
Mikey Gonzalez,71.0,155.0,74.0,0.91,16,14.55,11,0.0,0,0,0.0,41.06502395619439
Malcolm Gordon,67.0,125.0,71.0,2.5,45,2.0,43,1.72,35,26,1.0,36.30116358658453
Jared Gooden,72.0,170.0,77.0,4.4,48,6.74,45,0.91,45,65,0.4,32.75290896646133
Gary Goodridge,75.0,249.0,72.0,1.84,56,2.14,48,0.4,100,53,0.8,60.63518138261465
Jordan Goodwin,70.0,155.0,72.0,0.0,0,0.0,0,0.0,0,0,0.0,39.59753593429158
Eddie Gordon,72.0,185.0,76.0,2.03,32,2.57,60,1.93,83,63,0.0,43.12662559890486
Tebaris Gordon,73.0,265.0,72.0,3.53,16,49.41,22,0.0,0,0,0.0,38.13278576317591
Gerard Gordeau,77.0,216.0,72.0,0.0,0,0.0,0,0.0,0,0,0.0,67.43874058863791
Alex Gorgees,74.0,155.0,74.0,0.67,32,2.27,38,0.0,0,54,0.0,31.071868583162217
Tresean Gore,72.0,185.0,75.0,3.41,49,7.0,40,1.91,72,83,1.0,32.21081451060917
Jared Gordon,69.0,155.0,68.0,5.57,53,4.11,55,1.91,34,60,0.0,37.998631074606436
Themba Gorimbo,73.0,170.0,77.0,2.7,56,1.75,51,4.52,62,73,0.4,35.619438740588635
Chase Gormley,75.0,265.0,72.0,3.6,42,6.03,44,3.12,42,0,1.0,43.07186858316222
Tim Gorman,65.0,135.0,72.0,2.73,31,5.57,46,1.0,9,33,0.0,43.356605065023956
Thibault Gouti,70.0,155.0,72.0,3.68,34,5.64,50,1.23,80,83,0.3,39.52361396303901
Jonathan Goulet,72.0,170.0,73.0,1.61,41,2.01,46,4.17,70,45,0.6,47.15126625598905
Wilson Gouveia,73.0,185.0,76.0,3.02,39,4.06,56,0.9,66,57,2.2,47.92607802874743
Hugo Govea,70.0,155.0,72.0,0.0,0,0.0,0,0.0,0,0,0.0,39.59753593429158
Todd Gouwenberg,73.0,205.0,72.0,0.52,23,2.93,42,1.57,33,50,0.0,51.94798083504449
Patryk Grabowski,70.0,205.0,72.0,0.0,0,0.0,0,0.0,0,0,0.0,30.817248459958932
Damian Grabowski,73.0,241.0,75.0,4.0,36,7.65,51,0.0,0,0,0.0,46.31895961670089
Crosley Gracie,69.0,190.0,72.0,1.69,37,1.54,60,3.46,85,50,0.6,47.13757700205339
Justin Governale,70.0,145.0,72.0,0.0,0,0.0,0,0.0,0,0,0.0,39.59753593429158
Royce Gracie,73.0,175.0,72.0,0.88,41,1.13,37,0.0,0,66,0.8,59.73442847364819
Ralph Gracie,69.0,183.0,72.0,0.86,37,1.72,31,0.0,0,25,4.0,55.285420944558524
Daniel Gracie,74.0,225.0,72.0,1.9,38,1.33,59,0.36,100,80,2.1,54.19028062970568
Rickson Gracie,70.0,185.0,72.0,0.0,0,0.0,0,0.0,0,0,0.0,67.79466119096509
Rodrigo Gracie,72.0,183.0,72.0,1.34,51,0.86,46,1.49,50,75,0.4,51.40588637919233
Renzo Gracie,70.0,185.0,72.0,1.71,41,1.67,55,1.13,20,40,0.8,59.49075975359343
Ryan Gracie,69.0,200.0,72.0,0.82,61,0.5,40,2.83,75,25,0.9,52.062970568104035
Royler Gracie,68.0,150.0,72.0,0.0,0,0.0,0,0.0,0,0,0.0,60.7501711156742
Ralek Gracie,74.0,210.0,72.0,1.61,46,1.05,55,2.5,75,0,1.7,40.92265571526352
Rolles Gracie,76.0,242.0,72.0,2.3,32,3.38,55,2.3,10,0,0.0,48.14784394250513
Igor Gracie,71.0,170.0,72.0,1.86,60,0.99,50,3.72,50,0,3.7,46.587268993839835
Cesar Gracie,70.0,181.0,72.0,0.0,0,17.14,50,0.0,0,0,0.0,39.59753593429158
Roger Gracie,76.0,185.0,79.0,1.78,35,1.79,61,1.87,53,60,1.9,44.94455852156057
Neiman Gracie,72.0,170.0,72.0,0.77,100,0.38,75,5.77,100,0,5.8,39.59753593429158
Kron Gracie,69.0,145.0,70.0,2.95,42,5.73,51,0.35,25,0,0.7,38.15468856947297
Scott Graham,76.0,185.0,72.0,0.91,42,2.27,28,0.0,0,0,0.0,39.59753593429158
Steven Graham,73.0,290.0,72.0,0.0,0,0.0,0,0.0,0,0,0.0,39.59753593429158
Bogdan Grad,68.0,145.0,70.0,4.16,53,5.02,49,4.57,38,75,0.5,30.940451745379878
Miranda Granger,67.0,115.0,68.0,2.79,47,2.57,57,0.0,0,33,0.0,34.39835728952772
TJ Grant,70.0,155.0,72.0,3.95,54,3.21,56,1.63,43,36,0.6,42.52703627652293
Davey Grant,68.0,135.0,69.0,5.58,45,4.04,54,0.95,38,65,0.2,40.71731690622861
Dwight Grant,73.0,185.0,76.0,3.29,36,2.66,60,0.61,100,66,0.0,41.97672826830938
Alexa Grasso,65.0,125.0,66.0,4.11,41,3.71,58,0.4,35,54,0.7,33.07597535934291
Michael Graves,70.0,170.0,71.0,1.25,54,1.47,58,4.8,52,66,0.4,35.66050650239562
Tony Gravely,65.0,135.0,69.0,3.82,48,4.47,44,5.4,41,52,0.3,34.940451745379875
Shelton Graves,74.0,255.0,76.0,2.19,69,0.81,33,4.86,57,0,0.0,40.87063655030801
Sam Greco,74.0,205.0,72.0,2.4,75,1.33,53,0.0,0,25,1.0,59.34565366187543
Kevin Gray,64.0,125.0,67.0,3.45,62,4.48,66,0.0,0,0,0.0,41.34428473648186
Matt Grice,68.0,145.0,70.0,4.09,53,2.69,56,2.19,37,82,0.5,45.106091718001366
James Gray,69.0,135.0,72.0,2.61,50,18.26,44,0.0,0,0,0.0,38.86652977412731
Gabe Green,70.0,155.0,73.0,5.6,45,6.19,47,0.71,50,50,0.5,33.347022587268995
Desmond Green,70.0,155.0,73.0,3.7,46,2.51,69,1.62,50,75,0.0,36.903490759753595
King Green,70.0,155.0,71.0,6.49,53,3.63,62,1.32,43,71,0.3,39.9917864476386
Chuck Grigsby,78.0,205.0,72.0,0.71,16,3.29,46,0.0,0,66,0.0,54.05886379192334
Charalampos Grigoriou,67.0,135.0,67.0,2.62,48,3.97,46,2.62,80,90,0.0,34.43394934976044
Maurice Greene,79.0,258.0,80.0,3.28,45,3.61,45,0.0,0,27,0.4,40.172484599589325
Vik Grujic,71.0,170.0,73.0,2.24,48,3.39,41,1.18,33,26,0.4,49.57973990417522
Chad Griggs,73.0,205.0,73.0,2.67,50,2.22,46,1.51,66,41,0.0,48.31211498973306
Mike Grundy,67.0,145.0,72.0,2.09,45,4.45,56,4.06,28,50,0.4,39.67419575633128
Jordan Griffin,70.0,145.0,73.0,2.52,46,3.02,50,1.45,35,42,1.9,36.5201916495551
Tyson Griffin,66.0,145.0,68.0,3.71,41,2.3,65,1.87,46,59,0.9,42.379192334017795
Max Griffin,71.0,170.0,76.0,3.7,47,3.69,58,1.44,41,69,0.2,40.76933607118412
Forrest Griffin,75.0,205.0,77.0,4.38,36,2.81,61,1.05,48,57,0.7,47.47707049965777
Garrett Gross,69.0,155.0,72.0,2.39,45,1.67,46,0.0,0,52,0.0,38.078028747433265
Neil Grove,78.0,265.0,72.0,0.0,0,0.0,0,0.0,0,100,14.3,55.6331279945243
Josh Grispi,71.0,145.0,74.0,1.44,41,3.71,50,1.97,36,16,2.2,37.894592744695416
Chris Gruetzemacher,68.0,155.0,68.0,6.18,57,4.96,52,0.21,50,65,0.0,40.224503764544835
Kendall Grove,78.0,185.0,79.0,2.31,41,2.4,54,0.49,45,56,1.7,43.81656399726215
Rodrigo Gripp de Sousa,71.0,205.0,72.0,0.48,23,4.81,52,0.0,0,0,9.6,39.59753593429158
Maxim Grishin,75.0,205.0,78.0,3.26,52,2.27,58,0.21,16,66,0.0,42.34633812457221
Piero Guaylupo,70.0,155.0,72.0,0.0,0,0.0,0,0.0,0,0,0.0,21.853524982888434
Nandor Guelmino,75.0,230.0,72.0,3.62,56,3.16,33,0.0,0,42,0.0,50.71321013004791
Wang Guan,69.0,145.0,71.0,4.73,43,3.27,60,0.0,0,0,0.0,40.48186173853525
Anthony Guarascio,74.0,233.0,72.0,7.5,28,41.25,35,0.0,0,0,0.0,32.525667351129364
Fabricio Guerreiro,70.0,145.0,72.0,1.87,31,2.2,67,2.0,50,0,0.0,36.120465434633815
Noah Gugnon,71.0,155.0,71.0,3.7,45,4.44,68,0.0,0,0,11.1,25.883641341546884
Rainn Guerrero,66.0,125.0,65.0,0.65,33,0.87,50,3.27,100,0,0.0,34.31622176591376
Jason Guida,70.0,214.0,72.0,1.87,40,3.33,52,1.0,14,50,1.0,49.08966461327858
Hugo Guillon,70.0,185.0,72.0,0.0,0,0.0,0,0.0,0,0,0.0,29.401779603011637
Chris Guillen,72.0,240.0,72.0,0.82,27,1.91,36,0.0,0,0,0.0,53.74127310061601
Shannon Gugerty,70.0,155.0,71.0,1.25,39,1.88,58,2.13,27,50,3.4,44.68446269678302
Melvin Guillard,69.0,155.0,71.0,2.96,40,1.85,66,1.3,63,61,0.2,43.43874058863792
Clay Guida,67.0,155.0,70.0,2.63,33,3.0,61,3.1,35,66,0.6,44.74469541409993
Jorge Gurgel,67.0,155.0,69.0,3.37,32,3.62,62,0.81,23,60,0.5,49.61259411362081
Luis Gurule,65.0,125.0,64.0,5.44,43,5.35,57,0.64,15,60,0.2,32.80492813141684
Gugun Gusman,67.0,135.0,68.0,0.88,27,6.18,41,0.0,0,33,0.0,36.511978097193705
Fabio Gurgel,72.0,205.0,72.0,0.0,0,0.0,0,0.0,0,0,0.0,56.63244353182751
Brad Gumm,71.0,170.0,72.0,0.0,0,0.0,0,0.0,0,0,0.0,39.59753593429158
Bogdan Guskov,75.0,205.0,76.0,3.6,56,3.5,46,0.0,0,54,0.7,33.98220396988364
Leonardo Guimaraes,72.0,185.0,72.0,2.35,56,2.99,44,0.0,0,52,1.0,44.394250513347025
Marcelo Guimaraes,72.0,185.0,73.0,4.67,51,4.41,62,1.99,13,0,0.0,43.200547570157426
Andre Gusmao,72.0,205.0,72.0,2.79,43,3.28,60,0.0,0,60,0.0,49.30047912388775
John Gunderson,69.0,155.0,69.0,1.04,27,1.71,58,1.67,33,11,2.0,47.66872005475702
John Gunther,69.0,155.0,72.0,1.65,37,3.72,46,7.08,42,0,0.0,40.78302532511978
Andreas Gustafsson,73.0,170.0,73.0,5.82,71,3.63,45,6.19,58,100,0.0,35.54277891854894
Justin Guthrie,73.0,170.0,72.0,0.16,33,3.74,14,2.44,25,0,4.9,45.6290212183436
Horacio Gutierrez,70.0,145.0,72.0,0.86,26,2.91,46,0.0,0,50,0.0,35.97535934291581
Mando Gutierrez,66.0,135.0,70.0,0.8,75,1.33,50,1.0,100,40,1.0,29.530458590006845
Chris Gutierrez,69.0,135.0,67.0,4.4,57,2.65,63,0.3,30,67,0.1,35.37577002053388
Alexander Gustafsson,77.0,205.0,79.0,4.03,40,3.53,51,1.53,39,83,0.4,39.6413415468857
Mike Guymon,72.0,170.0,74.0,2.75,65,0.79,66,1.87,37,54,1.2,51.969883641341546
Keith Hackney,71.0,200.0,72.0,0.0,0,0.0,0,0.0,0,0,0.0,68.39425051334702
Cody Haddon,67.0,135.0,69.0,8.84,56,2.72,62,2.96,35,83,0.6,27.994524298425734
Jake Hadley,67.0,135.0,70.0,3.8,43,4.16,61,0.33,11,54,1.1,30.091718001368925
Theo Haig,74.0,185.0,77.0,0.0,0,28.33,0,0.0,0,0,0.0,30.036960985626283
Tim Hague,76.0,260.0,76.0,2.79,47,4.14,46,1.72,33,85,0.9,43.32922655715264
Yazan Hajeh,69.0,145.0,72.0,1.54,25,17.44,44,0.0,0,100,0.0,34.0041067761807
Steve Hadsel,68.0,170.0,72.0,0.0,0,0.0,0,0.0,0,0,0.0,39.59753593429158
Chelsea Hackett,64.0,125.0,66.0,2.58,51,4.85,46,0.0,0,57,0.0,28.057494866529773
Bassil Hafez,71.0,170.0,72.0,3.71,38,5.68,41,2.21,24,50,0.0,34.59822039698837
Damir Hadzovic,69.0,155.0,70.0,3.34,47,3.74,59,0.91,54,34,0.1,40.07939767282683
Stoney Hale,72.0,155.0,72.0,0.0,0,0.0,0,0.0,0,0,0.0,46.88569472963724
Kevin Haley,74.0,205.0,72.0,0.87,59,0.87,64,3.0,100,0,2.0,39.59753593429158
Mark Hall,72.0,190.0,72.0,0.0,0,0.0,0,0.0,0,0,0.0,65.60985626283367
Ryan Hall,70.0,145.0,70.0,2.38,50,1.33,65,0.22,9,0,2.2,41.53593429158111
Uriah Hall,72.0,185.0,79.0,3.23,48,3.85,54,0.54,38,64,0.1,42.09993155373032
Dennis Hallman,69.0,155.0,72.0,1.12,44,1.96,43,1.79,30,25,2.1,50.76249144421629
Piotr Hallmann,69.0,155.0,71.0,3.98,45,3.17,58,2.55,44,70,0.4,39.03353867214237
Brandon Halsey,72.0,185.0,72.0,1.74,47,0.87,65,4.98,53,100,1.2,39.97262149212868
John Halverson,69.0,155.0,72.0,2.94,43,5.29,47,0.0,0,66,2.0,53.99315537303217
Tony Halme,75.0,300.0,72.0,0.0,0,0.0,0,0.0,0,0,0.0,63.66598220396988
Seo Hee Ham,62.0,115.0,62.0,4.2,39,5.15,61,0.0,0,66,0.2,39.49897330595483
Frank Hamaker,70.0,155.0,72.0,0.0,0,0.0,0,0.0,0,0,0.0,39.59753593429158
Kazuhiro Hamanaka,72.0,185.0,72.0,1.7,37,0.91,60,0.0,0,50,0.0,47.86858316221766
Jeremy Hamilton,70.0,185.0,72.0,0.0,0,0.0,0,0.0,0,0,0.0,41.80971937029432
Matt Hamill,73.0,205.0,76.0,3.69,42,3.8,61,3.0,34,91,0.0,49.9192334017796
Rami Hamed,73.0,170.0,71.0,3.87,51,3.4,50,0.0,0,50,0.0,35.36755646817249
CJ Hamilton,67.0,125.0,68.0,2.47,31,3.93,58,0.0,0,62,0.0,39.9151266255989
Anthony Hamilton,77.0,260.0,76.0,3.91,65,3.02,45,2.62,42,78,0.0,46.39561943874059
Kay Hansen,62.0,115.0,63.0,3.01,50,3.19,51,1.83,22,37,0.8,27.06365503080082
Shin Haraguchi,65.0,145.0,68.0,2.02,63,1.84,43,12.32,51,0,0.0,27.77549623545517
Joachim Hansen,67.0,150.0,72.0,2.01,43,2.04,58,2.21,58,34,1.9,47.28268309377139
Nasrat Haqparast,70.0,155.0,72.0,6.36,45,6.0,63,0.34,20,86,0.0,31.041752224503764
Dean Hancock,70.0,155.0,72.0,7.97,63,1.94,67,1.71,33,75,1.7,39.59753593429158
Chad Hanekom,76.0,185.0,74.0,0.73,47,1.47,33,0.0,0,71,1.0,36.380561259411365
James Hammortree,75.0,185.0,72.0,1.93,30,4.13,44,2.0,50,100,1.0,42.770704996577685
Jared Hamman,75.0,185.0,75.0,5.15,42,3.93,55,1.57,46,30,0.0,44.50102669404517
George Hardwick,70.0,155.0,72.0,3.6,38,4.6,71,0.0,0,83,0.0,29.749486652977414
Janay Harding,70.0,135.0,72.0,0.0,0,0.0,0,0.0,0,0,0.0,39.59753593429158
Scott Harper,72.0,185.0,72.0,1.3,54,4.98,47,3.25,100,0,0.0,54.39561943874059
Greg Hardy,77.0,265.0,80.0,4.79,50,3.31,55,0.2,33,64,0.0,38.10814510609172
Tobias Harila,70.0,155.0,72.0,0.0,0,0.0,0,0.0,0,0,0.0,32.64613278576318
Harry Hardwick,68.0,145.0,71.0,5.47,42,8.54,44,0.0,0,0,0.0,31.93702943189596
Antoni Hardonk,76.0,245.0,78.0,3.4,61,3.07,46,0.0,0,40,0.9,50.5845311430527
Veronica Hardy,64.0,125.0,64.0,3.06,45,3.24,50,0.82,41,51,0.3,30.85284052019165
Dan Hardy,72.0,170.0,74.0,2.46,35,3.44,51,0.73,35,35,0.4,44.3066392881588
Baru Harn,70.0,265.0,72.0,0.0,0,0.0,0,0.0,0,0,0.0,48.86789869952088
Josiah Harrell,67.0,170.0,68.0,2.32,50,10.94,29,0.0,0,0,0.0,27.813826146475016
Gerry Harris,80.0,270.0,72.0,0.0,0,0.0,0,0.0,0,0,0.0,39.59753593429158
Phil Harris,64.0,125.0,65.0,2.34,26,3.16,68,1.76,21,60,0.0,43.006160164271044
Gerald Harris,71.0,185.0,77.0,1.41,29,1.58,62,2.96,54,72,0.0,46.79808350444901
Walt Harris,77.0,250.0,77.0,3.05,39,3.33,54,0.29,28,70,0.1,43.24161533196441
Dhafir Harris,70.0,257.0,72.0,0.0,0,0.0,0,0.0,0,0,0.0,49.08966461327858
Trevor Harris,66.0,145.0,72.0,1.73,50,0.43,75,0.0,0,50,6.5,39.59753593429158
RJ Harris,75.0,258.0,78.0,9.0,57,6.6,56,0.0,0,0,0.0,27.9315537303217
Bilal Hasan,67.0,125.0,70.0,0.0,0,0.0,0,0.0,0,0,0.0,25.141683778234086
Carlston Harris,72.0,170.0,76.0,3.34,42,3.5,51,1.13,20,55,0.5,39.162217659137575
Joey Hart,75.0,170.0,79.0,4.53,34,4.53,45,0.0,0,40,0.0,29.201916495550993
Collin Hart,73.0,185.0,72.0,6.33,44,7.53,51,2.0,16,50,0.0,36.90075290896646
Kayla Harrison,68.0,135.0,66.0,4.29,62,1.1,66,2.84,37,100,0.9,36.18069815195072
Luke Hartwig,70.0,155.0,72.0,0.0,0,0.0,0,0.0,0,0,0.0,39.59753593429158
Clay Harvison,73.0,170.0,74.0,3.29,48,3.91,58,0.66,100,68,1.3,45.946611909650926
Takayo Hashi,64.0,135.0,72.0,2.84,26,6.56,61,0.0,0,0,0.0,48.92813141683778
Dale Hartt,70.0,155.0,69.0,1.14,35,1.55,66,1.22,100,25,2.5,47.42505133470226
Justin Haskins,70.0,170.0,72.0,1.51,33,2.65,54,1.62,40,52,0.8,47.01984941820671
Farman Hasanov,71.0,170.0,74.0,1.4,51,1.0,70,17.0,62,0,0.0,31.09924709103354
Hidehiko Hasegawa,69.0,170.0,72.0,0.0,0,0.0,0,0.0,0,0,0.0,48.15058179329227
Chris Haseman,71.0,205.0,72.0,0.93,70,4.67,28,0.0,0,40,2.0,57.2621492128679
Tomohiko Hashimoto,72.0,250.0,72.0,0.0,0,11.67,30,0.0,0,0,0.0,49.05681040383299
Hayder Hassan,70.0,170.0,72.0,2.11,46,3.16,48,0.0,0,25,0.0,43.879534565366185
Daiki Hata,66.0,139.0,72.0,1.44,39,1.42,55,0.67,100,35,0.7,44.035592060232716
Ahmad Hassanzada,73.0,155.0,75.0,3.16,39,4.42,38,2.43,19,0,1.2,29.793292265571527
Phil Hawes,72.0,185.0,77.0,5.33,59,3.72,55,2.11,34,90,0.2,37.659137577002056
Justin Hawes,71.0,205.0,72.0,0.0,0,3.41,37,0.0,0,0,0.0,47.64681724845996
Chris Hawk,73.0,205.0,72.0,0.0,0,0.0,0,0.0,0,0,0.0,40.71184120465435
Del Hawkins,65.0,135.0,72.0,1.15,27,2.01,46,0.0,0,0,0.0,39.59753593429158
Tommy Hayden,69.0,145.0,72.0,1.48,27,2.05,55,3.42,33,66,0.0,40.49007529089665
Ryan Hayes,70.0,155.0,72.0,0.0,0,0.0,0,0.0,0,0,0.0,39.59753593429158
Mike Hayes,76.0,230.0,72.0,4.87,55,1.47,77,0.0,0,75,4.0,45.889117043121146
John Hathaway,73.0,170.0,75.0,3.4,40,1.8,62,2.61,43,60,0.9,39.123887748117724
Gerric Hayes,70.0,155.0,72.0,0.0,0,0.0,0,0.0,0,0,0.0,45.85352498288843
Josh Haynes,69.0,170.0,72.0,1.25,22,4.03,52,0.94,18,42,0.0,49.10335386721424
Dustin Hazelett,73.0,170.0,76.0,2.24,40,3.51,46,0.55,50,25,4.1,40.355920602327174
Spencer Hearns,71.0,185.0,72.0,0.0,0,0.0,0,0.0,0,0,0.0,39.59753593429158
James Head,73.0,170.0,73.0,2.75,48,3.11,49,0.41,100,66,0.8,42.573579739904176
Pat Healy,72.0,155.0,72.0,2.57,36,2.57,50,3.08,37,55,1.1,43.13210130047912
Ryan Healy,73.0,155.0,72.0,1.67,35,3.0,38,3.0,50,40,1.0,43.13210130047912
David Heath,71.0,205.0,72.0,1.48,30,5.16,49,0.33,50,57,1.0,50.57084188911704
Chris Heatherly,69.0,155.0,72.0,1.08,45,2.67,52,3.39,50,100,0.7,38.784394250513344
Jake Hecht,72.0,170.0,73.0,3.26,47,2.76,56,2.04,37,40,0.0,42.573579739904176
Nick Hein,66.0,155.0,66.0,2.65,35,3.61,59,0.86,33,83,0.0,42.36824093086927
Donavon Hedrick,71.0,185.0,76.0,2.7,47,1.77,61,3.12,33,42,0.0,29.462012320328544
Ian Heinisch,71.0,185.0,72.0,3.25,50,2.98,59,1.02,17,59,0.7,38.08624229979466
Delson Heleno,71.0,185.0,72.0,0.69,75,4.83,19,0.0,0,0,0.0,48.80492813141684
Marcin Held,69.0,155.0,71.0,1.41,34,2.02,47,2.46,46,37,1.3,34.63381245722108
Matt Helm,70.0,155.0,72.0,0.0,0,0.0,0,0.0,0,0,0.0,39.59753593429158
Elisha Helsper,66.0,135.0,72.0,0.0,0,0.0,0,0.0,0,0,0.0,43.58110882956879
Ron Henderson,70.0,125.0,72.0,2.53,25,3.6,48,1.0,20,0,0.0,39.59753593429158
Josh Hendricks,74.0,235.0,72.0,0.98,20,11.8,29,0.0,0,0,0.0,50.02327173169062
Dan Henderson,71.0,185.0,74.0,2.44,47,2.7,51,1.52,52,57,0.3,56.035592060232716
Benson Henderson,69.0,170.0,70.0,2.93,45,1.79,63,2.4,45,63,0.8,42.8062970568104
Cory Hendricks,75.0,205.0,72.0,3.13,39,4.07,42,0.0,0,100,0.0,38.32443531827516
Paulo Henrique,67.0,125.0,69.0,0.93,32,1.87,61,0.0,0,50,0.0,24.177960301163587
Luis Henrique,74.0,243.0,74.0,1.81,43,2.22,47,3.09,36,50,1.0,33.04312114989733
Johny Hendricks,69.0,185.0,69.0,3.49,45,3.99,53,3.83,46,63,0.3,42.98425735797399
Diego Henrique da Silva,74.0,185.0,72.0,2.53,57,3.27,30,0.0,0,63,0.0,40.04106776180698
Danny Henry,72.0,145.0,73.0,5.2,51,4.16,45,0.74,33,50,2.2,38.13826146475017
Victor Henry,67.0,135.0,68.0,7.17,53,5.19,48,1.04,42,81,0.3,39.3429158110883
TJ Hepburn,67.0,155.0,72.0,0.73,37,0.13,81,2.0,40,60,0.0,39.59753593429158
Anthony Hernandez,72.0,185.0,75.0,4.57,60,3.1,51,5.88,48,68,1.6,32.884325804243666
Jai Herbert,73.0,155.0,77.0,3.19,41,3.34,52,0.42,21,66,0.0,38.31622176591376
Alexander Hernandez,69.0,155.0,72.0,4.23,40,4.45,59,1.05,35,68,0.1,33.93018480492813
Dave Herman,76.0,242.0,77.0,4.98,60,3.78,48,1.49,100,58,0.0,41.92470910335387
Ed Herman,73.0,205.0,77.0,3.31,48,3.71,42,1.96,47,59,1.0,45.927446954141
Jack Hermansson,73.0,170.0,77.0,5.15,45,3.72,56,1.48,29,80,0.4,38.23956194387406
Noe Hernandez,70.0,155.0,72.0,0.0,0,0.0,0,0.0,0,0,0.0,39.59753593429158
Nohelin Hernandez,70.0,135.0,71.0,1.32,34,2.63,52,0.71,50,37,0.0,32.51745379876797
Carlos Hernandez,68.0,125.0,67.0,3.83,45,3.5,50,1.56,21,65,0.2,32.865160848733744
Luis Hernandez,70.0,185.0,72.0,0.0,0,0.0,0,0.0,0,0,0.0,30.039698836413415
Paul Herrera,70.0,185.0,72.0,0.0,0,0.0,0,0.0,0,0,0.0,62.54072553045859
Leslie Hernandez,63.0,115.0,64.0,3.6,58,2.53,55,0.0,0,54,0.0,28.687200547570157
Joe Hernandez,70.0,155.0,72.0,0.0,0,0.0,0,0.0,0,0,0.0,39.59753593429158
Ramiro Hernandez,69.0,135.0,72.0,2.72,28,5.51,64,0.0,0,0,0.0,40.12594113620808
Chris Herrera,70.0,185.0,72.0,2.04,37,3.35,48,1.8,100,100,0.0,39.59753593429158
Geane Herrera,65.0,125.0,66.0,1.51,31,5.07,52,0.83,37,38,0.6,36.27926078028747
Brandon Hester,73.0,205.0,72.0,3.53,53,0.4,68,4.0,80,0,0.0,39.59753593429158
Jon Hess,79.0,295.0,72.0,0.0,0,0.0,0,0.0,0,0,0.0,39.59753593429158
Alvaro Herrera Mendoza,72.0,155.0,74.0,1.89,38,3.4,55,0.0,0,33,1.1,36.31485284052019
Conor Heun,70.0,155.0,72.0,2.92,36,3.66,54,2.45,31,33,0.3,47.56741957563313
Clint Hester,74.0,205.0,77.0,3.36,42,3.44,56,1.02,35,60,0.0,39.79192334017796
Felice Herrig,64.0,115.0,65.0,3.84,37,5.19,48,1.08,28,75,0.8,41.96577686516085
Jimy Hettes,69.0,145.0,71.0,3.47,57,3.5,57,5.2,44,61,1.4,39.24435318275154
Heath Herring,76.0,250.0,78.0,2.37,50,1.77,54,1.22,50,32,0.7,48.51471594798083
Marcus Hicks,66.0,155.0,64.0,1.42,43,3.06,61,2.7,53,25,4.0,50.78165639972622
Isaiah Hill,70.0,155.0,72.0,4.84,50,0.97,80,0.0,0,66,14.5,39.59753593429158
Richie Hightower,68.0,170.0,72.0,4.62,35,6.92,21,3.46,100,100,0.0,51.7782340862423
Alex Higley,70.0,145.0,72.0,0.29,100,1.74,60,0.0,0,0,0.0,39.59753593429158
Lee Higgins,70.0,155.0,72.0,1.02,26,3.68,40,0.0,0,0,0.0,46.14647501711157
Jay Hieron,72.0,170.0,75.0,1.66,32,1.89,61,4.05,60,66,1.0,50.105407255304584
Brady Hiestand,68.0,135.0,71.0,2.7,50,3.75,51,4.8,46,42,1.1,27.353867214236825
Jason High,68.0,155.0,73.0,1.28,42,1.56,48,2.36,63,37,2.8,44.90075290896646
Tyler Hill,75.0,170.0,72.0,3.64,39,5.33,47,0.0,0,0,0.0,35.07460643394935
Corey Hill,76.0,155.0,80.0,3.57,46,1.61,70,3.02,80,100,0.0,47.92607802874743
Kailan Hill,73.0,185.0,77.0,2.6,53,4.8,37,3.0,42,0,0.0,31.76454483230664
Jamahal Hill,76.0,205.0,79.0,6.19,51,4.03,44,0.0,0,73,0.0,35.30184804928131
Angela Hill,63.0,115.0,64.0,5.46,50,5.0,60,0.76,30,72,0.2,41.648186173853524
Alvin Hines,74.0,265.0,74.0,5.58,32,7.62,38,0.9,10,0,0.0,34.88021902806297
Hatsu Hioki,71.0,145.0,73.0,2.42,42,2.12,65,2.55,56,54,0.6,43.13757700205339
Branden Lee Hinkle,75.0,235.0,72.0,2.61,69,3.91,26,4.34,57,66,4.3,53.106091718001366
Alan Hiro,65.0,135.0,72.0,0.0,0,0.0,0,0.0,0,0,0.0,40.42436687200548
Kuniyoshi Hironaka,70.0,168.0,70.0,1.98,40,3.01,54,1.91,30,25,0.6,50.220396988364136
Kwan Ho Kwak,65.0,135.0,72.0,3.29,41,3.45,47,0.78,100,26,0.0,37.21834360027378
Bobby Hoffman,74.0,245.0,72.0,2.02,70,1.32,19,1.17,50,0,1.2,57.856262833675565
Yuji Hisamatsu,70.0,185.0,72.0,0.0,0,0.0,0,0.0,0,0,0.0,54.9678302532512
An Tuan Ho,66.0,125.0,66.0,1.95,35,2.81,55,1.72,25,16,0.0,25.94113620807666
Matt Hobar,70.0,135.0,70.0,3.23,42,4.27,52,3.66,44,50,0.0,39.663244353182755
Mizuto Hirota,67.0,155.0,67.0,3.36,40,3.5,54,1.36,50,58,0.1,45.3388090349076
Sean Holden,70.0,170.0,72.0,2.4,59,0.6,59,5.0,83,0,2.0,41.96851471594798
Chris Hofmann,72.0,170.0,72.0,4.78,45,4.63,35,3.42,42,0,0.0,36.799452429842574
Andrew Holbrook,71.0,155.0,70.0,2.2,49,3.0,54,0.85,18,10,2.1,40.580424366872
Sam Hoger,74.0,205.0,72.0,1.07,25,2.25,57,1.12,38,29,1.3,46.19028062970568
Josh Hokit,73.0,235.0,73.0,9.29,64,5.28,48,3.73,47,77,0.4,28.815879534565365
Chris Holdsworth,71.0,135.0,72.0,1.85,29,1.94,58,3.38,62,100,2.0,38.86926762491444
Roger Hollett,71.0,205.0,72.0,1.83,47,6.47,34,1.0,28,30,0.0,47.912388774811774
Max Holloway,71.0,155.0,69.0,6.92,48,4.6,58,0.22,53,81,0.3,34.757015742642025
Kevin Holland,75.0,170.0,81.0,4.24,49,3.21,50,0.79,36,57,0.6,33.83436002737851
Jeremie Holloway,72.0,170.0,72.0,0.81,50,0.51,79,0.0,0,0,0.0,41.935660506502394
Gabrielle Holloway,63.0,145.0,72.0,0.7,42,3.07,34,3.0,35,16,1.0,36.394250513347025
Rex Holman,75.0,205.0,72.0,2.75,34,7.25,40,0.0,0,100,0.0,39.59753593429158
Joseph Holmes,76.0,185.0,80.0,2.88,53,3.08,54,1.49,40,50,0.8,31.175906913073238
Holly Holm,68.0,135.0,69.0,3.13,40,2.92,55,0.87,30,76,0.1,44.8870636550308
Brandon Holmes,74.0,185.0,74.0,4.72,45,8.76,50,0.0,0,50,0.0,29.582477754962355
Paddy Holohan,70.0,125.0,69.0,2.13,46,2.81,46,2.88,47,71,1.3,38.34360027378508
Kurt Holobaugh,71.0,155.0,70.0,4.58,44,4.24,49,0.65,33,38,0.8,39.99452429842574
Ben Holscher,71.0,155.0,72.0,0.0,0,0.0,0,0.0,0,0,0.0,39.59753593429158
Lorenzo Hood,75.0,265.0,80.0,2.64,61,4.66,11,0.0,0,100,0.0,37.51403148528405
Mark Holst,72.0,155.0,72.0,0.25,19,1.67,47,0.76,100,60,2.3,41.06228610540725
Barb Honchak,64.0,125.0,65.0,4.04,30,4.67,66,0.0,0,0,1.3,47.01984941820671
SeongChan Hong,67.0,155.0,69.0,6.57,55,8.76,47,0.0,0,0,0.0,36.772073921971256
JunYoung Hong,69.0,145.0,69.0,2.1,39,2.3,48,0.0,0,35,0.0,35.71800136892539
Sabah Homasi,72.0,170.0,72.0,4.98,48,6.91,47,2.8,50,66,0.0,37.880903490759756
Mark Hominick,68.0,145.0,68.0,4.08,42,4.18,69,0.25,66,71,0.9,44.12594113620808
Scott Holtzman,69.0,155.0,69.0,4.32,47,3.66,55,1.88,56,67,0.2,42.93497604380561
Chris Honeycutt,70.0,170.0,73.0,2.99,44,1.41,66,3.4,45,75,0.0,38.116358658453116
David Hood,72.0,200.0,72.0,0.0,0,0.0,0,0.0,0,0,0.0,39.59753593429158
Dakota Hope,66.0,155.0,68.0,7.07,41,7.0,33,1.0,33,100,0.0,29.60164271047228
Satoshi Honma,73.0,205.0,72.0,0.0,0,0.0,0,0.0,0,0,0.0,58.299794661190965
Chase Hooper,73.0,155.0,74.0,4.44,49,2.97,39,2.5,32,55,2.2,26.981519507186857
Dan Hooker,72.0,155.0,75.0,4.82,48,4.94,49,0.68,33,77,0.6,36.56125941136208
Chris Horodecki,69.0,155.0,69.0,4.59,41,3.16,65,1.52,55,37,0.9,38.95140314852841
Jeremy Horn,73.0,185.0,74.0,1.19,39,1.99,55,1.83,38,29,1.1,51.03353867214237
Moti Horenstein,76.0,230.0,72.0,0.0,0,0.0,0,0.0,0,0,0.0,62.455852156057496
Yoshinori Horie,68.0,145.0,70.0,2.76,49,5.65,48,0.0,0,0,0.0,31.326488706365502
Darrell Horcher,70.0,155.0,70.0,2.05,44,4.21,39,0.35,50,47,0.7,39.110198494182065
Kyoji Horiguchi,64.0,125.0,63.0,3.64,47,2.08,64,1.67,40,61,0.1,35.90143737166324
John Hosman,70.0,135.0,72.0,1.11,38,1.52,45,0.0,0,46,0.0,45.81245722108145
Jamey-Lyn Horth,67.0,125.0,66.0,3.8,47,2.64,63,0.98,42,80,0.2,36.43805612594114
Jeff Hougland,67.0,135.0,68.0,1.86,48,3.46,47,0.86,18,0,1.1,48.09582477754962
Saeed Hosseini,70.0,155.0,72.0,0.0,0,0.0,0,0.0,0,0,0.0,39.59753593429158
Yuma Horiuchi,66.0,125.0,67.0,3.73,30,5.0,35,2.0,16,0,2.0,28.955509924709105
Matt Horning,64.0,125.0,72.0,0.0,0,0.0,0,0.0,0,0,0.0,50.050650239561946
Matt Horwich,73.0,185.0,72.0,1.11,62,2.16,38,0.33,9,28,2.7,47.92881587953457
Trey Houston,71.0,185.0,72.0,0.0,0,0.0,0,0.0,0,0,0.0,38.24503764544832
Jamie Houston,70.0,185.0,72.0,0.0,0,0.0,0,0.0,0,0,0.0,39.59753593429158
Harold Howard,74.0,240.0,72.0,0.0,0,0.0,0,0.0,0,0,0.0,39.59753593429158
Brian Houston,74.0,185.0,72.0,1.9,35,3.67,53,0.95,100,87,0.0,45.36344969199179
Shane Howell,68.0,125.0,72.0,1.27,32,2.55,42,0.0,0,20,0.0,42.77344284736482
John Howard,67.0,170.0,72.0,2.15,50,3.08,51,2.7,49,53,0.4,43.51813826146475
Yuele Huang,70.0,145.0,72.0,0.0,0,0.0,0,0.0,0,0,0.0,26.17385352498289
Carlos Huachin,64.0,135.0,67.0,2.1,21,4.8,50,0.0,0,66,0.0,30.255989048596852
Hu Yaozong,75.0,185.0,72.0,3.35,48,5.09,35,0.0,0,33,0.4,31.416837782340863
Huang Feier,65.0,115.0,65.0,0.0,0,0.0,0,0.0,0,0,0.0,32.48733744010951
Brady Huang,69.0,135.0,69.0,4.62,37,10.77,30,0.0,0,0,0.0,33.72210814510609
Austin Hubbard,70.0,155.0,71.0,3.97,42,4.1,55,1.63,28,68,0.1,34.70773442847365
Collin Huckbody,75.0,185.0,76.0,2.05,60,2.73,42,10.23,100,0,20.4,31.93702943189596
Alex Huddleston,79.0,254.0,72.0,2.47,42,2.59,67,0.0,0,0,0.9,40.07118412046543
Casey Huffman,75.0,185.0,72.0,0.0,0,0.0,0,0.0,0,0,0.0,39.59753593429158
Roger Huerta,69.0,155.0,70.0,3.64,36,2.33,56,2.13,46,52,0.5,43.29911019849418
Matt Hughes,69.0,170.0,73.0,2.14,53,1.36,53,2.95,50,35,1.2,52.89801505817933
Jeff Hughes,74.0,250.0,77.0,3.95,51,3.67,60,0.71,50,45,0.0,38.30527036276523
Sam Hughes,65.0,115.0,64.0,4.41,47,4.69,58,1.12,29,63,0.2,34.19028062970568
Mark Hughes,69.0,205.0,72.0,0.9,47,0.4,42,3.0,50,0,4.5,52.89801505817933
David Hulett,70.0,170.0,72.0,0.0,0,0.0,0,0.0,0,0,0.0,45.9958932238193
Victor Hugo,67.0,135.0,71.0,3.27,44,2.95,56,0.81,33,73,1.2,33.78781656399726
Dominik Humburger,70.0,185.0,72.0,0.0,0,0.0,0,0.0,0,0,0.0,30.67488021902806
Ronald Humphrey,70.0,170.0,72.0,0.0,0,0.0,0,0.0,0,0,0.0,25.960301163586585
Bryan Humes,70.0,265.0,72.0,0.0,0,0.0,0,0.0,0,0,0.0,39.59753593429158
Abongo Humphrey,71.0,205.0,72.0,1.45,40,3.83,46,1.41,37,33,3.8,49.27857631759069
Zevan Hunt,70.0,170.0,72.0,0.0,0,0.0,0,0.0,0,0,0.0,27.745379876796715
Harry Hunsucker,74.0,205.0,75.0,3.54,52,6.53,42,0.0,0,0,2.0,37.672826830937716
Alex Hunter,69.0,226.0,72.0,0.0,0,0.0,0,0.0,0,0,0.0,39.59753593429158
Mark Hunt,70.0,265.0,72.0,2.81,43,2.9,51,0.51,55,64,0.2,52.45722108145106
Adam Hunter,73.0,185.0,72.0,0.0,0,0.0,0,0.0,0,0,0.0,42.8911704312115
Joe Hurley,68.0,155.0,72.0,1.12,45,3.35,56,0.0,0,20,0.0,48.20260095824778
Abdul Hussein,67.0,135.0,67.0,4.96,65,3.35,45,1.14,50,66,3.4,29.09514031485284
Solomon Hutcherson,71.0,185.0,72.0,2.59,39,2.59,64,3.53,100,0,0.0,54.01505817932922
Young Hwang,69.0,135.0,72.0,0.0,0,0.0,0,0.0,0,0,0.0,38.00958247775496
Abdul Azeem Badakhshi,70.0,145.0,72.0,0.0,0,0.0,0,0.0,0,0,0.0,39.59753593429158
In Su Hwang,71.0,185.0,74.0,2.47,46,6.2,44,0.0,0,50,0.0,32.63244353182751
Niklas Backstrom,73.0,145.0,72.0,1.12,41,3.65,40,2.92,80,72,2.2,37.040383299110196
Seth Baczynski,75.0,170.0,75.0,3.08,31,3.14,51,0.89,16,48,0.8,44.86242299794661
Melsik Baghdasaryan,69.0,145.0,70.0,4.98,58,3.15,56,0.0,0,70,0.0,34.60643394934976
Ryan Bader,74.0,205.0,74.0,2.82,43,1.39,71,3.37,44,80,0.4,43.2498288843258
Bahatebole Batebolati,68.0,170.0,71.0,4.02,45,4.83,61,1.34,66,100,0.0,28.982888432580424
Siyar Bahadurzada,71.0,170.0,73.0,2.91,40,3.23,49,1.32,61,62,0.3,42.38740588637919
Ignacio Bahamondes,75.0,170.0,75.0,5.99,46,4.07,55,0.0,0,70,0.6,29.026694045174537
Izabela Badurek,65.0,115.0,72.0,3.74,71,4.9,32,1.75,12,100,0.0,35.15674195756331
Ali Bagautinov,64.0,125.0,65.0,2.85,42,3.09,52,2.51,36,65,0.3,41.24024640657084
Miguel Baeza,74.0,170.0,74.0,4.09,49,5.92,46,0.36,22,54,2.0,34.03696098562629
Mehdi Baghdad,73.0,155.0,72.0,3.13,30,4.56,46,0.0,0,33,0.0,41.399041752224505
Jordan Bailey,69.0,145.0,72.0,1.74,40,0.29,0,4.35,100,0,4.3,39.59753593429158
Shamar Bailey,69.0,155.0,75.0,1.56,20,3.91,69,1.5,33,37,0.0,43.95619438740589
Scott Baker,72.0,210.0,72.0,0.0,0,0.0,0,0.0,0,0,0.0,39.59753593429158
Eros Baluyot,64.0,125.0,65.0,2.31,75,1.54,60,0.0,0,0,0.0,33.869952087611225
Oluwale Bamgbose,71.0,185.0,78.0,2.45,48,2.7,55,0.94,33,37,0.0,39.09103353867214
Gary Balletto,70.0,170.0,72.0,0.0,0,0.0,0,0.0,0,0,0.0,31.627652292950035
Jin Bala,69.0,155.0,72.0,0.0,0,0.0,0,0.0,0,0,0.0,39.59753593429158
Balajin,69.0,145.0,72.0,1.4,33,2.73,50,2.0,20,66,0.0,34.43394934976044
Bryan Baker,75.0,185.0,72.0,1.78,52,2.83,45,0.44,50,37,0.9,40.89801505817933
Yohan Banks,70.0,155.0,72.0,0.0,0,0.0,0,0.0,0,0,0.0,39.59753593429158
Stephen Banaszak,72.0,145.0,72.0,4.2,47,1.15,66,0.0,0,100,1.9,35.748117727583846
Humberto Bandenay,71.0,145.0,71.0,2.22,41,4.79,41,2.9,46,62,0.5,32.00547570157426
Marcin Bandel,70.0,155.0,72.0,0.79,50,5.26,23,0.0,0,0,0.0,36.90622861054072
Tae Hyun Bang,69.0,155.0,71.0,2.72,38,2.07,66,0.49,33,57,0.5,43.39493497604381
Shauna Bannon,65.0,115.0,65.0,3.85,44,3.25,45,0.0,0,47,0.5,32.87063655030801
Antonio Banuelos,65.0,135.0,63.0,2.69,33,3.15,58,1.62,62,86,0.4,46.954140999315534
Iwo Baraniewski,72.0,205.0,73.0,11.35,57,8.65,52,0.0,0,100,0.0,27.794661190965094
Junior Barata,70.0,170.0,72.0,4.03,33,8.46,34,0.0,0,0,0.0,44.61327857631759
Renan Barao,66.0,145.0,70.0,3.78,36,3.9,57,1.49,41,91,0.5,39.59753593429158
Bryan Barberena,72.0,185.0,72.0,5.35,48,4.59,44,0.13,22,50,0.3,37.34428473648186
Djani Barbir,75.0,185.0,79.0,3.64,40,4.55,66,0.0,0,0,0.0,29.075975359342916
Dione Barbosa,66.0,125.0,66.0,2.15,45,2.29,64,2.47,44,63,2.1,34.32991101984942
Raoni Barcelos,67.0,135.0,67.0,4.65,51,4.24,60,2.51,31,87,0.7,39.351129363449694
James Barnes,68.0,135.0,71.0,0.57,34,3.02,39,1.08,16,40,0.0,44.276522929500345
Luke Barnatt,78.0,185.0,77.0,4.43,36,3.87,59,0.63,42,63,0.4,38.39835728952772
Marcio Barbosa,66.0,145.0,70.0,7.01,47,6.65,52,0.0,0,100,0.0,28.292950034223136
Daniel Barez,66.0,125.0,66.0,4.6,48,6.93,50,1.71,29,80,0.5,37.738535249828885
Maycee Barber,65.0,125.0,65.0,4.56,53,2.78,55,1.56,45,51,0.1,28.303901437371664
Danny Barlow,74.0,185.0,79.0,5.81,51,4.65,52,0.0,0,100,0.0,31.096509240246405
Chris Barnett,69.0,261.0,75.0,3.36,47,6.55,36,0.0,0,35,0.0,40.2299794661191
Edson Barboza,71.0,155.0,75.0,4.14,44,4.68,55,0.43,50,73,0.1,40.62422997946612
Josh Barnett,75.0,250.0,78.0,3.2,50,2.11,57,1.26,55,55,1.4,48.82135523613963
Nick Barnes,71.0,170.0,72.0,2.86,29,8.93,51,5.36,100,100,5.4,39.59753593429158
Carlos Barreto,76.0,230.0,72.0,0.0,0,0.0,0,0.0,0,0,0.0,58.12457221081451
Shonte Barnes,71.0,185.0,76.0,2.32,38,1.55,67,0.0,0,60,0.0,39.572895277207394
Chris Barnhizer,70.0,155.0,72.0,0.0,0,0.0,0,0.0,0,0,0.0,38.86652977412731
David Baron,66.0,155.0,72.0,1.17,30,2.1,56,0.0,0,14,0.7,53.555099247091036
Dan Barrera,69.0,170.0,72.0,0.8,70,1.2,28,1.0,8,0,0.0,45.70294318959617
Peter Barrett,70.0,145.0,73.0,4.18,61,4.32,42,1.39,22,66,0.0,40.07392197125257
Phil Baroni,69.0,170.0,72.0,2.77,45,3.93,40,1.46,47,60,0.5,50.390143737166326
Jose Barreto,70.0,185.0,72.0,0.0,0,0.0,0,0.0,0,0,0.0,39.59753593429158
Marc-Andre Barriault,73.0,185.0,74.0,5.65,47,5.94,49,0.34,28,68,0.1,36.54757015742642
David Barrios,66.0,145.0,72.0,0.0,0,0.0,0,0.0,0,0,0.0,39.59753593429158
Ricardo Barros,73.0,205.0,72.0,0.0,0,8.22,31,0.0,0,100,0.0,50.458590006844624
Alexandre Barros,69.0,170.0,72.0,0.98,40,4.05,36,1.84,50,100,0.0,49.79603011635866
Pat Barry,71.0,235.0,74.0,2.72,52,3.54,59,0.0,0,76,0.2,47.167693360711844
Dean Barry,70.0,170.0,72.0,9.31,40,4.66,51,0.0,0,100,0.0,34.17659137577002
Enrique Barzola,67.0,145.0,70.0,3.91,41,2.97,68,4.2,45,66,0.3,37.35797399041752
Javid Basharat,69.0,135.0,69.0,5.18,54,2.75,63,1.83,40,83,0.1,30.99794661190965
Austin Bashi,66.0,145.0,70.0,1.89,42,2.34,52,6.09,35,63,1.4,24.93634496919918
Francimar Barroso,73.0,205.0,75.0,2.77,52,3.07,59,2.22,24,83,0.0,46.521560574948666
Namsrai Batbayar,64.0,125.0,68.0,4.44,45,3.42,48,2.85,30,100,0.9,25.686516084873375
Farid Basharat,68.0,135.0,71.0,4.46,54,3.24,60,3.57,37,54,0.3,29.09514031485284
Ryan Bastianelli,65.0,135.0,72.0,0.0,0,0.0,0,0.0,0,0,0.0,46.997946611909654
Stephen Bass,69.0,145.0,72.0,4.87,52,5.87,55,0.0,0,0,0.0,43.81108829568789
Sean Bassett,70.0,155.0,72.0,0.0,0,0.0,0,0.0,0,0,0.0,39.59753593429158
Chris Beal,67.0,125.0,69.0,3.45,35,3.18,61,1.6,58,78,0.2,41.08418891170431
Rudy Bears,71.0,170.0,72.0,1.27,29,2.53,50,0.0,0,0,0.0,47.630390143737166
Shayna Baszler,67.0,135.0,72.0,2.49,30,6.36,51,0.67,18,44,1.3,46.078028747433265
Mario Bautista,69.0,135.0,69.0,5.52,50,4.17,54,2.49,38,57,1.1,33.18275154004107
Donovan Beard,74.0,185.0,78.0,0.0,0,5.77,28,0.0,0,0,0.0,36.83504449007529
Michel Batista,75.0,260.0,72.0,0.0,0,4.03,40,6.72,50,0,0.0,42.379192334017795
Salvador Becerra,69.0,155.0,72.0,4.57,31,3.83,58,0.0,0,66,0.0,39.59753593429158
Alan Baudot,75.0,243.0,79.0,5.36,58,4.82,46,0.0,0,62,0.0,38.59548254620123
Bryan Battle,73.0,185.0,77.0,5.12,52,4.11,44,0.77,17,53,0.4,31.958932238193018
Ariel Beck,66.0,125.0,66.0,4.44,34,4.31,64,0.0,0,0,0.0,35.97262149212868
Jeff Bedard,66.0,145.0,72.0,0.8,51,0.0,100,3.43,66,100,2.6,56.580424366872
Jack Becker,70.0,155.0,71.0,1.01,39,5.82,26,1.68,50,0,0.0,33.711156741957566
Eric Bedard,74.0,239.0,72.0,6.37,35,8.54,52,0.0,0,0,0.0,41.98494182067078
Johnny Bedford,70.0,135.0,71.0,4.53,50,1.75,63,1.83,62,62,0.0,43.66598220396988
Allan Begosso,65.0,135.0,66.0,1.8,40,7.73,34,0.0,0,25,2.0,30.78713210130048
Chase Beebe,67.0,135.0,67.0,2.17,38,1.64,69,2.49,42,41,0.9,41.440109514031484
Rolando Bedoya,71.0,155.0,74.0,6.23,47,5.5,52,0.0,0,75,0.2,29.645448323066393
Lyle Beerbohm,70.0,155.0,72.0,1.98,55,1.61,54,2.1,23,64,0.3,47.58384668035592
Azamat Bekoev,72.0,185.0,72.0,4.57,52,6.83,31,3.48,43,62,0.0,30.68583162217659
Diana Belbita,67.0,125.0,68.0,6.45,41,6.55,51,0.86,62,64,0.0,30.195756331279945
Mirsad Bektic,68.0,145.0,70.0,2.43,41,1.8,57,3.98,52,92,0.4,35.553730321697465
Yousri Belgaroui,78.0,185.0,79.0,6.1,64,2.17,63,0.29,100,66,0.0,34.261464750171115
Vitor Belfort,72.0,185.0,74.0,1.59,46,2.83,50,1.02,60,53,0.6,49.43189596167009
Rodolfo Bellato,75.0,205.0,75.0,5.37,60,5.86,46,1.38,35,94,0.2,30.584531143052704
Danilo Belluardo,72.0,155.0,74.0,1.52,61,4.79,41,3.5,100,50,0.0,32.12867898699521
Alan Belcher,74.0,185.0,75.0,2.7,41,3.1,59,0.44,26,55,0.9,42.36824093086927
Mike Bencic,72.0,215.0,72.0,0.0,0,3.32,53,0.0,0,0,0.0,60.17796030116359
Gabriel Benitez,68.0,155.0,71.0,5.26,41,4.49,63,0.22,50,55,0.9,38.2258726899384
Karla Benitez,63.0,113.0,72.0,0.0,0,2.4,57,0.0,0,100,0.0,47.5564681724846
Dave Beneteau,74.0,250.0,72.0,0.0,0,0.0,0,0.0,0,0,0.0,39.59753593429158
Joey Beltran,73.0,185.0,75.0,4.92,36,5.27,54,0.48,18,75,0.0,44.74469541409993
Charles Bennett,68.0,155.0,72.0,1.39,39,1.35,64,2.02,100,36,2.0,46.78713210130048
Joseph Benavidez,64.0,125.0,65.0,3.52,34,2.67,61,1.41,30,62,0.6,42.09993155373032
Marco Beltran,68.0,125.0,69.0,2.07,37,1.93,63,0.7,50,46,0.2,40.303901437371664
DeAnna Bennett,64.0,125.0,68.0,3.13,58,3.27,58,0.0,0,0,1.0,41.79876796714579
Josh Bennett,76.0,259.0,72.0,2.9,40,5.8,43,1.5,100,100,0.0,39.59753593429158
Joe Benoit,69.0,170.0,72.0,0.0,0,0.0,100,0.0,0,0,0.0,44.48733744010951
Benjamin Bennett,72.0,170.0,73.0,4.53,54,4.53,65,6.0,60,0,0.0,32.33127994524298
Lance Benoist,71.0,170.0,72.0,3.68,51,2.7,56,1.5,33,61,0.0,38.02874743326489
Pat Benson,69.0,155.0,72.0,0.0,0,0.0,0,0.0,0,0,0.0,52.14784394250513
Ryan Benoit,65.0,125.0,68.0,2.88,39,3.65,58,0.28,22,72,0.4,37.0321697467488
Delphine Benouaich,70.0,115.0,72.0,0.0,0,0.0,0,0.0,0,0,0.0,31.463381245722108
Steve Berger,71.0,170.0,72.0,1.0,27,3.26,36,0.84,40,16,1.7,53.29774127310061
Theodor Berggren,71.0,170.0,75.0,3.49,35,10.78,33,0.0,0,0,0.0,26.409308692676248
Len Bentley,69.0,155.0,72.0,0.0,0,0.0,0,0.0,0,0,0.0,43.76728268309377
Kenneth Bergh,74.0,205.0,74.0,4.56,75,1.27,28,0.0,0,0,0.0,37.19644079397673
Arlind Berisha,70.0,205.0,72.0,0.0,0,0.0,0,0.0,0,0,0.0,25.83436002737851
Bret Bergmark,69.0,170.0,72.0,2.78,52,2.78,37,4.17,100,50,4.2,52.78302532511978
Keith Berish,72.0,205.0,72.0,3.58,36,4.81,62,1.76,40,0,0.0,40.8104038329911
Manny Bermudez,70.0,145.0,71.0,2.92,61,2.68,46,3.06,54,0,3.1,32.14236824093087
Dennis Bermudez,66.0,155.0,66.0,4.42,46,3.07,59,3.89,40,82,1.1,39.73169062286105
Talita Bernardo,64.0,135.0,68.0,3.12,42,4.04,55,1.62,22,28,0.5,39.50992470910335
Keith Berry,73.0,185.0,72.0,0.27,12,6.27,28,0.0,0,0,0.0,38.86652977412731
Dave Berry,70.0,155.0,72.0,0.0,0,0.0,0,0.0,0,0,0.0,39.59753593429158
Allen Berube,68.0,155.0,72.0,0.92,80,0.92,33,6.87,100,0,3.4,52.03285420944559
Edson Berto,66.0,155.0,72.0,1.76,36,4.62,47,5.47,40,0,2.7,43.17316906228611
Anton Berzin,74.0,205.0,72.0,4.4,46,6.8,67,2.0,28,0,1.0,36.936344969199176
Scott Bessac,76.0,245.0,72.0,0.0,0,0.0,0,0.0,0,0,0.0,60.91991786447639
Dieusel Berto,69.0,200.0,72.0,0.0,0,0.0,0,0.0,0,0,0.0,39.59753593429158
Chris Birchler,75.0,205.0,72.0,9.35,46,14.83,35,0.0,0,0,0.0,39.25530458590007
Magomed Bibulatov,65.0,125.0,65.0,3.6,51,1.83,52,2.85,40,75,0.0,38.039698836413415
Khadzhi Bestaev,78.0,185.0,76.0,6.15,29,10.0,43,0.0,0,0,0.0,38.1409993155373
Matt Bessette,70.0,145.0,70.0,4.36,41,4.45,58,0.64,28,61,0.3,41.68925393566051
Jonas Bilharinho,71.0,145.0,75.0,3.71,60,3.36,57,0.0,0,100,0.0,36.29295003422313
Arjan Bhullar,73.0,245.0,75.0,2.33,56,3.25,59,1.73,75,100,0.0,40.31759069130732
KB Bhullar,76.0,185.0,78.0,4.31,49,5.39,45,0.0,0,0,0.0,34.902121834360024
Fernando Bettega,70.0,170.0,72.0,0.0,0,0.0,0,0.0,0,0,0.0,46.49144421629021
Angad Bisht,67.0,125.0,67.0,3.91,51,4.56,33,2.41,37,100,0.0,31.255304585900067
David Bielkheden,70.0,155.0,71.0,1.11,57,1.64,54,2.65,63,14,0.0,47.252566735112936
Alivia Bierley,70.0,135.0,72.0,0.0,0,0.0,0,0.0,0,0,0.0,29.960301163586585
Jeremiah Billington,69.0,205.0,72.0,1.6,62,7.06,35,0.0,0,50,0.0,48.8104038329911
Blake Bilder,68.0,145.0,68.0,3.81,48,4.15,53,0.31,7,71,0.6,36.153319644079396
Scott Bills,70.0,170.0,72.0,0.0,0,0.0,0,0.0,0,0,0.0,39.59753593429158
Michael Bisping,73.0,185.0,75.0,4.33,38,2.71,65,1.05,43,63,0.3,47.520876112251884
Simon Biyong,70.0,205.0,72.0,0.0,0,0.0,0,0.0,0,0,0.0,35.422313483915126
Caio Bittencourt,72.0,185.0,75.0,0.29,16,0.57,33,0.0,0,0,0.0,35.29363449691992
Davi Bittencourt,65.0,135.0,65.0,4.15,66,1.51,46,14.15,33,0,0.0,31.901437371663246
Amaury Bitetti,69.0,185.0,72.0,0.0,0,0.0,0,0.0,0,0,0.0,57.39630390143737
Anthony Birchak,68.0,135.0,69.0,3.93,36,3.67,56,0.48,14,61,0.5,40.309377138945926
Jan Blachowicz,74.0,205.0,78.0,3.53,50,3.23,51,0.97,48,70,0.4,43.53182751540041
Jason Black,68.0,155.0,72.0,1.06,47,2.6,45,0.48,33,28,6.2,54.143737166324435
Brad Blackburn,70.0,170.0,73.0,4.55,35,3.59,65,0.93,50,76,0.7,49.28405201916495
Jason Blackford,70.0,155.0,72.0,0.0,0,0.0,0,0.0,0,0,0.0,39.59753593429158
Tom Blackledge,70.0,205.0,72.0,2.91,61,2.55,46,0.0,0,75,0.0,39.59753593429158
Sherrard Blackledge,71.0,155.0,75.0,3.7,49,3.13,55,4.0,33,42,0.0,33.05681040383299
Chasen Blair,70.0,155.0,71.0,4.31,39,5.39,55,0.0,0,100,0.0,27.89596167008898
Da'Mon Blackshear,70.0,135.0,72.0,4.33,45,4.19,52,1.48,33,71,1.5,32.068446269678304
Erin Blanchfield,64.0,125.0,66.0,5.24,44,4.25,58,1.96,34,78,0.9,27.342915811088297
Maximo Blanco,68.0,145.0,71.0,4.11,44,3.19,66,1.85,36,63,0.3,42.8911704312115
David Blanco,67.0,145.0,72.0,0.0,0,0.0,0,0.0,0,0,0.0,39.59753593429158
Tereza Bleda,69.0,125.0,71.0,2.92,51,2.14,43,1.72,22,83,0.7,24.76659822039699
Arlene Blencowe,65.0,145.0,72.0,2.31,43,2.1,43,0.0,0,55,0.6,43.40588637919233
Byron Bloodworth,68.0,135.0,72.0,1.82,28,5.18,50,0.0,0,0,0.0,43.058179329226554
Curtis Blaydes,76.0,265.0,80.0,4.18,52,2.76,53,5.12,47,35,0.0,35.5482546201232
Dashawn Boatwright,72.0,205.0,72.0,0.0,0,52.5,12,0.0,0,0,0.0,38.51882272416153
Dan Bobish,74.0,345.0,72.0,2.06,44,1.74,34,2.44,42,0,1.6,56.610540725530456
Mark Bocek,68.0,155.0,75.0,2.34,43,2.32,60,3.65,36,31,1.3,44.86789869952088
Jeremy Boczulak,70.0,155.0,72.0,0.0,0,0.0,0,0.0,0,0,0.0,39.59753593429158
James Bochnovic,76.0,205.0,81.0,0.65,26,3.64,21,0.0,0,0,0.0,37.5605749486653
Kyle Bochniak,67.0,145.0,70.0,2.63,31,5.11,58,1.14,15,62,0.0,39.58384668035592
Jay Bogan,70.0,145.0,72.0,0.0,0,0.0,0,0.0,0,0,0.0,39.59753593429158
Derek Bohi,76.0,260.0,72.0,0.0,0,0.0,0,0.0,0,0,0.0,39.59753593429158
Galore Bofando,71.0,170.0,72.0,3.63,45,3.63,54,2.37,100,50,0.0,44.29295003422313
Tim Boetsch,72.0,185.0,74.0,2.93,50,2.9,57,1.45,34,59,0.8,45.60438056125941
Roman Bogatov,68.0,155.0,73.0,3.33,42,4.4,44,1.0,9,50,0.0,35.72621492128679
Jerry Bohlander,71.0,199.0,72.0,0.0,0,0.0,0,0.0,0,0,0.0,52.563997262149215
Kotetsu Boku,69.0,154.0,72.0,2.47,42,2.8,53,0.0,0,0,0.0,49.27857631759069
Otgonbaatar Boldbaatar,65.0,125.0,67.0,3.26,29,7.83,52,0.0,0,0,0.0,23.698836413415467
Mandy Bohm,67.0,125.0,71.0,2.51,45,3.24,60,0.72,18,75,0.7,37.10335386721424
Gaston Bolanos,67.0,145.0,69.0,3.91,47,3.54,54,0.75,75,50,0.0,33.97672826830938
Denys Bondar,66.0,125.0,69.0,4.59,50,5.16,56,3.99,58,62,0.0,34.19301848049281
Kyle Bolt,74.0,185.0,72.0,7.27,52,7.27,45,0.0,0,0,0.0,39.59753593429158
Gabriel Bonfim,73.0,170.0,72.0,4.76,47,3.61,64,2.57,53,78,1.0,29.045859000684462
Luc Bondole,74.0,205.0,72.0,3.35,51,2.04,62,0.0,0,0,1.8,39.59753593429158
Tony Bonello,74.0,185.0,72.0,0.62,33,12.62,10,0.0,0,0,0.0,53.87816563997262
Ismael Bonfim,68.0,155.0,71.0,5.1,54,3.96,62,1.22,33,76,0.0,30.691307323750856
Igor Borisov,72.0,235.0,72.0,0.0,0,0.0,0,0.0,0,0,0.0,62.3025325119781
Jesse Bongfeldt,72.0,185.0,72.0,2.91,62,1.01,50,1.51,33,33,0.0,46.02327173169062
Ray Borg,64.0,135.0,63.0,1.52,52,1.93,48,3.89,50,46,1.0,33.08966461327858
Marcos Bonilla,70.0,145.0,72.0,0.47,12,0.47,94,0.0,0,0,0.0,39.59753593429158
Stephan Bonnar,76.0,205.0,79.0,2.76,38,3.01,52,1.32,40,60,1.0,49.42368240930869
Rogerio Bontorin,65.0,125.0,67.0,2.63,52,3.27,50,2.9,60,51,1.0,34.365503080082135
Kevin Borjas,65.0,125.0,68.0,3.87,42,5.27,50,0.0,0,72,0.0,28.750171115674195
Calen Born,68.0,170.0,72.0,0.0,0,0.0,0,0.0,0,0,0.0,38.286105407255306
Viacheslav Borshchev,71.0,155.0,69.0,5.1,50,4.46,57,0.0,0,43,0.1,34.6611909650924
Caio Borralho,73.0,185.0,75.0,3.47,56,2.61,60,1.25,50,76,0.4,33.637234770705
Poliana Botelho,68.0,125.0,67.0,2.9,58,2.8,54,0.85,57,76,0.0,37.724845995893226
Gregory Bouchelaghem,74.0,183.0,72.0,0.27,21,1.53,36,0.0,0,50,0.0,48.45722108145106
Roy Boughton,72.0,205.0,72.0,0.0,0,0.0,0,0.0,0,0,0.0,39.59753593429158
Francois Botha,74.0,260.0,72.0,0.0,0,1.05,77,0.0,0,0,0.0,57.93839835728953
Ilian Bouafia,77.0,185.0,78.0,2.0,47,1.67,65,0.0,0,100,0.0,29.812457221081452
Zachary Borrego,74.0,185.0,78.0,0.0,0,1.94,33,0.0,0,0,0.0,30.135523613963038
Steve Bosse,71.0,205.0,72.0,5.99,52,5.38,50,0.92,33,100,0.0,45.106091718001366
Tanner Boser,74.0,205.0,75.0,4.82,53,3.0,57,0.0,0,69,0.0,35.096509240246405
Marcus Bossett,73.0,215.0,72.0,0.0,0,0.0,0,0.0,0,0,0.0,39.59753593429158
Chris Bostick,70.0,155.0,72.0,0.0,0,0.0,0,0.0,0,0,0.0,39.59753593429158
Mike Bourke,72.0,275.0,72.0,0.0,0,0.0,0,0.0,0,0,0.0,57.779603011635864
Rich Bouphanouvong,67.0,170.0,72.0,0.0,0,0.0,0,0.0,0,0,0.0,39.59753593429158
Jess Bouscal,70.0,155.0,72.0,0.0,0,0.0,0,0.0,0,0,0.0,39.59753593429158
Tai Bowden,71.0,230.0,72.0,0.0,0,0.0,0,0.0,0,0,0.0,39.59753593429158
Melton Bowen,72.0,225.0,72.0,0.0,0,0.0,0,0.0,0,0,0.0,57.14168377823409
Kyron Bowen,75.0,185.0,73.0,2.73,57,2.05,40,0.0,0,0,0.0,32.70636550308008
Blake Bowman,74.0,170.0,72.0,0.0,0,0.0,0,0.0,0,0,0.0,39.59753593429158
Roger Bowling,69.0,155.0,68.0,3.9,47,3.86,51,3.09,43,27,0.9,43.75359342915811
Brian Bowles,67.0,135.0,70.0,2.36,26,2.98,64,1.39,70,54,1.4,46.20670773442848
Ashe Bowman,69.0,155.0,72.0,2.43,42,4.86,57,0.0,0,0,0.0,49.80150581793292
Colley  Bradford,67.0,145.0,72.0,0.43,25,1.73,50,19.42,50,100,0.0,39.59753593429158
Sean Brady,70.0,170.0,72.0,4.08,53,2.77,59,3.58,51,86,0.8,33.78507871321013
Ebenezer Fontes Braga,72.0,199.0,72.0,2.42,50,0.42,71,0.0,0,90,0.6,57.39630390143737
Ramiz Brahimaj,70.0,170.0,72.0,2.29,48,3.27,47,1.99,34,44,1.6,33.80150581793292
Anvar Boynazarov,69.0,145.0,72.0,0.0,0,7.83,29,0.0,0,0,0.0,37.65366187542779
Joe Brammer,68.0,155.0,72.0,2.15,31,2.8,56,0.81,50,50,0.0,43.03901437371663
Paul Bradley,69.0,170.0,72.0,2.26,32,4.13,56,1.12,16,100,0.0,43.233401779603014
Adam Bramhald,70.0,135.0,70.0,7.65,45,8.05,33,0.0,0,100,0.0,32.45448323066393
David Branch,73.0,185.0,78.0,1.66,39,1.91,56,2.55,32,43,0.0,44.94455852156057
Kyle Bradley,69.0,155.0,71.0,1.99,40,3.45,58,0.65,50,40,0.0,44.049281314168375
Billy Brand,66.0,135.0,65.0,2.86,25,8.57,40,0.0,0,75,0.0,30.17659137577002
Diego Brandao,67.0,145.0,64.0,2.94,47,3.38,62,3.21,68,80,0.6,39.279945242984255
Michael Bravo,70.0,155.0,72.0,0.0,0,0.0,0,0.0,0,0,0.0,39.59753593429158
Martin Bravo,68.0,145.0,71.0,7.66,39,5.72,51,2.6,35,85,0.0,32.95824777549623
Bruna Brasil,66.0,115.0,65.0,2.56,57,3.75,52,1.23,52,57,0.1,32.99657768651608
Roman Bravo-Young,70.0,205.0,72.0,0.0,0,0.0,0,0.0,0,0,0.0,39.59753593429158
Mike Breeden,70.0,155.0,70.0,5.75,45,7.28,42,0.98,30,67,0.0,37.37713894592745
Elves Brener,70.0,155.0,72.0,4.76,47,5.86,50,0.99,16,76,0.0,28.941820670773442
Tom Breese,75.0,185.0,73.0,3.34,50,2.81,60,0.0,0,70,1.1,34.945927446954144
Charlie Brenneman,70.0,155.0,70.0,1.52,56,1.55,46,4.23,42,72,0.0,45.57152635181382
Marcos Brigagao,75.0,205.0,76.0,3.07,43,3.27,25,0.0,0,36,0.0,30.431211498973305
Lucas Brennan,70.0,155.0,72.0,0.6,25,2.2,52,0.0,0,33,1.0,26.258726899383984
Robert Breslin,71.0,155.0,72.0,2.21,46,3.5,66,1.38,100,50,0.0,39.59753593429158
Chris Brennan,68.0,170.0,72.0,0.6,40,0.97,50,0.0,0,25,2.1,54.902121834360024
Jason Brilz,71.0,205.0,71.0,2.66,40,1.78,65,2.37,25,25,1.3,51.167693360711844
Mack Brewer,70.0,205.0,72.0,0.0,0,6.67,36,0.0,0,0,0.0,39.59753593429158
Henry Briones,68.0,135.0,69.0,3.47,42,4.68,53,0.0,0,52,0.6,45.87268993839836
Marcus Brimage,64.0,135.0,71.0,3.97,35,3.64,56,0.56,100,80,0.0,41.41820670773443
Aaron Brink,75.0,205.0,72.0,3.49,42,5.71,57,0.0,0,0,0.0,51.81656399726215
Joanderson Brito,68.0,145.0,72.0,2.38,50,2.28,43,3.23,67,57,1.2,31.567419575633128
Icaro Brito,70.0,145.0,72.0,0.0,0,0.0,0,0.0,0,0,0.0,27.496235455167692
Marcelo Brito,73.0,170.0,72.0,0.6,20,3.53,55,0.0,0,50,0.0,48.77481177275838
Kaik Brito,71.0,170.0,72.0,2.8,38,3.87,55,0.0,0,55,2.0,29.44832306639288
Antwain Britt,73.0,205.0,77.0,1.46,39,2.81,44,1.56,40,50,0.0,48.328542094455855
Drew Brokenshire,70.0,155.0,72.0,0.0,0,0.0,0,0.0,0,0,0.0,39.59753593429158
Mike Bronzoulis,72.0,155.0,72.0,1.13,34,2.54,37,0.0,0,33,0.0,47.66872005475702
Jonathan Brookins,72.0,145.0,74.0,2.69,39,3.63,56,1.94,17,80,0.3,41.06502395619439
Will Brooks,70.0,155.0,72.0,4.26,59,2.54,56,2.08,51,82,0.3,39.912388774811774
Lee Brousseau,73.0,205.0,72.0,0.0,0,0.0,0,0.0,0,0,0.0,51.9233401779603
Jarred Brooks,63.0,125.0,62.0,2.12,46,1.66,62,4.54,57,69,0.6,33.347022587268995
Rob Broughton,74.0,265.0,74.0,2.83,60,2.54,51,0.0,0,26,3.2,43.51266255989049
Matt Brown,72.0,170.0,75.0,3.76,55,2.92,55,1.68,46,63,1.3,45.65366187542779
Dominic Brown,71.0,190.0,72.0,0.0,0,0.0,0,0.0,0,0,0.0,44.257357973990416
Mike Brown,66.0,145.0,70.0,2.98,44,2.45,60,3.23,40,66,0.6,50.99520876112252
Todd Brown,71.0,205.0,72.0,2.15,45,3.85,48,0.0,0,50,0.0,49.73032169746749
Frederick Brown,72.0,235.0,72.0,0.0,0,0.0,0,0.0,0,0,0.0,39.59753593429158
Terrell Brown,70.0,185.0,72.0,0.0,0,0.0,0,0.0,0,0,0.0,43.40041067761807
Chris Brown,70.0,170.0,72.0,0.0,0,0.0,0,0.0,0,0,0.0,39.59753593429158
TJ Brown,69.0,145.0,72.0,3.37,44,2.89,49,3.41,57,36,1.3,36.29295003422313
Damien Brown,70.0,155.0,68.0,3.66,38,4.86,50,0.68,27,53,0.7,41.6974674880219
Randy Brown,75.0,170.0,78.0,4.39,47,3.35,53,0.71,34,74,0.5,36.16427104722793
Humberto Brown Morrison,70.0,145.0,72.0,1.71,50,2.19,62,1.43,25,0,0.0,41.83983572895277
Junie Browning,69.0,155.0,72.0,3.76,48,1.76,66,3.53,66,0,3.5,42.31895961670089
Travis Browne,78.0,255.0,79.0,2.93,41,4.31,42,1.21,68,75,0.2,44.139630390143736
Jules Bruchez,72.0,205.0,72.0,0.69,50,5.52,46,0.0,0,0,0.0,49.05681040383299
Justin Bruckmann,69.0,170.0,72.0,0.59,66,5.91,16,0.0,0,33,0.0,52.12320328542094
Justin Buchholz,72.0,155.0,73.0,2.35,26,4.14,51,0.0,0,33,0.8,43.04175222450377
Steve Bruno,70.0,170.0,72.0,0.96,52,3.38,36,1.94,25,46,0.4,44.84052019164955
Marcus Buchecha,74.0,255.0,77.0,1.59,50,2.15,50,2.02,16,0,0.4,36.65982203969884
Cody Brundage,72.0,185.0,72.0,2.5,51,2.95,50,1.8,41,66,0.5,32.309377138945926
Fernando Bruno,66.0,145.0,72.0,1.75,39,1.78,48,2.02,22,56,0.5,44.53114305270363
Josh Bryant,70.0,185.0,72.0,1.1,20,6.1,43,0.0,0,0,0.0,46.3709787816564
Zak Bucia,70.0,170.0,72.0,0.0,0,0.0,0,0.0,0,0,0.0,41.94113620807666
Derek Brunson,73.0,185.0,77.0,3.51,47,3.05,51,3.14,33,85,0.6,42.672142368240934
Dennis Bryant,72.0,205.0,72.0,10.56,59,10.56,13,0.0,0,0,0.0,40.884325804243666
Robert Bryczek,72.0,185.0,75.0,2.8,37,4.51,55,0.36,100,71,0.4,36.17522245037645
Lukasz Brzeski,75.0,236.0,78.0,4.9,50,3.65,54,0.41,33,35,0.4,34.30527036276523
Courtney Buck,70.0,135.0,72.0,1.49,28,3.24,54,0.0,0,33,0.0,44.46817248459959
Joaquin Buckley,70.0,170.0,76.0,3.62,36,3.1,58,1.43,45,70,0.1,32.36139630390144
Martin Buday,76.0,265.0,77.0,4.39,53,4.49,55,0.15,20,93,0.1,34.81998631074607
Francisco Bueno,69.0,225.0,72.0,0.0,0,0.0,0,0.0,0,0,0.0,53.70294318959617
Julia Budd,67.0,145.0,67.0,2.42,74,1.18,47,3.6,57,83,0.0,43.175906913073234
Dylan Budka,72.0,185.0,75.0,1.06,38,1.8,42,1.93,38,76,0.4,26.64476386036961
Mike Budnik,69.0,145.0,68.0,0.65,52,0.95,53,0.0,0,0,3.4,52.07939767282683
Mayra Bueno Silva,66.0,135.0,66.0,3.52,56,4.71,51,0.46,23,64,1.3,35.04175222450377
Marek Bujlo,76.0,265.0,77.0,2.07,38,3.27,37,0.0,0,0,0.0,33.90554414784394
Paul Buentello,74.0,245.0,77.0,3.29,45,3.83,52,0.19,33,39,0.4,52.63791923340178
Lee Kwan Bum,74.0,286.0,72.0,0.71,14,0.0,100,0.0,0,0,0.0,39.90143737166324
Modestas Bukauskas,75.0,205.0,76.0,3.14,43,3.86,50,0.23,66,82,0.1,32.56947296372348
Shawn Bunch,65.0,135.0,72.0,0.0,0,1.55,55,0.0,0,50,0.0,43.46885694729637
Josh Bumgarner,73.0,170.0,72.0,0.0,0,0.0,0,0.0,0,0,0.0,45.295003422313485
Felipe Bunes,67.0,125.0,69.0,3.17,46,4.57,47,1.08,25,40,1.4,36.85420944558521
Shane Burgos,71.0,145.0,75.0,7.4,52,6.78,56,0.43,44,91,0.4,35.46885694729637
Josh Burns,73.0,244.0,72.0,2.4,48,5.73,32,0.0,0,100,0.0,48.31211498973306
Derrick Burnsed,70.0,155.0,72.0,0.0,0,0.0,0,0.0,0,0,0.0,46.24229979466119
Herbert Burns,69.0,145.0,73.0,1.86,36,5.17,41,2.94,34,66,1.8,38.5927446954141
Mikey Burnett,66.0,170.0,72.0,0.0,0,0.0,0,0.0,0,0,0.0,52.40246406570842
Justin Burlinson,73.0,170.0,74.0,1.24,40,3.09,61,0.0,0,100,9.3,29.300479123887747
Kevin Burns,70.0,170.0,74.0,2.74,38,4.3,52,0.28,50,47,0.8,46.510609171800134
Mads Burnell,68.0,145.0,69.0,1.28,41,2.71,51,3.45,47,22,0.4,32.50376454483231
Joshua Burkman,70.0,170.0,72.0,2.69,43,3.13,51,2.53,36,72,0.3,46.40657084188912
Martin Buschkamp,69.0,145.0,72.0,0.0,0,0.0,0,0.0,0,0,0.0,35.66598220396988
Gilbert Burns,70.0,170.0,71.0,3.16,48,3.68,52,2.04,35,53,0.4,40.13141683778234
Nah-Shon Burrell,71.0,170.0,72.0,4.83,47,3.45,56,0.0,0,52,0.3,36.58316221765914
Nick Bustamante,69.0,170.0,72.0,0.0,0,0.0,0,0.0,0,0,0.0,39.59753593429158
Eduardo Bustillos,68.0,135.0,72.0,2.61,59,6.22,35,0.0,0,100,0.0,39.26351813826147
Bubba Bush,72.0,185.0,72.0,0.63,55,7.01,25,2.82,50,60,0.0,41.11978097193703
George Bush,73.0,205.0,72.0,6.35,64,2.31,55,17.31,66,0,0.0,39.59753593429158
Dakota Bush,70.0,155.0,73.0,2.77,38,4.42,41,2.4,33,0,0.0,32.24366872005476
Murilo Bustamante,74.0,183.0,72.0,1.33,32,1.9,60,2.46,33,54,1.2,60.10403832991102
Jason Butcher,75.0,185.0,72.0,1.82,40,2.73,25,13.64,50,0,0.0,41.869952087611225
Ian Butler,68.0,155.0,72.0,2.09,14,6.69,36,0.0,0,50,0.0,39.59753593429158
Goldman Butler,70.0,155.0,72.0,0.0,0,0.0,0,0.0,0,0,0.0,39.59753593429158
Todd Butler,73.0,200.0,72.0,0.0,0,0.0,0,0.0,0,0,0.0,39.59753593429158
Raphael Butler,75.0,261.0,72.0,4.69,45,0.94,91,0.0,0,100,14.1,42.672142368240934
Jesse Butler,70.0,135.0,73.0,2.02,34,4.62,39,0.0,0,0,0.0,34.286105407255306
JP Buys,65.0,135.0,67.0,1.88,39,3.02,40,1.55,25,25,2.3,30.351813826146476
Dennis Buzukja,69.0,145.0,70.0,4.28,44,4.76,48,0.55,27,72,0.2,28.930869267624914
Charles Byrd,70.0,185.0,73.0,3.43,55,2.63,55,2.5,50,40,1.5,42.90485968514716
Priscila Cachoeira,67.0,135.0,65.0,4.35,44,7.45,45,0.37,50,69,0.0,38.04791238877481
Steve Byrnes,72.0,170.0,72.0,1.2,51,2.67,27,3.0,60,0,4.0,47.030800821355236
Michael Byrnes,71.0,155.0,72.0,0.0,0,0.0,0,0.0,0,0,0.0,36.139630390143736
Yan Cabral,71.0,155.0,73.0,2.02,47,1.98,62,2.89,35,37,1.2,43.318275154004105
Juan Cabrera,70.0,185.0,72.0,0.0,0,0.0,0,0.0,0,0,0.0,22.546201232032853
Vince Cachero,66.0,145.0,68.0,3.29,45,6.51,43,0.0,0,18,0.5,36.82956878850103
Alex Caceres,70.0,145.0,73.0,4.21,49,3.09,62,0.54,68,64,0.7,38.21218343600274
Yudi Cahyadi,66.0,145.0,68.0,4.8,62,6.72,48,0.0,0,0,0.0,34.431211498973305
Alvin Cacdac,66.0,125.0,72.0,1.21,66,0.61,0,0.0,0,0,0.0,39.59753593429158
Travis Calanoc,68.0,145.0,72.0,0.0,0,0.0,0,0.0,0,0,0.0,39.59753593429158
Ricky Calatayud,69.0,125.0,72.0,0.0,0,0.0,0,0.0,0,0,0.0,43.90691307323751
Carlos Calderon,71.0,145.0,71.0,4.85,42,4.98,33,3.93,33,0,0.0,30.570841889117045
Darrion Caldwell,70.0,135.0,72.0,0.85,34,0.57,60,3.41,66,100,0.8,38.71594798083505
Lucas Caldas,68.0,155.0,70.0,4.8,41,15.67,39,0.0,0,0,0.0,30.29158110882957
Taylor Callens,70.0,155.0,72.0,0.0,0,0.0,0,0.0,0,0,0.0,35.29637234770705
Nicolle Caliari,63.0,115.0,62.0,2.88,39,5.59,52,3.38,29,50,1.0,29.83709787816564
Lucas Camacho,76.0,265.0,80.0,4.08,38,8.16,6,0.0,0,0,0.0,33.724845995893226
Joe Camacho,69.0,155.0,72.0,0.31,17,5.0,42,0.0,0,0,0.0,54.49144421629021
Frank Camacho,70.0,155.0,73.0,6.56,46,7.44,51,1.11,31,73,0.0,37.30321697467488
Cynthia Calvillo,64.0,115.0,64.0,4.41,38,4.12,64,1.8,44,77,0.8,39.15126625598905
Matheus Camilo,70.0,155.0,69.0,2.22,43,3.05,66,4.16,53,0,0.6,25.675564681724847
Brian Camozzi,74.0,170.0,78.0,3.15,26,6.39,54,0.0,0,0,0.7,35.20328542094456
Mike Campbell,69.0,155.0,72.0,1.4,26,1.4,63,5.26,100,0,0.0,43.80835044490075
Ricky Camp,67.0,135.0,72.0,0.0,0,0.0,0,0.0,0,0,0.0,39.59753593429158
Fabricio Camoes,70.0,155.0,71.0,1.29,33,1.85,61,2.34,32,20,1.5,47.70431211498973
Chris Camozzi,74.0,185.0,75.0,3.57,44,2.96,56,0.27,19,57,0.5,39.794661190965094
Thomas Campbell,70.0,155.0,72.0,0.0,0,0.0,0,0.0,0,0,0.0,39.59753593429158
Charlie Campbell,72.0,155.0,72.0,5.23,51,4.17,55,2.45,36,62,0.0,31.17864476386037
Shane Campbell,72.0,155.0,71.0,3.99,59,3.19,55,1.36,28,82,0.0,39.624914442162904
Kitt Campbell,73.0,170.0,73.0,5.4,53,2.51,60,0.94,10,50,0.0,32.19712525667351
Kurtis Campbell,69.0,145.0,72.0,3.5,48,2.63,51,8.76,40,50,0.0,24.10677618069815
John Campetella,69.0,235.0,72.0,0.0,0,0.0,0,0.0,0,0,0.0,39.59753593429158
Wagner Campos,66.0,145.0,72.0,1.54,41,2.53,51,2.71,100,0,0.0,45.100616016427104
Derek Campos,69.0,155.0,72.0,2.41,23,10.34,44,0.0,0,0,0.0,38.431211498973305
Will Campuzano,69.0,125.0,70.0,2.43,31,3.82,57,0.88,45,48,0.2,40.27926078028747
Asbel Cancio,70.0,225.0,72.0,0.0,0,0.0,0,0.0,0,0,0.0,39.59753593429158
Aleksa Camur,73.0,205.0,74.0,4.73,57,4.26,54,0.46,22,50,0.0,30.94866529774127
Ronaldo Candido,66.0,125.0,72.0,1.67,42,3.87,52,8.0,53,0,5.0,37.36892539356605
Carlos Candelario,68.0,125.0,68.0,3.97,46,5.17,44,2.28,36,53,0.3,35.2580424366872
Chico Camus,66.0,125.0,66.0,2.58,41,2.46,64,0.77,40,72,0.4,41.609856262833674
Luiz Cane,74.0,185.0,77.0,4.79,41,5.0,60,0.56,28,100,0.3,45.36892539356605
Guido Cannetti,66.0,135.0,68.0,3.44,55,2.84,51,2.27,55,64,0.4,46.71594798083505
Jose Canseco,76.0,240.0,72.0,0.78,10,4.68,62,0.0,0,0,0.0,62.17932922655715
Cody Canterbury,68.0,155.0,72.0,0.0,0,0.0,0,0.0,0,0,0.0,39.59753593429158
Jared Cannonier,71.0,185.0,77.0,4.25,49,4.36,55,0.77,45,64,0.0,42.47501711156742
Bo Cantrell,74.0,235.0,72.0,3.16,16,12.63,0,0.0,0,0,0.0,57.57426420260096
Gigi Canuto,62.0,115.0,64.0,3.73,52,7.07,38,4.0,57,0,1.0,23.805612594113622
Frank Caracci,70.0,155.0,72.0,0.0,0,0.0,0,0.0,0,0,0.0,56.55304585900068
Phil Caracappa,68.0,135.0,70.0,2.93,50,4.07,29,1.0,8,100,1.0,34.25325119780972
Steve Cantwell,74.0,185.0,75.0,3.63,34,5.76,55,0.65,30,80,0.7,39.74537987679671
Paul Capaldo,67.0,135.0,72.0,0.0,0,0.0,0,0.0,0,0,0.0,29.691991786447637
Gina Carano,68.0,145.0,72.0,4.5,47,2.66,64,1.24,66,85,1.6,44.39151266255989
Dos Caras Jr.,76.0,225.0,72.0,0.77,23,1.2,59,0.0,0,72,0.0,49.28405201916495
Remo Cardarelli,70.0,135.0,72.0,2.27,47,1.47,59,0.0,0,100,0.0,39.59753593429158
Edgar Cardenas,70.0,145.0,72.0,0.0,0,0.0,0,0.0,0,0,0.0,39.59753593429158
Bryan Caraway,68.0,135.0,68.0,2.53,34,3.61,54,2.57,25,80,0.8,42.08898015058179
Phil Cardella,71.0,155.0,72.0,2.47,50,2.0,57,0.0,0,11,2.5,50.16016427104723
Ronald Carillo,70.0,125.0,72.0,0.0,0,0.0,0,0.0,0,0,0.0,39.59753593429158
Chris Cariaso,63.0,125.0,64.0,3.35,43,2.23,61,1.11,39,57,0.8,45.27857631759069
Rafael Carino,80.0,245.0,72.0,0.0,0,0.0,0,0.0,0,0,0.0,39.59753593429158
Don Carlo-Clauss,70.0,170.0,72.0,1.44,30,7.68,43,0.0,0,66,0.0,39.59753593429158
Spike Carlyle,68.0,145.0,71.0,2.55,54,3.85,30,3.34,36,57,0.5,33.33607118412046
Antonio Carlos Junior,74.0,185.0,79.0,1.95,42,2.14,52,3.42,39,53,0.8,36.47638603696099
Liz Carmouche,66.0,125.0,66.0,2.78,54,2.51,61,2.57,51,65,0.3,42.54620123203286
Francis Carmont,75.0,205.0,78.0,2.22,42,1.64,59,1.79,36,73,0.6,44.903490759753595
Roan Carneiro,71.0,170.0,76.0,1.46,46,1.82,62,3.05,42,83,1.4,48.26283367556468
Tim Caron,73.0,185.0,72.0,0.59,50,6.9,12,0.0,0,0,0.0,39.121149897330596
Ariane Carnelossi,62.0,115.0,61.0,2.68,38,4.69,43,1.06,50,22,0.2,33.80150581793292
Luana Carolina,66.0,135.0,69.0,4.65,51,3.46,51,0.3,37,68,0.6,33.23750855578371
Clayton Carpenter,66.0,125.0,66.0,3.88,50,4.47,49,1.75,35,50,1.0,30.24229979466119
Gabriel Carrasco,66.0,135.0,72.0,4.15,37,1.53,80,0.0,0,100,0.0,39.59753593429158
Cody Carrillo,70.0,155.0,72.0,0.0,0,0.0,0,0.0,0,0,0.0,39.59753593429158
Cain Carrizosa,68.0,155.0,72.0,2.72,42,5.8,51,0.0,0,14,0.0,40.12594113620808
Roger Carroll,70.0,170.0,72.0,7.62,61,10.48,43,0.0,0,100,0.0,39.59753593429158
Scott Carson,74.0,215.0,72.0,0.62,66,6.22,23,0.0,0,0,0.0,39.59753593429158
Jonny Carson,70.0,155.0,72.0,0.0,0,0.0,0,0.0,0,0,0.0,39.59753593429158
Shonie Carter,70.0,170.0,72.0,1.62,36,2.32,47,0.75,66,75,0.0,54.34360027378508
Bruno Carvalho,68.0,154.0,72.0,0.6,45,0.93,53,0.0,0,66,4.0,44.24914442162902
Rafael Carvalho,75.0,185.0,72.0,1.94,50,1.84,54,2.77,40,70,0.0,40.11225188227242
Antonio Carvalho,69.0,145.0,70.0,3.03,29,3.62,64,0.0,0,100,0.0,47.27173169062286
Jack Cartwright,69.0,135.0,68.0,0.8,38,3.33,29,6.0,66,0,2.0,32.28199863107461
Shane Carwin,74.0,265.0,80.0,4.38,47,3.53,53,1.42,33,42,0.0,51.671457905544145
Johnny Case,70.0,155.0,72.0,3.95,38,2.66,61,1.7,45,72,0.2,37.190965092402465
Kevin Casey,71.0,185.0,77.0,2.27,53,3.76,46,0.79,22,27,0.4,45.22655715263518
Brandon Cash,77.0,255.0,72.0,5.42,72,0.68,33,10.17,66,0,0.0,39.59753593429158
Cortney Casey,67.0,125.0,67.0,4.29,39,4.0,55,0.39,31,39,0.5,39.34017796030116
Bendy Casimir,65.0,145.0,72.0,0.74,27,3.42,54,0.0,0,100,0.0,46.23956194387406
Joe Cason,75.0,205.0,72.0,4.17,55,10.83,23,0.0,0,0,0.0,38.63107460643395
Dwayne Cason,70.0,212.0,72.0,0.0,0,0.0,0,0.0,0,0,0.0,39.59753593429158
John Castaneda,66.0,135.0,71.0,4.95,51,5.07,54,1.49,37,75,0.1,34.718685831622174
Eric Castile,68.0,145.0,72.0,0.0,0,0.0,0,0.0,0,0,0.0,39.59753593429158
Jenna Castillo,62.0,125.0,72.0,3.24,56,2.01,57,1.68,100,100,0.0,44.33949349760438
Raul Castillo,71.0,185.0,72.0,1.47,48,3.27,60,0.0,0,0,0.0,39.59753593429158
Gil Castillo,69.0,170.0,72.0,0.6,45,2.22,44,3.33,45,50,0.0,60.876112251882276
Danny Castillo,69.0,155.0,71.0,2.57,42,1.96,62,2.95,38,63,0.2,47.03353867214237
Tim Catalfo,71.0,235.0,72.0,0.39,100,0.77,33,0.0,0,0,0.0,39.59753593429158
Nick Catone,72.0,185.0,72.0,2.11,44,2.32,63,3.71,44,83,0.5,45.01300479123888
Luke Caudillo,67.0,155.0,72.0,1.97,28,5.07,55,0.44,20,85,0.0,45.765913757700204
Jacqueline Cavalcanti,68.0,135.0,70.0,5.3,46,2.98,68,0.0,0,85,0.0,29.021218343600275
Igor Cavalcanti,71.0,170.0,79.0,3.33,42,3.6,48,1.0,50,66,0.0,28.906228610540726
Gesias Cavalcante,68.0,155.0,71.0,1.98,35,3.11,51,1.25,36,66,1.1,43.17043121149897
Magnus Cedenblad,77.0,185.0,79.0,2.38,51,3.02,40,2.87,64,66,1.0,44.407939767282684
Rafael Cavalcante,73.0,205.0,74.0,2.71,53,3.62,49,0.6,40,63,0.1,46.39561943874059
Henry Cejudo,64.0,135.0,64.0,3.83,47,3.84,57,1.78,29,72,0.1,39.572895277207394
Adam Cella,74.0,170.0,72.0,1.91,42,2.61,51,3.92,75,50,1.3,41.19644079397673
Vinicius Cenci,73.0,155.0,74.0,2.9,48,2.69,62,1.61,50,0,0.0,30.784394250513348
Vlasto Cepo,72.0,185.0,73.0,6.89,29,29.51,37,0.0,0,0,0.0,31.613963039014372
Yosdenis Cedeno,68.0,155.0,69.0,1.64,29,1.6,67,0.0,0,31,0.3,41.56331279945243
Katlyn Cerminara,69.0,125.0,68.0,4.58,34,4.48,62,0.31,15,50,0.3,37.68925393566051
Jared Chaffee,70.0,155.0,72.0,0.0,0,0.0,0,0.0,0,0,0.0,41.724845995893226
Rafael Cerqueira,75.0,205.0,76.0,1.56,43,5.05,36,0.0,0,36,0.0,36.479123887748116
Luan Chagas,72.0,170.0,75.0,4.16,47,3.19,62,0.32,12,85,0.3,33.22108145106092
Ansar Chalangov,69.0,170.0,72.0,0.68,66,1.69,54,0.0,0,0,7.6,46.85284052019165
Dagiisuren Chagnaadorj,68.0,145.0,71.0,3.13,26,3.53,58,4.0,44,100,0.0,26.68309377138946
Edgar Chairez,67.0,125.0,71.0,3.76,46,4.71,46,0.0,0,47,1.4,30.60917180013689
Donald Cerrone,73.0,155.0,73.0,4.41,46,4.48,53,1.16,33,73,1.2,43.441478439425055
Eduardo Chapolin,67.0,125.0,67.0,2.47,40,1.6,64,5.0,83,75,0.0,30.78713210130048
Donnie Chappell,71.0,178.0,72.0,0.0,0,0.0,0,0.0,0,0,0.0,39.59753593429158
Morgan Charriere,68.0,145.0,69.0,4.02,50,4.51,53,2.06,46,83,0.3,30.863791923340177
Alex Chambers,63.0,115.0,63.0,2.97,54,5.1,50,2.31,41,53,1.0,47.865845311430526
Chelsea Chandler,68.0,135.0,68.0,3.52,45,4.27,40,0.81,60,25,0.3,35.7864476386037
Michael Chandler,68.0,155.0,71.0,3.91,49,4.51,43,1.88,37,61,0.5,40.369609856262834
Emilio Chavez,69.0,145.0,72.0,2.73,48,1.53,54,3.0,50,0,0.0,39.59753593429158
Gabriel Checco,73.0,185.0,72.0,0.0,0,0.0,0,0.0,0,0,0.0,40.427104722792606
Danny Chavez,68.0,145.0,67.0,2.86,38,3.83,50,1.95,60,87,0.0,39.48254620123203
Joe Charles,73.0,260.0,72.0,0.0,0,0.0,0,0.0,0,0,0.0,39.59753593429158
Dan Charles,74.0,228.0,72.0,2.82,45,3.51,44,0.0,0,31,0.0,40.95003422313484
Ion Cherdivara,70.0,205.0,72.0,0.0,0,0.0,0,0.0,0,0,0.0,39.59753593429158
Jeisla Chaves,66.0,115.0,68.0,4.97,56,4.2,53,1.5,37,62,0.5,29.590691307323752
Ernest Chavez,68.0,145.0,70.0,2.79,40,3.89,59,0.89,33,50,0.0,43.19507186858316
Mark Cherico,67.0,145.0,69.0,3.69,34,7.37,56,5.03,50,0,0.0,40.32032854209446
Giga Chikadze,72.0,145.0,74.0,3.75,42,3.47,59,0.18,33,65,0.2,38.03148528405202
Khamzat Chimaev,74.0,185.0,75.0,4.01,54,2.98,52,5.32,58,87,1.4,32.35044490075291
Macy Chiasson,71.0,135.0,72.0,3.21,46,2.76,44,1.87,35,62,0.4,35.1129363449692
Michael Chiesa,73.0,170.0,75.0,2.02,40,1.73,57,3.11,47,65,1.0,38.74880219028063
Albert Cheng,71.0,170.0,72.0,1.0,41,2.6,71,0.0,0,0,0.0,41.57700205338809
Fabio Cherant,73.0,205.0,74.0,1.35,40,4.89,38,0.0,0,0,0.0,31.78097193702943
Mu Bae Choi,74.0,230.0,72.0,1.55,49,3.65,44,3.12,75,60,1.0,56.19438740588638
SeungWoo Choi,72.0,145.0,74.0,3.56,38,3.16,47,0.83,54,70,0.0,33.83983572895277
Sako Chivitchian,71.0,155.0,72.0,2.4,27,4.8,46,0.0,0,100,0.0,42.48870636550308
Hong Man Choi,86.0,330.0,72.0,1.32,26,1.46,36,0.71,100,84,0.0,45.8507871321013
Dooho Choi,70.0,145.0,70.0,5.0,55,4.43,57,1.26,53,59,0.5,35.408624229979466
DongHun Choi,65.0,125.0,66.0,4.54,66,3.13,58,0.46,14,81,0.0,27.67693360711841
Levan Chokheli,71.0,170.0,72.0,15.65,54,0.0,100,0.0,0,0,0.0,29.927446954141
Mark Choinski,68.0,155.0,69.0,3.87,50,7.33,33,2.0,18,0,0.0,30.874743326488705
John Cholish,71.0,155.0,74.0,2.65,49,2.29,73,1.82,31,78,0.4,42.72142368240931
SeungGuk Choi,66.0,125.0,64.0,2.69,42,2.69,65,1.02,27,74,0.0,29.694729637234772
Will Chope,76.0,145.0,72.0,4.43,27,9.93,46,0.0,0,0,0.0,35.99452429842574
Ryo Chonan,69.0,170.0,70.0,2.57,43,2.25,60,0.61,41,39,0.3,49.91101984941821
Joachim Christensen,75.0,205.0,76.0,3.78,41,3.29,46,0.0,0,0,0.0,47.83025325119781
Cody Chovancek,68.0,135.0,67.0,2.85,50,2.46,51,0.0,0,83,0.0,28.12046543463381
Kevin Christian,79.0,205.0,80.0,2.19,58,3.54,40,0.0,0,50,1.9,31.6249144421629
Anthony Christodoulou,69.0,155.0,72.0,2.19,26,5.9,45,0.0,0,40,0.0,39.1047227926078
Murad Chunkaiev,71.0,185.0,72.0,0.85,16,3.41,66,8.53,100,0,0.0,39.59753593429158
Dan Christison,80.0,265.0,72.0,4.23,51,3.88,54,0.0,0,37,1.1,54.362765229295
Cameron Church,71.0,155.0,72.0,4.0,40,4.93,50,0.0,0,60,1.0,35.94250513347023
Misha Cirkunov,75.0,205.0,77.0,3.86,51,3.06,57,4.15,39,76,1.7,39.52361396303901
Steven Ciaccio,72.0,170.0,72.0,0.0,0,0.0,0,0.0,0,0,0.0,39.59753593429158
Branko Cikatic,73.0,215.0,72.0,0.0,0,0.0,0,0.0,0,0,0.0,71.92607802874743
Nikolajus Cilkinas,70.0,155.0,72.0,0.0,0,5.88,16,0.0,0,0,0.0,39.59753593429158
Mike Ciesnolevicz,72.0,235.0,72.0,0.51,50,4.62,57,0.0,0,20,5.1,46.85831622176591
Hannah Cifers,61.0,115.0,62.0,4.99,44,5.39,52,0.26,100,64,0.3,34.195756331279945
Logan Clark,74.0,185.0,72.0,2.2,54,1.49,53,0.31,100,30,2.1,41.5523613963039
Mychal Clark,75.0,224.0,72.0,5.8,56,2.9,59,0.0,0,0,0.0,39.59753593429158
Johnny Cisneros,71.0,170.0,72.0,0.0,0,0.0,0,0.0,0,0,0.0,46.5845311430527
Mark Climaco,64.0,125.0,65.0,4.13,59,2.9,57,3.5,36,46,0.0,28.83230663928816
Sean Clancy Jr.,70.0,170.0,72.0,0.0,0,0.0,0,0.0,0,0,0.0,23.78097193702943
Laverne Clark,71.0,170.0,72.0,0.0,0,0.0,0,0.0,0,0,0.0,52.761122518822724
Shannon Clark,65.0,125.0,64.0,11.51,58,20.55,35,0.0,0,0,0.0,34.16563997262149
Devin Clark,72.0,205.0,75.0,3.03,54,3.24,44,2.17,32,58,0.1,36.40246406570842
Dominic Clark,70.0,155.0,72.0,0.0,0,0.0,0,0.0,0,0,0.0,41.097878165639976
Charlie Cleveland,70.0,248.0,72.0,0.0,0,0.0,0,0.0,0,0,0.0,28.684462696783026
Heather Clark,66.0,115.0,64.0,3.69,49,5.62,50,0.33,4,80,0.3,45.96303901437371
Jessica-Rose Clark,65.0,135.0,64.0,3.73,51,3.51,58,1.66,42,62,0.3,38.77344284736482
Chris Clements,70.0,170.0,70.0,3.2,49,2.37,44,0.0,0,32,0.3,50.573579739904176
Josh Clopton,66.0,145.0,72.0,1.6,64,2.87,50,2.0,66,75,0.0,45.15537303216975
RJ Clifford,70.0,160.0,72.0,0.0,0,0.0,0,0.0,0,0,0.0,39.59753593429158
Brian Cobb,71.0,155.0,72.0,0.0,0,3.68,55,5.81,50,0,0.0,46.00684462696783
John Clarke,70.0,170.0,72.0,0.0,0,0.0,0,0.0,0,0,0.0,49.059548254620125
Rich Clementi,69.0,155.0,72.0,1.43,37,2.29,60,1.72,42,25,1.1,50.43394934976044
Darryl Cobb,69.0,185.0,72.0,0.0,0,0.0,0,0.0,0,0,0.0,46.08898015058179
Mitch Clarke,70.0,155.0,73.0,2.35,34,3.27,47,0.64,15,50,0.4,40.78302532511978
Dakota Cochrane,68.0,155.0,72.0,2.66,75,2.66,30,4.43,33,0,0.0,40.35044490075291
Dave Cochran,66.0,155.0,72.0,0.0,0,0.0,0,0.0,0,0,0.0,53.32511978097194
Marc Cofer,70.0,185.0,72.0,0.0,0,0.0,0,0.0,0,0,0.0,54.510609171800134
Marloes Coenen,69.0,145.0,67.0,2.15,51,1.9,67,0.82,30,41,2.5,45.43463381245722
John Cofer,69.0,155.0,72.0,2.73,41,3.43,62,1.22,50,64,0.0,42.35455167693361
Chris Coggins,70.0,155.0,72.0,0.0,0,0.0,0,0.0,0,0,0.0,39.59753593429158
Wayne Cole,73.0,205.0,72.0,0.57,20,8.33,27,4.31,25,0,4.3,55.66598220396988
Felipe Colares,68.0,145.0,69.0,2.17,45,4.65,36,1.88,24,43,0.5,32.435318275154
Ivan Cole,69.0,135.0,72.0,2.68,36,4.69,46,0.0,0,0,0.0,35.76728268309377
Coltin Cole,70.0,185.0,72.0,0.0,0,0.0,0,0.0,0,0,0.0,37.36892539356605
Chandler Cole,70.0,264.0,72.0,2.45,60,3.59,26,0.0,0,0,0.0,31.65776865160849
Devin Cole,76.0,240.0,72.0,3.5,55,2.14,48,2.18,42,66,0.0,49.93018480492813
Cortez Coleman,73.0,185.0,72.0,0.0,0,0.0,0,0.0,0,0,0.0,44.60506502395619
Mark Coleman,73.0,205.0,75.0,1.88,52,2.62,40,3.89,40,50,0.8,61.711156741957566
Roque Conceicao,64.0,125.0,67.0,2.73,40,9.09,41,0.0,0,0,0.0,26.861054072553046
Shane Collins,69.0,145.0,71.0,5.07,55,3.87,34,0.0,0,44,3.0,26.496919917864478
Willian Colorado,70.0,135.0,72.0,0.0,0,0.0,0,0.0,0,0,0.0,40.21081451060917
Clay Collard,71.0,145.0,73.0,4.22,32,5.0,50,2.81,39,71,0.5,33.492128678986994
Christian Colombo,77.0,265.0,72.0,2.76,44,4.02,42,0.0,0,33,0.0,46.182067077344286
Jamie Colleen,63.0,115.0,65.0,3.11,61,5.66,33,0.52,33,50,1.6,40.84325804243669
Jake Collier,75.0,230.0,78.0,5.8,44,5.08,50,0.71,33,67,0.6,37.86447638603696
Wes Combs,74.0,205.0,72.0,2.14,48,4.73,45,0.0,0,0,0.0,53.21834360027378
Rose Conceicao,55.0,115.0,65.0,3.07,28,6.73,60,0.0,0,0,0.0,29.31690622861054
Jack Congdon,74.0,170.0,75.0,5.29,35,9.71,21,0.0,0,100,0.0,29.295003422313485
Carlos Condit,74.0,170.0,75.0,3.66,39,2.67,55,0.59,46,38,1.0,42.362765229295
Bob Cook,69.0,170.0,72.0,0.0,0,0.0,0,0.0,0,0,0.0,39.59753593429158
Chris Condo,72.0,335.0,72.0,0.0,0,0.0,0,0.0,0,0,0.0,39.59753593429158
Chad Cook,74.0,205.0,72.0,0.0,0,0.0,0,0.0,0,0,0.0,46.83093771389459
Mike Cook,73.0,205.0,72.0,1.72,49,2.4,46,1.03,33,55,2.1,44.91444216290212
Dewey Cooper,70.0,205.0,72.0,0.0,0,0.0,0,0.0,0,0,0.0,51.82203969883641
Marcos Conrado Jr.,74.0,220.0,72.0,1.6,34,9.69,35,1.84,14,0,0.0,44.48186173853525
Jonathan Contrestano,70.0,155.0,72.0,0.0,0,0.0,0,0.0,0,0,0.0,39.59753593429158
Tristan Connelly,70.0,145.0,68.0,3.31,51,2.96,50,0.33,14,60,0.3,40.733744010951405
Jeremiah Constant,73.0,240.0,72.0,1.5,75,3.25,43,0.0,0,0,7.5,52.134154688569474
Callum Connor,70.0,155.0,72.0,0.0,0,0.0,0,0.0,0,0,0.0,39.59753593429158
TJ Cook,70.0,205.0,72.0,2.3,47,3.18,54,1.01,50,0,0.0,43.99452429842574
Brett Cooper,72.0,170.0,72.0,0.0,0,0.0,0,0.0,0,0,0.0,39.181382614647504
Josh Copeland,73.0,265.0,72.0,1.03,31,3.01,55,0.0,0,57,0.0,43.879534565366185
Michael Cora,73.0,170.0,77.0,0.8,28,0.13,66,0.0,0,25,0.0,37.034907597535934
Akira Corassani,68.0,145.0,68.0,3.25,45,4.91,50,0.7,28,86,0.0,44.02737850787132
Bobby Cooper,73.0,155.0,72.0,2.87,25,3.4,59,0.0,0,40,1.0,39.59753593429158
Bill Cooper,70.0,155.0,72.0,0.0,0,0.0,0,0.0,0,0,0.0,42.338124572210816
Kit Cope,72.0,170.0,72.0,1.18,52,2.12,35,0.0,0,50,3.5,49.47296372347707
Amanda Cooper,63.0,115.0,64.0,3.55,44,3.2,51,1.53,38,28,1.8,34.874743326488705
Chris Cope,72.0,170.0,72.0,3.96,26,4.82,50,0.0,0,80,0.0,43.507186858316224
Muhsin Corbbrey,70.0,155.0,72.0,2.02,34,5.41,53,0.0,0,80,0.4,48.303901437371664
Alden Coria,68.0,125.0,67.0,4.05,41,2.21,69,2.21,54,56,1.5,28.369609856262834
Nora Cornolle,67.0,135.0,67.0,2.73,55,2.04,56,0.22,11,47,0.2,36.7501711156742
Daniel Cormier,71.0,235.0,72.0,4.25,52,2.92,54,1.83,44,80,0.4,47.46611909650924
Henry Corrales,69.0,145.0,72.0,4.12,41,5.84,55,0.0,0,69,0.0,39.59753593429158
Clint Coronel,70.0,155.0,72.0,4.93,32,5.6,66,0.0,0,66,0.0,45.22655715263518
Wesley Correira,75.0,260.0,72.0,2.6,36,8.8,40,0.0,0,90,0.0,47.81930184804928
Bethe Correia,65.0,135.0,64.0,4.37,43,4.93,56,0.39,18,85,0.0,43.20876112251882
Tracy Cortez,65.0,125.0,65.0,3.95,48,3.61,53,2.04,40,59,0.3,32.73921971252567
Reyes Cortez Jr.,67.0,135.0,68.0,4.1,45,7.43,52,1.5,11,100,0.0,34.09993155373032
Chad Corvin,77.0,255.0,72.0,0.0,0,0.0,0,0.0,0,0,0.0,39.59753593429158
Waldo Cortes Acosta,76.0,260.0,78.0,5.34,48,3.63,54,0.4,50,73,0.1,34.926762491444215
Orion Cosce,71.0,170.0,71.0,2.77,53,4.02,44,1.92,40,61,0.0,32.145106091718
Louis Cosce,69.0,170.0,71.0,4.31,45,5.35,47,1.04,20,50,0.5,31.028062970568104
Miguel Cosio,76.0,205.0,72.0,0.0,0,0.0,0,0.0,0,0,0.0,45.54688569472964
Jadson Costa,67.0,155.0,72.0,0.2,50,3.05,50,0.0,0,0,0.0,45.79876796714579
Guilherme Costa,70.0,155.0,72.0,0.0,0,0.0,0,0.0,0,0,0.0,39.59753593429158
Randy Couture,73.0,205.0,75.0,2.85,57,1.53,59,2.78,46,58,0.5,63.20876112251882
Randy Costa,69.0,135.0,73.0,6.53,46,7.58,58,0.0,0,50,0.0,32.16974674880219
Paulo Costa,73.0,205.0,72.0,6.15,59,5.96,49,0.3,42,77,0.0,35.37850787132101
Oscar Cota,72.0,230.0,72.0,0.33,41,2.47,41,0.0,0,60,1.0,41.89185489390828
Melquizael Costa,70.0,145.0,71.0,4.29,47,3.19,50,1.53,35,50,0.8,29.976728268309376
Alessandro Costa,64.0,125.0,67.0,3.77,46,3.71,57,0.7,26,87,0.7,30.60643394934976
Patrick Cote,71.0,170.0,75.0,2.81,48,3.21,48,0.68,20,43,0.2,46.51882272416153
JR Coughran,66.0,145.0,72.0,12.29,57,6.8,45,0.0,0,75,0.0,32.3066392881588
JC Cottrell,69.0,155.0,72.0,0.79,25,2.75,45,0.79,100,50,0.0,36.837782340862425
Vitor Costa,74.0,185.0,75.0,7.36,54,9.62,50,0.0,0,0,0.0,25.963039014373717
Rashad Coulter,71.0,205.0,76.0,4.82,56,6.68,50,0.0,0,62,0.0,44.77481177275838
Dave Courchaine,68.0,170.0,72.0,0.0,0,0.0,0,0.0,0,0,0.0,43.57563312799452
Nathan Coy,70.0,170.0,69.0,3.88,52,2.4,61,3.17,47,50,0.0,48.120465434633815
Hailey Cowan,68.0,135.0,67.0,2.72,41,3.12,41,1.8,37,80,0.0,34.56536618754278
Kim Couture,68.0,135.0,72.0,12.12,80,2.31,69,0.0,0,0,0.0,50.718685831622174
Jeff Cox,70.0,155.0,72.0,0.56,25,1.69,33,4.23,50,80,0.0,58.09445585215606
Nikk Covert,68.0,185.0,72.0,0.0,0,0.0,0,0.0,0,0,0.0,57.08966461327858
Ryan Couture,70.0,155.0,73.0,3.54,45,2.87,54,1.55,29,46,1.3,44.02737850787132
Colby Covington,71.0,170.0,72.0,3.81,38,3.09,54,3.64,42,68,0.2,38.53798767967146
Dan Cramer,74.0,170.0,72.0,0.97,30,2.1,31,0.0,0,66,0.5,40.84873374401095
Alberto Crane,65.0,155.0,72.0,0.43,25,2.61,57,0.0,0,50,4.0,50.14647501711157
Andrew Craig,73.0,170.0,76.0,2.39,40,3.01,50,0.53,37,72,0.0,40.64065708418891
Tim Credeur,75.0,185.0,75.0,3.59,30,3.13,57,0.41,100,50,3.3,49.16084873374401
Paul Craig,75.0,205.0,76.0,2.5,45,3.04,43,1.43,18,35,1.3,38.776180698151954
Helena Crevar,70.0,155.0,72.0,0.0,0,0.0,0,0.0,0,0,0.0,39.59753593429158
Paul Creighton,66.0,155.0,72.0,0.72,75,4.65,30,5.37,37,0,0.0,56.257357973990416
Alexander Crispim,70.0,145.0,72.0,0.0,0,0.0,0,0.0,0,0,0.0,39.59753593429158
Melissa Croden,69.0,135.0,68.0,4.27,47,2.13,59,2.02,50,66,0.3,35.403148528405204
Jeff Crotty,70.0,155.0,72.0,0.93,35,3.33,54,5.0,38,0,1.0,39.59753593429158
Alex Crispin,70.0,155.0,72.0,0.0,0,0.0,0,0.0,0,0,0.0,39.59753593429158
Kevin Croom,71.0,135.0,73.0,2.65,34,3.1,41,0.48,5,30,0.5,39.14579055441479
Allen Crowder,75.0,245.0,76.0,2.95,51,2.95,56,1.85,33,100,1.2,36.82683093771389
Ken Cross,72.0,155.0,72.0,2.2,57,1.4,55,1.0,12,66,0.0,31.923340177960302
Kiefer Crosbie,71.0,170.0,70.0,4.46,64,5.8,46,0.0,0,40,0.0,36.421629021218344
Aalon Cruz,72.0,145.0,78.0,7.58,39,8.88,58,0.0,0,0,0.0,36.96098562628337
Marcio Cruz,76.0,232.0,72.0,2.92,46,1.51,68,0.53,7,37,1.6,48.369609856262834
Timmy Cuamba,69.0,135.0,71.0,2.88,42,3.72,55,1.18,31,71,0.0,27.575633127994525
Jimmy Crute,74.0,205.0,74.0,4.15,52,3.65,42,4.39,52,58,2.0,30.507871321013006
Dominick Cruz,68.0,135.0,68.0,3.91,33,2.61,70,2.82,42,83,0.1,41.49486652977413
Josh Culibao,70.0,145.0,73.0,3.41,44,3.04,59,0.0,0,65,0.3,32.28747433264887
Richard Crunkilton,67.0,155.0,72.0,1.72,41,1.45,58,4.08,61,65,1.3,46.78165639972622
Daron Cruickshank,68.0,155.0,72.0,2.88,38,2.98,57,2.04,41,60,0.2,41.23750855578371
Chris Culley,70.0,145.0,72.0,0.0,0,0.0,0,0.0,0,0,0.0,40.4517453798768
Abel Cullum,67.0,139.0,72.0,1.82,40,1.23,46,4.01,52,0,2.8,39.37850787132101
Jay Cucciniello,67.0,155.0,72.0,0.93,21,4.73,36,0.0,0,71,0.0,40.12320328542094
Emilio Cuellar,70.0,125.0,72.0,0.0,0,0.0,0,0.0,0,0,0.0,39.59753593429158
Hugo Cunha,75.0,263.0,79.0,0.6,30,3.01,34,0.0,0,0,0.0,33.58521560574949
Tommy Cuozzi Jr.,69.0,145.0,71.0,2.43,17,14.22,34,0.0,0,0,0.0,27.017111567419576
Santo Curatolo,63.0,125.0,62.0,1.4,39,6.07,34,2.0,33,100,0.0,31.633127994524298
Alton Cunningham,74.0,205.0,77.0,3.33,75,4.94,20,1.67,10,100,0.0,33.20191649555099
AJ Cunningham,70.0,135.0,71.0,4.22,29,6.31,48,0.0,0,46,0.5,31.99726214921287
Larry Cureton,74.0,240.0,72.0,0.0,0,0.0,0,0.0,0,0,0.0,39.59753593429158
Everett Cummings,70.0,205.0,72.0,0.43,60,4.34,45,0.0,0,0,2.2,39.59753593429158
Jeff Curran,66.0,135.0,69.0,1.54,31,2.48,60,0.35,12,35,1.2,49.01026694045174
Zak Cummings,72.0,205.0,75.0,2.96,35,2.91,55,0.62,28,66,0.6,42.09445585215606
Luke Cummo,72.0,170.0,74.0,1.74,43,1.5,59,0.89,55,42,1.4,46.36002737850787
Patrick Cummins,74.0,205.0,76.0,4.26,50,3.35,55,4.49,41,28,0.1,45.804243668720055
Pat Curran,69.0,145.0,72.0,4.7,58,4.4,63,2.5,62,66,0.0,39.017111567419576
Kailin Curran,64.0,115.0,65.0,3.89,43,4.75,53,2.0,57,61,0.6,35.40588637919233
Minoki Ichihara,67.0,178.0,72.0,0.0,0,0.0,0,0.0,0,0,0.0,58.18480492813142
Alibi Idiris,66.0,125.0,68.0,2.51,44,2.64,60,3.25,31,66,0.0,31.874058863791923
Khadis Ibragimov,75.0,205.0,78.0,3.55,49,4.26,47,0.97,30,80,0.3,31.29637234770705
Al Iaquinta,70.0,155.0,70.0,4.06,40,4.53,61,0.63,18,74,0.2,39.35386721423682
Will Currie,75.0,185.0,76.0,2.73,47,5.67,44,2.0,13,50,0.0,27.81656399726215
Chris Curtis,70.0,170.0,75.0,5.52,50,5.75,54,0.0,0,64,0.0,39.14579055441479
Matty Iann,70.0,135.0,72.0,0.0,0,0.0,0,0.0,0,0,0.0,25.861738535249827
Gleidson Cutis,69.0,155.0,72.0,2.99,52,8.28,59,0.0,0,0,0.0,37.57700205338809
Ion Cutelaba,73.0,205.0,75.0,4.13,43,3.42,46,4.02,51,76,0.3,32.72826830937714
Sergey Ignatov,69.0,210.0,72.0,0.35,50,3.25,42,0.0,0,0,0.0,54.899383983572896
Valeri Ignatov,69.0,170.0,72.0,0.0,0,0.0,0,0.0,0,0,0.0,39.59753593429158
Masakazu Imanari,64.0,139.0,72.0,0.55,30,1.74,57,0.0,0,0,2.1,50.57084188911704
Dan Ige,67.0,135.0,71.0,3.6,45,3.56,56,0.93,26,56,0.2,35.08555783709788
Mikhail Iloukhine,69.0,205.0,72.0,0.16,20,2.95,26,0.0,0,0,7.0,59.79192334017796
Zelim Imadaev,72.0,170.0,76.0,2.91,36,4.35,43,0.38,50,60,0.0,31.613963039014372
Kento Imai,70.0,125.0,72.0,0.0,0,0.0,0,0.0,0,0,0.0,27.07460643394935
Seichi Ikemoto,71.0,168.0,72.0,2.59,32,3.74,57,1.23,26,60,0.0,51.0362765229295
Fabiano Iha,68.0,155.0,72.0,1.73,47,2.49,42,2.88,40,50,2.9,56.10951403148528
Yusuke Imamura,68.0,220.0,72.0,0.18,50,1.83,52,2.75,50,0,0.0,50.078028747433265
Katsuya Inoue,69.0,168.0,72.0,3.41,24,12.89,51,0.0,0,66,0.0,47.07460643394935
Chris Inman,70.0,155.0,72.0,0.0,0,0.0,0,0.0,0,0,0.0,39.59753593429158
Guto Inocente,75.0,205.0,72.0,4.13,66,2.92,54,0.67,33,66,0.7,40.27378507871321
Egan Inoue,69.0,190.0,72.0,1.66,36,3.31,57,0.0,0,0,0.0,61.17453798767967
Chris Indich,70.0,170.0,72.0,1.31,30,4.32,43,0.75,50,50,1.5,39.37577002053388
Enson Inoue,70.0,210.0,72.0,1.7,63,1.88,30,0.0,0,33,0.0,59.39493497604381
Michael Imperato,67.0,135.0,66.0,1.93,48,2.67,60,1.0,12,0,1.0,37.01300479123888
Rui Imura,70.0,135.0,69.0,1.65,33,4.19,33,1.65,20,0,0.0,27.45516769336071
Brad Imes,79.0,265.0,72.0,2.73,31,4.24,49,1.72,71,0,1.0,49.4839151266256
Takeshi Inoue,68.0,145.0,72.0,2.54,44,3.32,61,0.0,0,47,0.0,46.469541409993155
Nassourdine Imavov,75.0,185.0,75.0,4.28,54,3.17,58,0.74,32,81,1.0,30.5160848733744
Naoki Inoue,69.0,125.0,71.0,3.67,35,3.37,60,0.0,0,60,2.5,29.229295003422312
Jorge Interiano,73.0,205.0,72.0,0.0,0,0.0,0,0.0,0,0,0.0,39.59753593429158
Jason Ireland,69.0,161.0,72.0,1.2,25,2.07,51,3.59,75,0,1.2,46.68583162217659
James Irvin,74.0,205.0,75.0,2.03,48,3.86,35,0.0,0,36,0.5,47.983572895277206
Eric Irvin,68.0,155.0,72.0,3.27,42,4.47,36,4.0,30,33,0.0,40.65434633812457
Issa Isakov,69.0,155.0,70.0,1.93,36,5.78,40,0.0,0,0,0.0,36.87337440109514
Teruto Ishihara,67.0,135.0,69.0,3.26,44,3.63,53,0.5,16,30,0.0,35.123887748117724
Mitsuhiro Ishida,66.0,154.0,72.0,1.46,41,1.13,61,4.76,53,33,0.7,47.68788501026694
Eiji Ishikawa,70.0,170.0,72.0,1.2,29,4.07,60,1.0,9,0,0.0,46.902121834360024
Yuki Ishikawa,71.0,205.0,72.0,1.07,28,8.57,11,0.0,0,50,0.0,59.57563312799452
Satoshi Ishii,71.0,240.0,72.0,1.41,36,1.58,63,3.47,52,100,1.6,39.715263518138265
Tokimitsu Ishizawa,72.0,185.0,72.0,1.34,30,2.99,59,2.74,18,0,0.0,58.08624229979466
Leandro Issa,67.0,135.0,69.0,2.08,37,3.17,58,2.38,22,50,1.2,42.965092402464066
Wallid Ismail,67.0,205.0,72.0,0.92,31,0.83,44,1.85,28,0,0.5,58.535249828884325
Damir Ismagulov,70.0,155.0,74.0,3.36,42,2.44,61,1.0,28,70,0.0,35.58932238193019
Kuya Ito,65.0,135.0,66.0,3.4,39,3.13,55,0.0,0,62,1.0,29.913757700205338
Anthony Ivy,74.0,185.0,74.0,2.5,42,4.57,51,4.69,20,100,0.0,36.61875427789185
Blagoy Ivanov,71.0,250.0,73.0,3.25,40,4.2,53,0.69,40,61,0.1,39.90965092402464
Tomomi Iwama,63.0,155.0,72.0,1.0,20,3.0,70,0.0,0,0,0.0,49.57700205338809
Taiga Iwasaki,73.0,185.0,73.0,1.99,33,7.08,32,0.0,0,0,0.0,29.166324435318277
Yoislandy Izquierdo,71.0,155.0,72.0,2.93,52,1.4,26,0.0,0,50,0.0,42.65845311430527
Tatsuya Iwasaki,69.0,205.0,72.0,0.79,100,8.68,38,0.0,0,0,0.0,57.21286789869952
Saygid Izagakhmaev,72.0,170.0,74.0,1.77,45,1.77,60,3.0,35,66,1.5,32.0082135523614
Hiroshi Izumi,70.0,205.0,72.0,1.95,37,2.65,66,3.35,70,100,0.5,44.20807665982204
Yukiya Naito,73.0,205.0,72.0,1.54,33,5.13,60,0.0,0,0,0.0,49.51950718685831
Katsuhiko Nagata,67.0,154.0,72.0,1.05,19,1.5,63,0.98,28,28,0.0,52.84873374401095
Yuji Nagata,72.0,225.0,72.0,1.45,40,14.46,4,0.0,0,0,0.0,58.36824093086927
Greg Nagy,73.0,210.0,72.0,0.41,50,2.69,37,0.0,0,0,1.2,42.88569472963724
Logan Nail,70.0,185.0,72.0,1.93,51,2.27,39,0.0,0,37,0.0,37.21286789869952
Yura Naito,72.0,185.0,74.0,1.22,44,5.33,28,1.67,9,0,0.0,30.362765229295004
Muhammad Naimov,69.0,145.0,70.0,2.51,40,3.35,44,1.49,30,68,0.2,32.082135523613964
Andrews Nakahara,73.0,185.0,72.0,2.68,44,1.9,57,0.0,0,72,0.4,43.488021902806295
Rin Nakai,61.0,135.0,72.0,1.57,33,3.9,60,3.0,18,75,0.5,39.87405886379192
Yusaku Nakamura,65.0,145.0,72.0,1.72,45,3.67,55,0.0,0,83,0.0,40.21081451060917
Daisuke Nakamura,67.0,154.0,72.0,0.94,30,1.38,61,0.46,40,30,3.6,46.23956194387406
Keita Nakamura,71.0,170.0,73.0,2.23,36,3.2,58,1.65,48,63,0.3,42.29158110882957
Kazuhiro Nakamura,71.0,205.0,70.0,1.56,37,1.83,59,1.73,36,42,0.6,47.14305270362765
Rinya Nakamura,67.0,135.0,68.0,3.27,52,1.72,63,2.58,81,100,1.4,31.457905544147845
Nad Narimani,68.0,145.0,70.0,3.33,42,3.0,58,1.92,41,70,0.0,39.397672826830934
Mandel Nallo,72.0,155.0,75.0,8.26,58,5.03,54,0.0,0,100,0.0,37.11430527036276
Yoshihiro Nakao,72.0,220.0,72.0,1.73,35,2.06,64,2.69,46,0,0.5,54.19849418206708
Tokitaka Nakanishi,66.0,135.0,66.0,1.1,44,1.57,45,3.0,37,0,0.0,30.10814510609172
Keiichiro Nakamura,70.0,145.0,70.0,4.48,41,4.28,63,0.0,0,78,0.0,27.761806981519506
Yui Chul Nam,69.0,145.0,72.0,3.53,51,2.0,48,1.33,16,57,0.3,45.14168377823409
Allan Nascimento,68.0,125.0,69.0,3.2,51,2.53,53,1.04,20,41,0.9,34.98699520876112
Jutaro Nakao,69.0,170.0,72.0,0.53,38,1.06,44,0.38,50,56,0.0,55.76728268309377
Jefferson Nascimento,68.0,170.0,70.0,2.42,48,2.56,57,0.0,0,66,0.0,27.797399041752225
Rodrigo Nascimento,74.0,246.0,80.0,3.71,47,4.34,44,1.02,37,60,0.5,33.776865160848736
Tyson Nam,67.0,125.0,68.0,3.87,33,4.97,65,0.0,0,87,0.0,42.91854893908282
Yasuhito Namekawa,69.0,205.0,72.0,0.14,50,3.65,38,2.11,25,0,4.2,51.860369609856264
Roger Narvaez,75.0,185.0,72.0,2.12,37,3.32,64,0.0,0,50,0.9,42.992470910335385
Rose Namajunas,65.0,125.0,65.0,3.5,41,3.38,63,1.47,48,62,0.3,34.18754277891855
Reza Nasri,71.0,205.0,72.0,0.0,0,0.0,0,0.0,0,0,0.0,39.59753593429158
Pawel Nastula,72.0,230.0,72.0,1.3,43,1.73,50,3.0,60,0,1.5,56.19712525667351
Rafael Natal,72.0,185.0,77.0,3.1,47,2.48,57,2.55,34,77,0.5,43.69883641341547
Nasrudin Nasrudinov,72.0,205.0,71.0,1.03,87,0.29,75,2.2,50,40,0.0,34.91854893908282
Fabio Nascimento,70.0,185.0,72.0,2.94,38,4.63,55,0.0,0,55,0.8,45.47022587268994
Stanislav Nedkov,71.0,205.0,71.0,3.33,43,5.39,43,2.77,41,0,0.0,44.7419575633128
Danny Navarro,70.0,155.0,72.0,3.83,32,4.62,57,2.17,25,100,0.0,43.279945242984255
Bobby Nash,72.0,170.0,74.0,3.42,37,3.95,51,2.37,33,100,1.6,36.44900752908966
Ismail Naurdiev,70.0,185.0,74.0,3.66,52,1.75,64,1.48,40,73,0.2,30.050650239561943
Tafon Nchukwi,72.0,185.0,77.0,5.57,52,4.11,54,0.76,57,64,0.0,31.89596167008898
Kevin Natividad,66.0,135.0,70.0,2.68,34,4.29,47,3.66,50,83,0.0,33.42915811088296
Joe Neal,66.0,135.0,72.0,1.87,19,3.8,66,0.0,0,0,0.0,40.106776180698155
Josh Neer,71.0,170.0,72.0,3.29,46,3.63,58,1.09,34,46,1.3,43.455167693360714
Marcio Navarro,72.0,155.0,72.0,0.0,0,0.0,0,0.0,0,0,0.0,47.969883641341546
Dustin Neace,69.0,145.0,69.0,2.08,32,2.66,56,0.0,0,0,1.7,39.983572895277206
Josh Neal,72.0,185.0,72.0,0.0,0,0.0,0,0.0,0,0,0.0,39.59753593429158
Mario Neto,72.0,229.0,72.0,1.89,50,1.89,70,2.84,100,0,0.0,39.59753593429158
Geoff Neal,71.0,170.0,75.0,5.02,50,5.5,57,0.54,45,87,0.1,36.02464065708419
Nicolae Negumereanu,72.0,205.0,78.0,3.58,41,5.56,39,1.02,28,62,0.0,32.00547570157426
Steve Nelmark,72.0,240.0,72.0,0.0,0,0.0,0,0.0,0,0,0.0,39.59753593429158
Shane Nelson,69.0,155.0,70.0,1.38,31,2.84,61,1.31,18,54,1.6,41.76865160848734
Gunnar Nelson,71.0,170.0,72.0,1.77,61,3.06,48,2.0,52,68,1.0,38.10814510609172
Roy Nelson,72.0,263.0,73.0,2.18,36,4.79,46,1.14,27,65,0.1,50.21218343600274
Lissette Neri,62.0,145.0,72.0,0.0,0,0.0,0,0.0,0,0,0.0,39.08829568788501
Cameron Nelson,70.0,170.0,72.0,0.0,0,0.0,0,0.0,0,0,0.0,28.109514031485283
Kyle Nelson,71.0,155.0,71.0,3.6,45,4.58,53,1.18,23,66,0.5,35.38124572210815
Julio Cesar Neves Jr.,68.0,145.0,72.0,1.98,35,4.81,51,1.06,25,76,0.0,32.3668720054757
Jeff Newton,74.0,205.0,72.0,0.28,20,1.41,52,0.0,0,0,8.5,59.73716632443532
Antonio Braga Neto,75.0,185.0,77.0,1.36,33,3.92,45,3.07,37,0,0.5,38.85557837097878
Francis Ngannou,76.0,250.0,83.0,2.33,41,2.16,41,0.76,62,71,0.3,40.002737850787135
Nick Newell,70.0,155.0,72.0,3.53,46,4.07,36,0.0,0,33,0.0,40.473648186173854
Eduardo Neves,74.0,263.0,78.0,7.69,65,6.15,55,5.77,66,0,0.0,26.47501711156742
Journey Newson,65.0,135.0,67.0,2.64,32,2.57,64,0.56,16,43,0.3,37.50034223134839
Alex Nicholson,76.0,185.0,77.0,4.12,43,4.65,47,0.0,0,50,0.5,36.34770704996578
Bo Nickal,73.0,185.0,76.0,3.36,61,1.93,60,3.12,57,100,2.3,30.64476386036961
Carlos Newton,69.0,170.0,72.0,0.65,41,1.55,44,2.47,70,43,0.9,50.053388090349074
Emanuel Newton,73.0,205.0,72.0,1.92,49,1.35,51,2.02,100,0,0.0,42.677618069815196
Nghiem Van Y,67.0,135.0,68.0,3.84,54,1.83,71,0.0,0,90,0.0,27.312799452429843
Stewart Nicoll,65.0,125.0,65.0,3.01,37,4.81,54,2.82,22,33,0.0,31.838466803559207
Ben Nguyen,65.0,125.0,65.0,3.51,40,3.01,59,0.25,33,63,1.0,38.091718001368925
Steven Nguyen,71.0,145.0,73.0,7.47,42,7.1,60,0.24,100,88,0.0,33.30047912388775
Khomkrit Niimi,62.0,125.0,72.0,0.0,0,5.73,44,0.0,0,0,0.0,39.59753593429158
Jaimelene Nievera,65.0,125.0,72.0,1.67,53,8.73,33,1.79,16,0,0.0,41.856262833675565
Tom Niinimaki,69.0,145.0,69.0,1.91,54,2.31,58,2.97,46,33,0.5,44.11772758384668
Matheus Nicolau,66.0,125.0,66.0,3.31,51,2.98,65,1.22,43,90,0.8,33.66461327857632
Borislav Nikolic,69.0,135.0,72.0,3.8,38,2.8,58,1.0,100,62,2.0,33.60164271047228
Mats Nilsson,73.0,170.0,72.0,2.99,39,5.62,63,3.87,83,44,2.3,42.75427789185489
Fedor Nikolov,70.0,155.0,72.0,0.0,0,0.0,0,0.0,0,0,0.0,39.59753593429158
Mike Nickels,76.0,205.0,72.0,4.44,52,1.11,64,11.11,80,0,2.8,54.732375085557834
Jack Nilson,70.0,155.0,72.0,0.0,0,0.0,0,0.0,0,0,0.0,39.59753593429158
Hans Nijman,72.0,250.0,72.0,0.0,0,0.0,0,0.0,0,0,0.0,66.87200547570157
Ramsey Nijem,71.0,155.0,75.0,3.05,44,1.62,62,5.32,62,55,1.1,38.431211498973305
Yamato Nishikawa,67.0,155.0,72.0,0.0,0,0.0,0,0.0,0,0,0.0,23.750855578370977
Akiyo Nishiura,68.0,139.0,72.0,1.59,57,1.26,57,0.0,0,52,0.3,43.08008213552361
Yosuke Nishijima,69.0,205.0,72.0,1.72,37,5.59,56,0.0,0,0,0.0,53.31143052703628
Anthony Njokuani,73.0,155.0,75.0,3.94,46,2.41,65,0.5,45,53,0.2,46.5160848733744
Guangyou Ning,64.0,145.0,64.0,2.66,41,1.91,61,1.09,50,62,0.3,44.72553045859001
Soichi Nishida,71.0,320.0,72.0,0.0,0,0.0,0,0.0,0,0,0.0,59.51540041067762
Kyle Noblitt,74.0,243.0,72.0,0.0,0,0.0,0,0.0,0,0,0.0,36.695414099931554
Derrick Noble,69.0,170.0,72.0,6.21,40,3.79,59,0.0,0,0,0.0,48.062970568104035
Chidi Njokuani,75.0,170.0,80.0,5.16,61,3.32,57,0.0,0,75,0.1,37.68104038329911
Pedro Nobre,65.0,135.0,72.0,1.37,30,9.16,35,0.0,0,0,0.0,40.56125941136208
Talita Nogueira,70.0,145.0,72.0,0.0,0,0.0,0,0.0,0,0,0.0,40.89801505817933
Alexandre Franca Nogueira,67.0,145.0,72.0,0.6,20,4.18,57,0.0,0,0,0.0,48.64065708418891
Jacob Noe,70.0,205.0,72.0,0.0,0,0.0,0,0.0,0,0,0.0,46.105407255304584
Kyle Noke,73.0,170.0,76.0,3.23,50,2.09,64,1.53,54,66,0.8,46.469541409993155
Rogerio Nogueira,74.0,205.0,75.0,2.43,35,2.34,59,0.64,44,62,0.8,50.261464750171115
Antonio Rodrigo Nogueira,75.0,240.0,77.0,1.95,42,2.4,55,1.3,29,36,2.4,50.261464750171115
Tom Nolan,75.0,155.0,73.0,4.84,45,3.74,48,1.08,26,58,1.4,26.496919917864478
Nick Nolte,72.0,170.0,72.0,0.0,0,0.0,0,0.0,0,0,0.0,45.50855578370979
Eric Nolan,74.0,170.0,74.0,1.68,34,2.59,44,0.0,0,44,0.0,28.980150581793293
Scott Norton,70.0,170.0,72.0,0.67,30,0.34,60,2.52,25,0,0.0,53.478439425051334
Sage Northcutt,72.0,170.0,71.0,3.58,52,1.96,58,1.81,34,41,0.6,30.5160848733744
Amanda Nunes,68.0,135.0,69.0,4.55,51,2.62,57,2.73,54,82,0.7,38.26967830253251
KJ Noons,70.0,155.0,70.0,3.68,35,3.78,65,0.08,20,68,0.0,43.748117727583846
Norbert Novenyi,70.0,185.0,72.0,0.0,0,0.0,0,0.0,0,0,0.0,26.91854893908282
Jason Novelli,72.0,155.0,72.0,1.73,24,3.55,66,0.7,33,100,0.0,47.24709103353867
Phillipe Nover,69.0,145.0,72.0,1.79,35,2.48,56,0.99,28,44,0.7,42.59000684462697
Shayilan Nuerdanbieke,68.0,145.0,69.0,1.95,45,2.64,50,3.3,35,28,0.2,32.342231348391515
Jan Nortje,73.0,310.0,72.0,3.32,51,4.5,32,0.0,0,66,2.9,51.40588637919233
Diego Nunes,66.0,145.0,67.0,2.72,43,2.59,58,1.18,44,65,0.6,43.76728268309377
Jonatas Novaes,71.0,170.0,72.0,0.0,0,0.0,0,0.0,0,0,0.0,45.51403148528405
Shohei Nose,66.0,135.0,68.0,1.52,37,2.17,52,2.23,17,14,3.6,28.88158795345654
Istela Nunes,64.0,115.0,66.0,4.28,47,4.07,59,0.0,0,47,0.0,34.12183436002738
Josiane Nunes,62.0,135.0,67.0,5.65,43,5.76,51,0.0,0,58,0.0,32.70362765229295
Nina Nunes,65.0,125.0,64.0,4.39,45,3.47,55,0.24,33,73,0.5,40.75838466803559
Azamat Nuftillaev,72.0,234.0,77.0,0.6,56,1.6,25,4.0,44,0,0.0,32.67898699520876
Said Nurmagomedov,68.0,135.0,70.0,3.08,48,2.05,55,0.86,15,63,1.1,34.42026009582478
Khabib Nurmagomedov,70.0,155.0,70.0,4.1,48,1.75,65,5.32,48,84,0.8,37.960301163586585
Diyar Nurgozhay,74.0,205.0,74.0,5.19,61,2.81,59,1.19,75,72,0.0,29.374401095140314
Adilet Nurmatov,70.0,155.0,72.0,0.0,0,0.0,0,0.0,0,0,0.0,29.09514031485284
Abubakar Nurmagomedov,71.0,170.0,72.0,2.78,53,2.61,65,1.25,22,88,0.0,36.813141683778234
Umar Nurmagomedov,68.0,135.0,69.0,3.86,56,1.86,61,4.03,46,79,0.2,30.67488021902806
Kaiwen,68.0,145.0,71.0,3.73,42,4.72,54,1.41,26,92,0.0,30.8911704312115
Emily Kagan,63.0,115.0,72.0,2.6,36,5.29,38,1.86,14,50,0.0,45.14715947980835
Patrick Kaase,69.0,185.0,72.0,4.4,67,0.53,50,0.0,0,50,0.0,39.59753593429158
Oron Kahlon,68.0,135.0,70.0,0.85,37,4.93,36,0.0,0,40,0.0,41.83709787816564
Kennedy Nzechukwu,77.0,236.0,83.0,4.96,46,4.58,51,0.5,45,80,0.2,34.23134839151266
Sirwan Kakai,65.0,135.0,72.0,3.57,41,4.63,62,4.0,42,83,0.0,36.92539356605065
Saidyokub Kakhramonov,68.0,135.0,69.0,2.05,51,0.88,58,6.63,48,83,1.9,30.811772758384667
Kyung Ho Kang,69.0,135.0,73.0,3.13,47,3.32,54,1.97,50,68,0.8,38.992470910335385
Bryson Kamaka,71.0,170.0,72.0,9.47,60,12.63,0,0.0,0,100,0.0,39.59753593429158
Geza Kalman,73.0,200.0,72.0,0.0,0,0.0,0,0.0,0,0,0.0,39.59753593429158
Hiromitsu Kanehara,70.0,200.0,72.0,0.76,22,4.39,40,0.0,0,40,0.4,55.92060232717317
Masanori Kanehara,67.0,135.0,67.0,1.88,49,1.63,62,1.44,50,63,0.9,43.79739904175222
Kai Kamaka III,67.0,145.0,69.0,5.49,59,6.03,55,1.45,53,55,0.2,31.668720054757017
Shah Kamali,70.0,265.0,72.0,0.0,0,0.0,0,0.0,0,0,0.0,27.865845311430526
Ken Kaneko,72.0,161.0,72.0,0.0,0,0.94,42,0.0,0,0,3.5,49.880903490759756
Bharat Kandare,67.0,135.0,72.0,0.7,10,1.88,72,0.0,0,0,0.0,39.214236824093085
Shuya Kamikubo,65.0,135.0,68.0,3.83,54,4.9,47,1.5,15,0,0.5,33.40177960301163
Daichi Kamiya,68.0,155.0,68.0,1.69,53,4.5,35,5.07,27,100,0.0,27.38398357289528
Denis Kang,71.0,185.0,77.0,2.27,35,1.65,67,2.51,65,38,1.2,48.969199178644764
Koya Kanda,69.0,145.0,75.0,3.63,41,2.9,53,2.0,18,100,0.0,30.713210130047912
Martin Kampmann,72.0,170.0,72.0,3.22,42,3.28,62,1.86,41,78,2.0,44.388774811772755
David Kaplan,67.0,155.0,72.0,2.88,46,4.32,67,4.88,43,0,0.7,46.8062970568104
Manel Kape,65.0,125.0,68.0,4.68,55,3.88,57,0.36,30,78,0.2,32.8104038329911
Georgi Karakhanyan,68.0,145.0,72.0,4.49,39,5.0,54,1.41,50,33,1.9,41.27310061601643
Alex Karalexis,68.0,155.0,66.0,2.57,42,2.39,54,2.7,45,86,0.9,48.96098562628337
Kai Kara-France,64.0,125.0,69.0,4.46,40,3.24,64,0.56,30,83,0.0,33.44832306639288
Ernesta Kareckaite,69.0,125.0,71.0,7.28,42,6.47,49,0.75,60,81,0.0,28.17248459958932
Impa Kasanganay,71.0,170.0,75.0,4.96,48,3.66,58,1.75,58,66,0.2,32.63518138261465
Jinnosuke Kashimura,67.0,155.0,71.0,0.21,50,7.37,25,3.16,100,0,6.3,25.06776180698152
Yusuke Kasuya,67.0,155.0,72.0,2.17,44,4.34,48,1.36,33,0,0.0,36.80492813141684
Nadia Kassem,65.0,125.0,66.0,3.13,41,4.48,48,0.46,33,40,2.8,30.809034907597535
Tetsuji Kato,70.0,155.0,72.0,1.2,29,2.1,70,2.0,57,80,0.5,48.75290896646133
Hisaki Kato,72.0,185.0,72.0,2.8,48,1.72,68,1.62,100,0,0.0,43.969883641341546
Lone'er Kavanagh,66.0,125.0,67.0,4.13,50,3.94,53,1.12,46,82,0.4,27.24435318275154
Brad Katona,66.0,135.0,64.0,4.81,52,4.75,50,1.86,34,61,0.0,34.71594798083505
Sarah Kaufman,65.0,135.0,66.0,6.65,46,4.0,62,0.38,57,81,0.0,40.96098562628337
Calvin Kattar,71.0,145.0,72.0,4.41,37,6.55,54,0.34,29,77,0.1,38.4476386036961
Yusuke Kawaguchi,72.0,255.0,72.0,2.87,47,3.93,50,0.0,0,72,0.0,46.06160164271047
Canaan Kawaihae,72.0,145.0,71.0,2.83,51,4.59,36,0.0,0,100,0.0,29.02943189596167
Ryo Kawamura,71.0,205.0,72.0,0.6,16,3.93,39,0.0,0,6,0.0,45.18822724161533
Tatsuya Kawajiri,67.0,145.0,69.0,2.04,44,2.01,50,3.63,48,63,1.1,48.33127994524298
Tony Kelley,69.0,135.0,70.0,5.55,47,4.85,45,0.0,0,52,1.4,39.624914442162904
Doug Kay,70.0,155.0,72.0,0.0,0,0.0,0,0.0,0,0,0.0,39.59753593429158
Masuto Kawana,66.0,145.0,69.0,2.54,41,3.79,41,11.67,55,100,0.0,31.600273785078713
Toshiomi Kazama,67.0,135.0,69.0,1.49,53,4.56,38,1.94,16,66,1.0,29.311430527036276
Chris Kelades,67.0,125.0,68.0,2.4,43,2.64,48,1.04,18,53,0.3,45.53867214236824
Mayana Kellem,65.0,135.0,72.0,1.94,22,2.9,62,0.0,0,0,0.0,45.16632443531827
Ryan Keenan,70.0,170.0,72.0,0.0,0,0.0,0,0.0,0,0,0.0,41.22655715263518
Julie Kedzie,65.0,135.0,72.0,2.9,36,3.18,46,1.14,23,78,0.0,45.47022587268994
Brian Kelleher,66.0,135.0,66.0,3.31,41,4.59,54,1.68,41,60,0.7,40.049281314168375
CJ Keith,72.0,155.0,72.0,0.86,50,1.82,50,0.0,0,62,0.0,40.0766598220397
Losene Keita,67.0,145.0,72.0,3.47,43,4.47,62,0.0,0,100,0.0,28.684462696783026
Paul Kelly,69.0,155.0,70.0,3.22,37,2.61,59,1.34,60,30,1.5,41.98220396988364
John Kelly,69.0,170.0,72.0,0.0,0,0.0,0,0.0,0,0,0.0,48.09582477754962
Daniel Kelly,72.0,185.0,70.0,3.62,38,4.64,61,1.86,34,78,0.3,48.84873374401095
Waylon Kennell,72.0,185.0,72.0,0.0,0,0.0,0,0.0,0,0,0.0,39.59753593429158
Jeremy Kennedy,71.0,145.0,71.0,2.22,46,2.58,47,5.73,52,66,0.0,33.97125256673511
Steve Kennedy,71.0,170.0,72.0,2.28,35,5.52,45,2.51,33,0,0.0,43.501711156741955
Tim Kennedy,71.0,185.0,74.0,2.78,47,1.84,62,2.58,35,70,0.7,47.01437371663244
Maimaitituoheti Keremuaili,66.0,135.0,66.0,1.47,52,1.67,37,1.0,33,84,0.0,35.4715947980835
Aurelijus Kerpe,70.0,155.0,72.0,1.26,16,8.21,31,0.0,0,0,0.0,39.59753593429158
Casey Kenney,67.0,135.0,68.0,4.85,42,4.67,58,1.09,35,61,0.4,35.46611909650924
Ron Keslar,70.0,185.0,72.0,0.0,0,2.05,60,0.0,0,100,7.7,46.38740588637919
Will Kerr,70.0,155.0,69.0,1.91,42,6.22,33,0.0,0,0,14.3,43.87679671457906
Adam Khaliev,72.0,170.0,72.0,0.0,0,0.0,0,0.0,0,0,0.0,42.390143737166326
Mark Kerr,75.0,266.0,72.0,0.28,41,0.89,28,2.92,77,0,0.4,57.70841889117043
Rustam Khabilov,68.0,155.0,73.0,1.98,34,2.16,65,3.95,41,61,0.1,39.83846680355921
Sergey Khandozhko,73.0,170.0,74.0,3.41,41,2.37,60,0.76,28,61,0.0,34.299794661190965
Alfred Khashakyan,68.0,135.0,70.0,6.14,42,6.38,40,3.54,25,0,0.0,38.13826146475017
Aziz Khaydarov,71.0,155.0,72.0,2.6,61,2.8,61,0.0,0,85,0.0,32.94729637234771
WonBin Ki,71.0,155.0,73.0,6.73,50,4.21,55,0.73,20,50,0.0,35.56741957563313
Sergei Kharitonov,72.0,245.0,72.0,3.9,44,3.03,54,1.16,53,70,1.0,46.050650239561946
Mansher Khera,70.0,155.0,68.0,2.8,38,2.6,38,2.0,14,100,0.0,34.392881587953454
Aliaskhab Khizriev,69.0,185.0,74.0,6.01,64,4.38,61,5.64,60,100,3.8,36.035592060232716
Sanae Kikuta,69.0,200.0,72.0,0.7,45,0.9,52,1.6,63,25,1.8,54.98973305954826
Pannie Kianzad,67.0,135.0,66.0,4.88,49,4.09,51,0.41,33,65,0.1,34.7460643394935
Akira Kikuchi,68.0,155.0,72.0,3.67,56,0.4,14,2.0,40,100,0.0,48.12320328542094
Jacob Kilburn,69.0,145.0,72.0,2.56,33,6.78,35,0.51,5,20,0.5,31.19233401779603
Jong Wang Kim,73.0,240.0,72.0,0.0,0,0.0,0,0.0,0,0,0.0,39.59753593429158
Katsunori Kikuno,68.0,145.0,66.0,2.64,40,2.47,61,1.88,75,76,0.8,44.84873374401095
Dae Won Kim,71.0,180.0,72.0,1.75,32,2.51,36,3.43,42,0,0.0,46.847364818617386
Jin Oh Kim,69.0,205.0,72.0,5.06,25,8.43,50,0.0,0,66,0.0,46.73511293634497
Jong Won Kim,67.0,139.0,72.0,0.84,15,3.28,63,2.81,100,0,0.0,49.79329226557152
Dong Hyun Kim,74.0,170.0,76.0,2.12,49,1.89,58,2.93,43,71,0.6,44.80219028062971
Min Soo Kim,73.0,255.0,72.0,0.87,100,3.48,20,0.0,0,0,0.0,51.62217659137577
Jong Man Kim,67.0,139.0,72.0,1.33,21,3.0,60,0.0,0,0,0.0,48.511978097193705
MinWoo Kim,68.0,135.0,72.0,0.0,0,0.0,0,0.0,0,0,0.0,33.12799452429842
Ji Yeon Kim,67.0,125.0,72.0,5.37,36,5.41,56,0.0,0,50,0.1,36.884325804243666
HanSeul Kim,73.0,170.0,73.0,5.79,42,5.68,52,0.0,0,50,1.7,36.21629021218344
Rob Kimmons,70.0,185.0,73.0,1.86,48,4.79,38,2.08,46,25,2.4,45.59890485968515
Jeremy Kimball,72.0,205.0,72.0,2.81,46,3.84,49,1.41,20,50,0.0,35.67419575633128
Dustin Kimura,67.0,135.0,71.0,1.33,21,3.82,51,0.93,37,50,2.2,37.295003422313485
Mike King,75.0,185.0,72.0,4.44,58,1.29,72,1.75,25,40,3.5,43.09103353867214
Taiei Kin,71.0,185.0,72.0,2.71,60,1.33,52,0.0,0,55,0.0,56.16427104722793
Sangwook Kim,72.0,155.0,71.0,5.11,55,5.82,44,1.77,22,72,1.2,32.8870636550308
So Yul Kim,70.0,115.0,72.0,0.0,0,0.0,0,0.0,0,0,0.0,29.284052019164957
KyuSung Kim,71.0,125.0,69.0,1.53,53,0.87,69,0.0,0,33,0.0,33.83436002737851
SangWon Kim,69.0,145.0,69.0,3.18,57,3.73,58,0.69,25,72,0.0,33.01300479123888
KyeungPyo Kim,69.0,155.0,71.0,6.77,46,6.32,63,3.87,40,100,0.0,34.60369609856263
Kyle Kingsbury,76.0,205.0,79.0,2.97,40,3.81,51,2.64,41,52,0.0,44.459958932238195
Yusaku Kinoshita,72.0,170.0,71.0,4.65,50,5.12,51,0.0,0,50,0.0,26.04243668720055
Yurij Kiseliov,68.0,185.0,72.0,4.88,87,0.0,0,0.0,0,50,0.0,50.105407255304584
Kamuela Kirk,70.0,155.0,75.0,3.22,50,5.87,40,1.5,26,47,1.2,32.39972621492129
Justine Kish,65.0,125.0,64.0,4.51,48,4.59,57,0.87,33,50,0.1,38.39835728952772
Koji Kitao,79.0,350.0,72.0,0.0,0,0.0,0,0.0,0,0,0.0,62.902121834360024
Satoru Kitaoka,66.0,154.0,72.0,0.68,33,2.15,45,0.62,10,27,2.1,46.587268993839835
Top Noi Kiwram,65.0,125.0,67.0,4.47,59,3.23,66,2.72,85,74,0.0,34.05886379192334
Nick Klein,73.0,185.0,77.0,2.51,56,3.41,39,5.79,35,66,1.9,30.99520876112252
Ludovit Klein,67.0,155.0,72.0,3.83,53,3.57,53,1.29,50,76,0.0,31.537303216974674
Seth Kleinbeck,74.0,185.0,72.0,2.55,33,2.42,40,0.98,25,90,0.0,53.1170431211499
Stefan Klever,70.0,185.0,72.0,0.82,50,3.84,58,0.0,0,0,0.0,39.59753593429158
Fatima Kline,66.0,115.0,67.0,4.88,48,2.46,61,3.13,66,65,0.2,26.151950718685832
Felix Klinkhammer,72.0,170.0,72.0,0.0,0,0.0,0,0.0,0,0,0.0,39.59753593429158
Drakkar Klose,69.0,155.0,70.0,4.25,55,3.65,49,1.49,26,69,0.0,38.49418206707735
Isao Kobayashi,68.0,145.0,72.0,1.01,33,1.66,45,2.17,100,100,0.0,37.856262833675565
Kelly Kobold,66.0,135.0,72.0,2.33,21,4.11,59,1.67,11,0,0.0,43.52908966461328
Michael Knaap,74.0,220.0,72.0,0.0,0,0.0,0,0.0,0,0,0.0,42.5242984257358
Kevin Knabjian,70.0,170.0,72.0,0.0,0,15.56,22,0.0,0,100,0.0,42.171115674195754
Jason Knight,70.0,145.0,71.0,2.95,33,3.02,51,1.31,31,47,1.7,34.14647501711157
Erik Koch,70.0,170.0,71.0,2.33,42,2.82,47,1.02,42,81,1.0,37.921971252566735
Josefine Knutsson,63.0,115.0,60.0,4.24,51,2.13,54,1.6,72,35,0.0,30.639288158795345
William Knight,70.0,205.0,73.0,2.62,56,3.3,35,1.78,40,48,0.4,38.42573579739904
Seokhyeon Ko,70.0,170.0,71.0,3.15,50,1.93,62,3.0,52,50,0.2,32.95003422313484
Brad Kohler,69.0,220.0,72.0,0.0,0,0.0,0,0.0,0,0,0.0,62.280629705681044
Charlie Kohler,69.0,155.0,72.0,0.81,33,4.31,46,0.0,0,0,4.0,50.1409993155373
Kaloyan Kolev,74.0,205.0,73.0,1.12,45,4.49,42,10.11,60,0,0.0,33.88637919233402
Tsuyoshi Kohsaka,71.0,225.0,72.0,1.88,38,4.41,54,1.32,20,33,0.4,56.50376454483231
Sokun Koh,73.0,205.0,72.0,0.0,0,0.0,0,0.0,0,0,0.0,39.59753593429158
Shingo Kohara,66.0,135.0,72.0,0.0,0,0.0,0,0.0,0,0,0.0,39.59753593429158
John Kolosci,71.0,185.0,72.0,0.21,20,0.85,50,0.0,0,0,0.0,51.7782340862423
Yuki Kondo,71.0,183.0,72.0,1.14,42,2.57,51,0.76,41,37,0.5,51.14031485284052
Syuri Kondo,64.0,115.0,66.0,5.4,44,7.22,58,0.0,0,83,0.3,37.57426420260096
Mantas Kondratavicius,74.0,185.0,75.0,4.97,65,1.3,57,2.8,60,91,0.9,27.140314852840522
Andrei Kopylov,74.0,265.0,72.0,0.33,66,4.31,40,0.0,0,0,0.0,61.14168377823409
Cheick Kongo,76.0,240.0,82.0,3.33,56,1.28,54,2.3,56,52,0.2,51.30732375085558
Bruno Korea,66.0,135.0,65.0,2.12,34,3.96,42,0.0,0,25,0.0,35.19233401779603
Andrey Koreshkov,72.0,170.0,72.0,2.84,39,1.92,63,4.8,53,0,0.0,36.03832991101985
Chungreng Koren,66.0,135.0,67.0,6.78,54,4.56,39,10.0,46,0,1.7,28.594113620807665
Roman Kopylov,72.0,185.0,75.0,4.54,50,5.08,53,1.12,50,88,0.0,34.340862422997944
Ilya Kotau,70.0,170.0,72.0,3.94,40,4.38,44,6.57,100,100,6.6,39.59753593429158
Naoyuki Kotani,68.0,155.0,66.0,1.02,31,2.89,50,0.83,16,46,0.8,44.74469541409993
Steven Koslow,67.0,125.0,69.0,0.77,37,3.73,40,5.28,55,0,1.1,29.620807665982205
Josh Koscheck,70.0,170.0,73.0,1.79,36,2.27,63,2.46,48,64,0.4,48.766598220396986
Matt Kovacs,72.0,244.0,72.0,1.47,22,4.87,44,1.0,25,0,0.0,45.327857631759066
Iouri Kotchkine,74.0,235.0,72.0,0.67,38,4.92,15,0.0,0,25,0.0,56.709103353867214
Karolina Kowalkiewicz,63.0,115.0,64.0,5.54,42,5.77,56,0.36,23,74,0.2,40.89253935660506
Marcus Kowal,70.0,135.0,72.0,0.0,0,0.0,0,0.0,0,0,0.0,49.440109514031484
Martin Kozak,70.0,185.0,72.0,0.0,0,0.0,0,0.0,0,0,0.0,24.161533196440793
Jorgen Kruth,74.0,205.0,72.0,0.0,0,0.0,0,0.0,0,0,0.0,52.33127994524298
Steve Kozola,70.0,155.0,72.0,3.9,39,4.36,50,2.34,100,100,0.0,39.59753593429158
Derrick Krantz,70.0,170.0,72.0,2.07,37,4.03,50,3.18,50,0,0.8,38.64750171115674
Pascal Krauss,73.0,170.0,72.0,5.45,47,3.88,59,1.53,50,60,0.9,39.383983572895275
James Krause,74.0,170.0,73.0,4.79,49,4.11,61,0.96,18,59,0.9,40.257357973990416
Rene Kronvold,68.0,170.0,72.0,0.82,100,2.47,60,0.0,0,66,4.1,56.6735112936345
Mariusz Ksiazkiewicz,75.0,185.0,75.0,0.93,45,3.4,39,4.0,100,0,2.0,36.92265571526352
Nikita Krylov,75.0,205.0,77.0,4.38,54,2.75,48,2.19,38,53,1.1,34.49965776865161
Joe Kropschot,75.0,185.0,79.0,0.0,0,0.0,0,0.0,0,0,0.0,31.21697467488022
Kaynan Kruschewsky,72.0,155.0,73.0,5.67,50,5.71,46,2.74,100,75,2.1,35.42505133470226
Anton Kuivanen,68.0,155.0,72.0,2.27,38,1.63,67,1.2,100,71,0.4,42.34907597535934
Junya Kudo,70.0,135.0,72.0,1.85,71,4.44,33,0.0,0,0,0.0,43.455167693360714
John Kuhner,70.0,170.0,72.0,0.0,0,0.0,0,0.0,0,0,0.0,43.90143737166324
Eliezer Kubanza,69.0,170.0,74.0,2.11,50,6.97,37,0.0,0,100,0.0,28.70362765229295
Aleksei Kunchenko,68.0,170.0,70.0,3.67,44,2.83,63,0.25,33,80,0.0,42.34633812457221
Keigo Kunihara,72.0,235.0,72.0,0.17,10,1.99,57,4.97,40,100,2.5,39.59753593429158
Rizvan Kuniev,76.0,240.0,76.0,4.32,54,2.22,49,0.79,75,93,0.0,34.49144421629021
Michael Kuiper,72.0,185.0,73.0,3.28,54,3.62,54,2.3,55,79,0.0,37.24845995893224
Maiju Kujala,70.0,135.0,72.0,2.5,40,5.5,36,0.0,0,50,0.0,40.53114305270363
Sumit Kumar,65.0,125.0,66.0,2.8,24,4.67,46,6.0,30,60,0.0,25.99041752224504
Jon Kunneman,69.0,185.0,73.0,0.0,0,0.0,0,0.0,0,0,0.0,27.148528405201915
Leo Kuntz,70.0,155.0,72.0,1.68,32,3.8,45,1.99,25,33,0.7,42.926762491444215
Kiichi Kunimoto,70.0,170.0,71.0,1.87,44,3.92,41,1.59,20,28,0.3,45.34976043805612
Ramazan Kuramagomedov,73.0,170.0,73.0,11.67,67,9.13,54,1.0,14,0,0.0,30.036960985626283
Korey Kuppe,77.0,170.0,77.0,0.73,73,1.33,31,0.0,0,69,1.0,37.61806981519507
Tsuyoshi Kurihara,70.0,185.0,72.0,0.0,0,12.0,50,0.0,0,0,0.0,53.14989733059548
Eldari Kurtanidze,66.0,235.0,72.0,0.47,20,3.72,60,0.0,0,0,0.0,54.390143737166326
Kyle Kurtz,70.0,170.0,72.0,1.31,36,2.95,52,1.23,20,0,2.5,39.59753593429158
Guram Kutateladze,71.0,155.0,72.0,3.53,45,4.22,54,0.61,15,75,0.0,34.6611909650924
Vadym Kutsyi,72.0,170.0,71.0,5.53,48,4.94,55,3.53,40,0,0.0,35.13757700205339
Kaleo Kwan,67.0,155.0,72.0,0.0,0,0.0,0,0.0,0,0,0.0,56.09856262833676
Lina Kvokov,69.0,135.0,72.0,2.31,30,12.12,19,0.0,0,0,0.0,39.59753593429158
Jarrod Kwitty,68.0,185.0,72.0,0.53,50,4.4,32,8.0,50,0,2.0,39.59753593429158
Mike Kyle,76.0,205.0,77.0,3.93,51,3.35,49,1.33,62,50,0.8,46.43394934976044
Achmed Labasanov,75.0,215.0,72.0,0.75,39,1.1,46,3.0,100,0,0.8,48.369609856262834
Lisa Kyriacou,65.0,125.0,64.0,4.67,41,4.4,47,0.0,0,33,0.0,32.80219028062971
Josh LaBerge,70.0,145.0,72.0,2.53,36,5.33,44,0.0,0,71,0.0,39.59753593429158
Luan Lacerda,67.0,135.0,71.0,4.06,42,6.15,49,2.82,39,66,0.6,33.661875427789184
Daniel Lacerda,66.0,125.0,70.0,3.95,45,8.28,34,2.32,50,0,1.2,30.253251197809718
Kemran Lachinov,70.0,170.0,72.0,0.0,0,0.0,0,0.0,0,0,0.0,39.59753593429158
Jeremiah Labiano,70.0,135.0,72.0,0.0,0,0.0,0,0.0,0,0,0.0,39.59753593429158
Aspen Ladd,66.0,135.0,66.0,3.78,47,4.65,47,1.56,47,62,0.6,31.51813826146475
Ryan LaFlare,73.0,170.0,74.0,2.89,40,1.86,63,2.13,44,58,0.2,42.93223819301848
Corinne Laframboise,64.0,125.0,65.0,3.16,68,1.89,47,3.16,100,33,0.0,37.28405201916495
Ben Lagman,74.0,185.0,72.0,0.0,0,0.0,0,0.0,0,0,0.0,40.00547570157426
Todd Lally,67.0,145.0,72.0,0.0,0,0.0,0,0.0,0,0,0.0,39.59753593429158
Tina Lahdemaki,62.0,115.0,72.0,1.93,20,4.67,57,0.0,0,16,0.0,38.275154004106774
Noad Lahat,69.0,145.0,69.0,2.79,46,1.47,63,2.37,26,16,2.4,42.24503764544832
Yohan Lainesse,73.0,170.0,76.0,2.22,41,3.38,58,0.94,28,72,0.5,34.06160164271047
Tim Lajcik,73.0,225.0,72.0,0.0,0,0.0,0,0.0,0,0,0.0,61.210130047912386
Sean Lally,72.0,170.0,72.0,5.34,39,7.23,30,0.0,0,0,0.0,35.83846680355921
Jason Lambert,75.0,185.0,75.0,3.21,58,1.84,50,1.35,36,28,2.4,51.26078028747433
Lionel Lanham,70.0,205.0,72.0,0.0,0,0.0,0,0.0,0,0,0.0,46.01505817932922
Jose Landi-Jons,71.0,170.0,72.0,0.99,40,0.77,43,2.2,80,40,2.2,52.99110198494182
Nate Landwehr,69.0,155.0,72.0,5.55,45,5.96,51,0.73,41,71,0.7,38.25051334702259
Aaron Lanfranco,70.0,155.0,72.0,0.0,0,0.0,0,0.0,0,0,0.0,40.030116358658454
Austen Lane,78.0,205.0,80.0,2.7,50,2.45,39,1.5,28,33,0.0,38.82546201232033
Ricardo Lamas,68.0,145.0,71.0,3.13,47,2.87,57,1.84,33,46,0.9,44.29568788501027
Jeremy Lang,71.0,205.0,72.0,1.13,50,1.41,42,4.22,60,0,4.2,51.32375085557837
Ryan Larson,70.0,170.0,72.0,0.0,0,0.0,0,0.0,0,0,0.0,45.68377823408624
Anthony Lapsley,69.0,170.0,72.0,0.53,34,0.58,66,0.0,0,20,0.0,46.562628336755644
Joseph Larcinese,63.0,125.0,64.0,5.4,52,5.07,56,2.0,40,50,0.0,27.9315537303217
TJ Laramie,66.0,145.0,66.0,1.49,50,2.64,38,1.44,33,40,0.0,28.892539356605067
Taylor Lapilus,66.0,135.0,73.0,4.59,48,2.61,62,0.27,33,77,0.3,34.41204654346338
Lina Lansberg,67.0,135.0,65.0,2.69,55,3.87,44,0.52,27,47,0.1,44.48459958932238
Chad Laprise,70.0,170.0,71.0,4.78,42,3.59,65,1.05,54,78,0.0,40.12320328542094
Icho Larenas,75.0,235.0,72.0,0.17,15,2.5,28,0.0,0,14,0.0,46.48596851471595
Jenel Lausa,65.0,125.0,68.0,1.44,42,3.53,53,0.55,66,51,0.8,38.09719370294319
Lorenz Larkin,71.0,170.0,72.0,3.53,46,2.74,63,0.27,42,79,0.1,40.0082135523614
Muhammed Lawal,72.0,205.0,78.0,3.79,52,1.61,66,5.96,75,87,0.0,45.65092402464066
Joe Lauzon,70.0,155.0,71.0,2.84,39,5.39,54,2.39,45,54,2.0,42.29158110882957
Sandra Lavado,67.0,115.0,66.0,0.87,37,2.67,34,0.0,0,33,0.0,32.34496919917864
Cody Law,70.0,145.0,72.0,0.0,0,0.0,0,0.0,0,0,0.0,31.45516769336071
Sione Latu,72.0,215.0,72.0,0.0,0,0.0,0,0.0,0,0,0.0,39.59753593429158
Phillip Latu,75.0,205.0,76.0,3.4,51,7.07,31,0.0,0,100,0.0,35.55099247091034
Bobby Lashley,75.0,255.0,78.0,3.1,63,0.76,63,11.47,70,0,0.0,50.1409993155373
Jeremy Larsen,70.0,145.0,70.0,4.87,48,5.75,57,2.49,33,0,0.0,42.3025325119781
Brock Larson,71.0,170.0,71.0,1.39,46,1.5,55,2.67,34,43,2.0,49.03764544832307
Ilir Latifi,70.0,230.0,73.0,2.05,45,2.93,56,2.11,35,100,0.3,44.10951403148528
Justin Lawrence,68.0,145.0,67.0,3.84,35,2.83,67,0.72,28,73,0.0,36.31211498973306
Tom Lawlor,72.0,205.0,74.0,2.5,42,2.41,60,2.46,32,57,1.4,43.31279945242984
Chatt Lavender,68.0,170.0,72.0,0.0,0,0.0,0,0.0,0,0,0.0,50.286105407255306
Dan Lauzon,70.0,155.0,72.0,1.34,25,4.09,61,1.63,33,80,2.7,38.43668720054757
Valmir Lazaro,72.0,155.0,73.0,4.87,37,4.09,61,1.33,40,96,0.0,41.059548254620125
Lance Lawrence,73.0,145.0,74.0,5.87,50,9.8,24,1.0,100,50,0.0,33.19644079397673
Ronnie Lawrence,68.0,135.0,68.0,2.78,56,1.75,52,6.75,77,45,0.2,34.23134839151266
Robbie Lawler,71.0,170.0,74.0,3.85,47,4.67,59,0.65,64,65,0.0,44.46543463381246
Jimmy Lawson,72.0,265.0,77.0,0.07,8,1.6,44,0.0,0,0,0.0,34.8145106091718
Zviad Lazishvili,66.0,135.0,69.0,4.2,39,6.13,51,0.0,0,0,0.0,34.86652977412731
Mounir Lazzez,73.0,170.0,76.0,7.49,55,5.42,53,1.8,57,71,0.0,38.8062970568104
Cung Le,69.0,185.0,70.0,4.36,48,2.98,66,1.37,71,88,0.3,54.28336755646817
Eric Lawson,72.0,185.0,72.0,1.58,57,1.97,44,8.88,42,0,3.0,45.56331279945243
Carlos Leal,71.0,170.0,74.0,8.75,47,7.78,48,0.43,11,90,0.0,32.342231348391515
Quang Le,67.0,135.0,70.0,2.82,38,4.59,49,2.9,33,100,0.4,34.88569472963724
Jordan Leavitt,69.0,145.0,71.0,2.18,58,1.57,59,2.97,30,30,1.2,31.263518138261464
Thanh Le,69.0,145.0,74.0,1.97,40,1.82,70,0.0,0,100,0.0,41.02395619438741
Jerome LeBanner,75.0,265.0,72.0,0.92,35,1.03,37,0.0,0,50,0.0,53.69472963723477
Julien Leblanc,74.0,185.0,74.0,1.69,66,2.96,46,0.0,0,0,0.0,34.625598904859686
David Lee,70.0,155.0,72.0,1.49,50,3.31,42,0.0,0,50,0.0,48.40246406570842
James Lee,71.0,205.0,72.0,1.4,42,3.72,27,13.95,50,0,7.0,52.955509924709105
Jean-Paul Lebosnoyani,71.0,170.0,72.0,4.14,46,4.05,57,2.89,42,100,1.9,27.60848733744011
Justin Ledet,76.0,205.0,80.0,3.35,39,4.82,49,0.23,50,42,0.2,37.93839835728953
Chris Leben,71.0,185.0,73.0,2.87,42,2.87,52,1.14,41,53,0.8,46.12731006160164
Eun Soo Lee,73.0,215.0,72.0,0.0,0,3.05,60,0.0,0,50,0.0,44.50102669404517
Jackie Lee,70.0,155.0,72.0,0.0,0,0.0,0,0.0,0,0,0.0,39.59753593429158
Tae Hyun Lee,78.0,295.0,72.0,1.37,31,3.89,54,5.15,100,0,0.0,51.63586584531143
Mickael Lebout,71.0,155.0,73.0,2.6,34,2.98,54,0.0,0,60,0.0,39.058179329226554
Stephen Ledbetter,69.0,145.0,72.0,1.2,38,1.6,57,5.0,45,100,0.0,44.186173853524984
ChangHo Lee,68.0,135.0,69.0,3.88,66,2.13,37,3.2,34,40,0.3,32.328542094455855
Vaughan Lee,66.0,125.0,66.0,3.47,47,2.07,70,0.81,33,72,1.0,43.893223819301845
Tommy Lee,67.0,145.0,72.0,0.0,0,0.3,75,4.57,33,0,0.0,49.62628336755647
JeongYeong Lee,70.0,145.0,73.0,3.38,49,3.82,50,0.63,66,72,0.3,30.8145106091718
Matt Lee,71.0,155.0,72.0,0.0,0,9.68,21,0.0,0,0,0.0,55.162217659137575
YiSak Lee,72.0,185.0,72.0,2.73,40,5.73,47,0.0,0,0,0.0,26.680355920602327
Ricky Legere Jr.,68.0,170.0,72.0,1.07,41,1.53,60,5.0,41,0,0.0,40.709103353867214
Macksom Lee,73.0,135.0,75.0,0.87,44,2.13,50,0.0,0,63,1.0,27.665982203969882
Imani Lee,70.0,155.0,72.0,0.0,0,0.94,33,0.0,0,0,0.0,49.138945927446954
Rocky Lee,69.0,145.0,72.0,2.47,51,5.33,44,1.0,10,33,0.0,39.41409993155373
JungHyun Lee,65.0,125.0,65.0,4.27,39,6.2,38,0.0,0,64,0.0,23.98904859685147
Andrea Lee,66.0,125.0,69.0,4.62,45,3.91,61,1.65,52,53,0.6,37.56605065023956
Kevin Lee,69.0,170.0,77.0,3.88,42,3.6,50,3.18,43,75,0.8,34.0041067761807
Sherron Leggett,68.0,155.0,72.0,2.86,51,2.08,47,5.19,80,33,0.0,47.860369609856264
Cheyden Leialoha,68.0,135.0,73.0,1.87,28,3.2,53,2.0,33,71,0.0,32.479123887748116
Claudia Leite,63.0,135.0,64.0,1.27,47,1.73,57,1.0,25,0,1.0,29.83709787816564
Stefan Leko,74.0,215.0,72.0,2.4,43,6.17,68,0.0,0,0,0.0,52.26009582477755
Thales Leites,73.0,185.0,78.0,2.13,40,2.99,52,2.1,27,30,1.1,44.99931553730322
Jovan Leka,76.0,263.0,75.0,1.96,70,0.98,50,0.86,100,55,0.9,24.479123887748116
Amanda Lemos,64.0,115.0,65.0,2.84,55,3.22,44,0.93,57,63,0.7,39.29363449691992
Giacomo Lemos,75.0,247.0,75.0,0.0,0,0.0,0,0.0,0,0,0.0,37.204654346338124
Christophe Leninger,72.0,200.0,72.0,0.0,0,0.0,0,0.0,0,0,0.0,39.59753593429158
Gabe Lemley,68.0,155.0,72.0,0.82,35,6.03,45,0.0,0,0,0.0,39.59753593429158
Jesse Lennox,69.0,170.0,72.0,2.69,32,3.2,64,1.22,66,63,0.3,44.492813141683776
Jean Francois Lenogue,72.0,185.0,72.0,1.13,34,0.27,60,0.0,0,33,0.0,53.76865160848734
Nik Lentz,68.0,145.0,68.0,3.44,47,3.25,50,3.3,32,43,1.2,42.064339493497606
Alberta Cerra Leon,68.0,238.0,72.0,0.0,0,0.0,0,0.0,0,0,0.0,39.59753593429158
Chad Leonhardt,72.0,170.0,72.0,0.0,0,0.0,0,0.0,0,0,0.0,46.54620123203286
Anthony Leone,66.0,135.0,72.0,1.94,53,2.52,56,1.72,18,0,0.0,39.279945242984255
Kimo Leopoldo,75.0,235.0,72.0,0.76,83,2.12,30,4.55,100,0,2.3,58.6694045174538
Victoria Leonardo,65.0,125.0,64.0,3.22,38,4.81,47,1.57,27,71,0.0,36.55304585900068
David Levicki,77.0,275.0,72.0,0.0,0,0.0,0,0.0,0,0,0.0,39.59753593429158
Kyle Levinton,70.0,155.0,72.0,0.0,0,0.0,0,0.0,0,0,0.0,39.59753593429158
Marcus LeVesseur,69.0,155.0,70.0,2.55,64,3.7,37,3.89,36,83,0.6,44.139630390143736
Michael Lerma,70.0,155.0,72.0,0.0,0,6.47,45,0.0,0,0,0.0,52.799452429842574
Lukasz Les,70.0,170.0,72.0,0.0,0,0.0,0,0.0,0,0,0.0,44.83504449007529
Frank Lester,71.0,170.0,72.0,2.18,36,3.82,53,0.0,0,0,0.0,42.23956194387406
Leah Letson,67.0,145.0,71.0,3.06,41,3.84,52,0.51,50,76,0.0,34.04243668720055
Justin Levens,71.0,185.0,72.0,1.24,47,3.15,37,1.69,50,33,5.1,46.38466803559206
Valerie Letourneau,67.0,115.0,68.0,4.51,37,5.4,58,0.77,45,66,0.3,43.356605065023956
Brock Lesnar,75.0,265.0,81.0,3.53,72,2.11,50,3.9,55,60,0.5,49.152635181382614
John Lewis,72.0,155.0,72.0,0.0,0,4.0,66,0.0,0,0,0.0,39.59753593429158
Natan Levy,69.0,155.0,71.0,3.7,52,3.19,58,5.03,58,41,0.5,34.93497604380561
Brandon Lewis,64.0,135.0,70.0,2.17,29,3.63,53,1.0,15,20,0.0,29.09514031485284
Malik Lewis,72.0,155.0,75.0,4.16,45,5.66,40,3.98,40,50,0.0,30.507871321013006
Bevon Lewis,75.0,185.0,79.0,3.73,43,2.67,54,0.0,0,66,0.0,35.34017796030116
Derrick Lewis,75.0,260.0,79.0,2.41,48,2.79,38,0.53,25,51,0.0,41.57700205338809
Jess Liaudin,69.0,170.0,72.0,2.46,51,2.76,41,3.28,53,30,1.6,39.59753593429158
Chuck Liddell,74.0,205.0,76.0,2.97,35,2.71,56,0.44,75,81,0.0,56.720054757015745
Li Yunfeng,68.0,135.0,68.0,0.53,29,2.55,35,0.0,0,50,0.0,27.498973305954827
Chi Lewis-Parry,81.0,243.0,72.0,0.0,0,0.0,0,0.0,0,0,0.0,43.07460643394935
Li Jingliang,72.0,170.0,71.0,4.46,42,3.95,56,1.19,41,60,0.0,38.46406570841889
Donnie Liles,69.0,170.0,72.0,2.25,41,1.75,65,2.5,28,0,1.2,39.59753593429158
Scott Lighty,74.0,205.0,72.0,2.91,21,4.24,49,0.0,0,0,0.0,47.893223819301845
Chris Liguori,69.0,185.0,72.0,0.29,33,1.44,0,0.0,0,50,0.0,39.59753593429158
Sam Liera,70.0,155.0,72.0,0.82,60,7.36,51,0.0,0,66,0.0,42.77891854893908
Jae Suk Lim,69.0,170.0,72.0,2.43,50,4.05,37,12.16,100,100,0.0,46.82546201232033
Zach Light,68.0,170.0,72.0,0.81,33,1.9,48,1.36,100,0,0.0,52.580424366872
Hyun Gyu Lim,75.0,170.0,77.0,4.45,41,5.07,51,0.23,100,73,0.2,41.637234770705
Rodrigo Lidio,71.0,155.0,73.0,0.97,50,0.0,100,0.0,0,50,0.0,37.16632443531827
Liang Na,65.0,125.0,67.0,1.99,42,3.95,36,3.6,58,25,0.5,30.11088295687885
GwanWoo Lim,74.0,145.0,74.0,0.53,42,2.47,24,0.0,0,53,1.0,25.111567419575632
Juliana Lima,65.0,115.0,65.0,1.94,44,2.11,55,1.72,31,70,0.0,44.479123887748116
Emiliano Linares,68.0,145.0,72.0,1.17,28,3.59,26,0.0,0,33,0.0,29.377138945927445
Felipe Lima,66.0,145.0,68.0,2.86,45,2.91,64,2.18,27,85,0.7,28.334017796030118
Mabelly Lima,62.0,135.0,72.0,3.07,63,5.67,44,0.0,0,100,0.0,32.61327857631759
Miguel Linares,70.0,155.0,72.0,6.51,50,8.84,36,0.0,0,0,0.0,39.59753593429158
Andre Lima,67.0,125.0,67.0,3.94,56,2.66,58,1.11,60,75,0.9,27.586584531143053
Matt Lindland,72.0,185.0,74.0,2.62,50,1.56,52,3.01,48,60,1.3,56.3066392881588
Dhiego Lima,74.0,170.0,75.0,3.12,39,3.88,58,1.26,34,73,0.6,37.596167008898014
Douglas Lima,73.0,170.0,72.0,1.92,36,2.84,60,0.6,100,46,0.0,38.6694045174538
Jake Lindsey,71.0,155.0,72.0,3.44,52,4.01,46,0.65,33,50,0.0,40.21081451060917
John Lineker,63.0,135.0,67.0,5.36,40,4.27,56,0.56,58,67,0.6,36.23545516769336
Lucio Linhares,74.0,185.0,72.0,0.99,22,3.47,34,1.86,50,50,1.9,52.74469541409993
Philipe Lins,74.0,205.0,78.0,3.8,49,3.59,46,1.65,33,100,0.0,41.054072553045856
Tainara Lisboa,67.0,135.0,67.0,2.01,44,2.88,45,1.67,31,53,0.3,35.51540041067762
Austin Lingo,70.0,145.0,70.0,3.86,37,4.86,57,0.43,66,75,0.0,32.158795345653665
Dean Lister,73.0,185.0,75.0,1.26,35,1.89,61,1.58,15,50,1.1,50.562628336755644
Abner Lloveras,71.0,155.0,72.0,6.27,49,6.87,43,2.0,20,0,0.0,44.00547570157426
Adam Livingston,74.0,155.0,71.0,0.36,33,1.08,0,0.0,0,60,0.0,25.059548254620122
Brian Lo-A-Njoe,67.0,155.0,72.0,3.87,42,0.0,0,0.0,0,66,0.0,50.62286105407255
Liu Ce,70.0,205.0,72.0,0.0,0,0.0,0,0.0,0,0,0.0,30.0041067761807
Wesley Little,76.0,205.0,72.0,0.0,0,0.0,0,0.0,0,0,0.0,39.59753593429158
James Llontop,72.0,155.0,73.0,5.57,41,4.12,57,0.0,0,54,0.0,27.096509240246405
John Lober,71.0,199.0,72.0,0.0,0,0.0,0,0.0,0,0,0.0,58.52703627652293
Dylan Lockard,69.0,145.0,72.0,1.31,53,3.31,52,2.31,40,28,1.2,34.299794661190965
Artem Lobov,69.0,145.0,65.0,3.52,41,4.82,50,0.39,25,52,0.0,40.07118412046543
Ryan Loder,74.0,185.0,76.0,5.1,69,2.46,50,1.37,14,100,1.4,35.25530458590007
Sean Loeffler,75.0,185.0,72.0,0.0,0,0.0,0,0.0,0,0,0.0,44.290212183436005
Rocky Long,70.0,145.0,72.0,0.0,0,0.0,0,0.0,0,0,0.0,48.54757015742642
Christian Lohsen,74.0,155.0,77.0,5.27,49,6.93,44,0.0,0,0,2.0,31.616700889801507
Michael Lombardo,72.0,170.0,72.0,1.47,62,2.63,31,2.5,21,60,0.0,36.427104722792606
David Loiseau,72.0,185.0,76.0,1.59,44,3.64,43,0.43,42,36,0.1,46.72142368240931
Hector Lombard,69.0,185.0,71.0,3.02,46,3.35,53,1.69,48,77,0.5,48.591375770020534
Lucas Lopes,74.0,185.0,72.0,0.0,0,0.0,0,0.0,0,0,0.0,46.92128678986995
Thomas Longacre,69.0,145.0,72.0,0.0,0,0.0,0,0.0,0,0,0.0,39.59753593429158
Dileno Lopes,65.0,135.0,72.0,2.37,36,3.33,53,2.5,31,100,1.5,41.94387405886379
Ange Loosa,70.0,170.0,74.0,5.46,46,6.59,52,2.53,39,83,0.2,33.47022587268994
Loma Lookboonmee,61.0,115.0,61.0,3.58,55,2.45,53,1.76,50,70,0.1,30.633812457221083
Federico Lopez,64.0,139.0,72.0,1.78,23,5.35,30,0.0,0,0,0.0,42.672142368240934
Jorge Lopez,70.0,170.0,72.0,2.47,59,2.57,50,3.5,41,81,0.0,37.790554414784395
Ivan Lopez,66.0,135.0,72.0,0.9,26,2.24,65,0.0,0,30,0.0,39.59753593429158
Christopher Lopez,70.0,170.0,72.0,0.0,0,0.0,0,0.0,0,0,0.0,40.59958932238193
Steve Lopez,71.0,155.0,72.0,1.39,24,2.69,62,0.0,0,37,0.0,42.10266940451746
Matthew Lopez,67.0,135.0,69.0,3.13,50,3.73,55,3.32,60,71,1.3,39.624914442162904
Benito Lopez,70.0,135.0,73.0,4.39,45,5.18,56,0.0,0,73,0.3,32.41889117043121
Henrique Da Silva Lopes,70.0,265.0,72.0,0.0,0,0.0,0,0.0,0,0,0.0,41.497604380561256
Arthur Lopes,74.0,234.0,77.0,9.74,41,14.87,45,0.0,0,0,0.0,33.549623545516766
Bruno Lopes,74.0,205.0,74.0,2.87,44,4.83,50,2.05,25,100,0.0,33.36892539356605
Diego Lopes,71.0,145.0,72.0,3.79,47,4.65,46,0.82,46,68,1.3,31.685147159479808
Gabriel Lorenco,70.0,155.0,72.0,0.0,0,0.0,0,0.0,0,0,0.0,26.934976043805612
Gustavo Lopez,65.0,135.0,67.0,2.48,40,3.87,57,1.74,41,31,0.7,37.1937029431896
Brendan Loughnane,70.0,145.0,70.0,6.23,63,6.7,53,1.5,30,92,0.0,36.75290896646133
Nate Loughran,74.0,185.0,72.0,1.81,40,4.11,59,0.0,0,0,2.1,46.10814510609172
Caolan Loughran,66.0,135.0,68.0,4.73,42,5.2,52,3.0,34,87,0.0,30.302532511978097
Rashard Lovelace,70.0,155.0,72.0,0.0,0,0.0,0,0.0,0,0,0.0,39.59753593429158
Jakob Lovstad,75.0,205.0,72.0,0.0,0,9.43,35,0.0,0,0,0.0,46.691307323750856
Brandon Lowe,70.0,155.0,72.0,0.0,0,0.0,0,0.0,0,0,0.0,39.59753593429158
Ian Loveland,68.0,145.0,72.0,2.71,40,2.36,64,1.0,37,69,0.3,42.997946611909654
Waylon Lowe,67.0,145.0,72.0,1.88,55,2.4,53,4.47,55,83,0.3,45.84804928131417
Alik Lorenz,74.0,205.0,77.0,2.0,33,32.0,11,0.0,0,0,0.0,29.61259411362081
Colton Loud,70.0,125.0,72.0,0.0,0,0.0,0,0.0,0,0,0.0,25.746748802190282
Joe Lowry,71.0,155.0,73.0,3.97,34,4.25,63,0.0,0,0,0.0,36.733744010951405
Lu Zhengyong,70.0,125.0,72.0,0.0,0,0.0,0,0.0,0,0,0.0,39.59753593429158
Lu Kai,69.0,145.0,69.0,3.76,43,5.51,55,2.62,50,100,2.6,32.51745379876797
Matt Lucas,73.0,205.0,72.0,1.27,48,3.93,40,1.0,10,0,0.0,52.69267624914442
Robert Lucarelli,74.0,245.0,72.0,0.0,0,0.0,0,0.0,0,0,0.0,39.59753593429158
Cleber Luciano,66.0,155.0,72.0,0.0,0,0.0,0,0.0,0,0,0.0,39.59753593429158
Stephanie Luciano,66.0,115.0,65.0,5.25,42,3.29,63,1.47,66,80,0.5,26.72416153319644
Iasmin Lucindo,63.0,115.0,66.0,3.22,45,2.8,62,2.28,55,68,0.1,24.659822039698838
Lawrence Lui,67.0,135.0,72.0,3.72,39,3.32,60,5.3,40,100,0.0,30.088980150581794
Duane Ludwig,70.0,170.0,70.0,4.62,44,3.05,57,0.43,25,59,0.1,48.09034907597536
Mike Lullo,68.0,145.0,72.0,2.48,36,4.84,40,1.18,11,0,0.6,47.121149897330596
Juan Andres Luna,67.0,125.0,72.0,3.27,31,3.0,65,0.0,0,0,0.0,31.04722792607803
Paula Luna,62.0,125.0,62.0,0.65,50,6.2,17,0.0,0,0,0.0,27.173169062286107
Vicente Luque,71.0,185.0,75.0,4.8,50,5.24,51,0.89,48,59,0.7,34.776180698151954
Santiago Luna,69.0,135.0,74.0,4.74,53,2.76,67,2.3,71,57,0.9,22.083504449007528
Dalcha Lungiambula,68.0,185.0,76.0,3.07,45,3.93,52,2.14,45,77,0.0,39.10198494182067
Tucker Lutz,68.0,145.0,72.0,3.74,46,3.25,44,1.99,44,69,0.2,32.153319644079396
Alexandru Lungu,72.0,385.0,72.0,3.61,66,7.22,40,0.0,0,0,0.0,52.0082135523614
Lv Zhenhong,68.0,145.0,67.0,0.0,0,0.0,0,0.0,0,0,0.0,33.19917864476386
Adam Lynn,70.0,155.0,72.0,1.47,63,6.95,10,0.0,0,50,0.0,48.80492813141684
Thaddeus Luster,75.0,210.0,72.0,0.0,0,0.0,0,0.0,0,0,0.0,39.59753593429158
Joilton Lutterbach,73.0,185.0,75.0,0.0,0,0.0,0,0.0,0,0,0.0,33.83436002737851
Travis Lutter,71.0,185.0,75.0,0.41,32,2.42,42,1.95,24,30,0.7,53.319644079397676
Stevie Lynch,70.0,170.0,72.0,2.47,25,7.06,41,0.0,0,0,0.0,39.59753593429158
Chris Lytle,71.0,170.0,68.0,3.76,45,3.03,58,0.7,55,55,2.4,52.05201916495551
Marcos da Matta,64.0,145.0,72.0,0.0,0,0.0,0,0.0,0,0,0.0,53.47022587268994
Sarah D'alelio,67.0,145.0,72.0,2.4,33,0.0,100,0.0,0,100,0.0,45.73032169746749
Henrique da Silva,75.0,205.0,76.0,3.89,60,5.28,40,0.25,14,22,0.2,37.01300479123888
Alex Da Silva,68.0,155.0,73.0,2.14,46,2.52,56,1.97,43,76,0.3,30.587268993839835
Ariane da Silva,66.0,125.0,67.0,4.05,41,4.4,50,0.47,38,68,0.3,32.610540725530456
Deni Daffa,72.0,155.0,74.0,3.47,38,6.45,38,0.0,0,0,0.0,26.99520876112252
Radley Da Silva,69.0,145.0,71.0,0.27,22,0.93,48,6.0,100,100,0.0,31.21423682409309
Richard Dalton,73.0,205.0,72.0,1.2,69,3.27,25,1.0,11,0,0.0,49.13347022587269
Dave Dalgliesh,74.0,205.0,72.0,0.0,0,1.85,50,0.0,0,0,0.0,48.421629021218344
Nicolas Dalby,71.0,170.0,74.0,3.88,43,3.51,52,0.9,26,59,0.1,41.804243668720055
Paul Daley,69.0,170.0,76.0,3.14,47,2.37,60,0.91,40,64,0.0,43.540041067761805
Leonardo Damiani,70.0,170.0,69.0,1.67,23,4.17,37,0.0,0,50,0.0,36.01916495550992
Marko Damiani,72.0,170.0,72.0,0.0,0,0.0,0,0.0,0,0,0.0,39.59753593429158
Cindy Dandois,67.0,135.0,72.0,3.13,32,3.4,58,5.0,55,0,0.0,41.86173853524983
Aisling Daly,62.0,115.0,64.0,2.92,52,1.4,55,2.15,41,33,0.9,38.70225872689939
Batgerel Danaa,67.0,135.0,70.0,5.38,36,4.21,47,0.52,50,62,0.0,37.17453798767967
Peter Danesoe,69.0,135.0,68.0,4.99,52,6.73,38,0.0,0,62,0.0,26.012320328542096
Carina Damm,64.0,135.0,72.0,0.0,0,0.0,0,0.0,0,0,0.0,39.59753593429158
Rodrigo Damm,67.0,155.0,71.0,3.5,36,5.61,57,0.44,16,80,0.3,46.59000684462697
Eduardo Dantas,70.0,135.0,72.0,3.33,60,3.0,60,4.0,23,100,0.0,37.58795345653662
Alexandre Dantas,74.0,238.0,72.0,0.21,25,1.87,60,0.0,0,0,3.1,47.51813826146475
Anvarbek Daniyalbekov,70.0,185.0,72.0,0.0,0,0.0,0,0.0,0,0,0.0,31.279945242984258
Marques Daniels,70.0,155.0,72.0,0.0,0,0.0,0,0.0,0,0,0.0,48.2299794661191
Karen Darabedyan,67.0,155.0,68.0,3.43,51,2.62,67,2.14,75,0,0.0,39.71800136892539
Mac Danzig,68.0,155.0,70.0,3.39,48,3.44,57,1.2,37,46,0.6,46.677618069815196
Raymond Daniels,74.0,185.0,72.0,0.0,0,2.61,38,0.0,0,33,3.0,46.35455167693361
Jarjis Danho,75.0,265.0,74.0,3.38,50,5.25,49,0.51,16,100,0.0,42.893908281998634
Jose Daniel Medina,72.0,185.0,74.0,2.13,36,5.34,46,0.39,33,27,0.0,35.30732375085558
Adam Darby,70.0,170.0,72.0,0.0,0,0.0,0,0.0,0,0,0.0,27.813826146475016
Alvi Dasuyev,70.0,170.0,72.0,0.0,0,0.0,0,0.0,0,0,0.0,39.59753593429158
Brian Davidson,66.0,145.0,72.0,0.0,0,0.0,0,0.0,0,0,0.0,50.789869952087614
Rick Davis,69.0,155.0,72.0,3.09,50,6.19,64,0.0,0,0,0.0,39.59753593429158
Chris Daukaus,75.0,205.0,76.0,6.05,50,4.64,55,0.0,0,100,0.0,36.94729637234771
Sean Daugherty,72.0,175.0,72.0,0.0,0,0.0,0,0.0,0,0,0.0,50.757015742642025
Beneil Dariush,70.0,155.0,72.0,3.74,49,2.63,57,2.21,38,82,0.8,37.33607118412046
Kyle Daukaus,74.0,185.0,76.0,3.16,53,2.94,42,1.97,25,79,2.0,33.52224503764545
Marcus Davis,70.0,170.0,70.0,2.72,39,2.79,65,1.6,48,47,1.4,53.034907597535934
Lemont Davis,68.0,170.0,72.0,0.87,54,1.27,55,1.0,50,0,1.0,39.59753593429158
Justin Davis,71.0,205.0,72.0,0.0,0,0.0,0,0.0,0,0,0.0,43.43326488706366
Mike Davis,70.0,155.0,72.0,0.0,0,0.0,0,0.0,0,0,0.0,39.59753593429158
LC Davis,68.0,135.0,69.0,2.04,30,2.1,59,2.27,46,66,0.2,45.856262833675565
Phil Davis,74.0,205.0,79.0,2.85,34,1.33,72,2.99,38,72,0.6,41.946611909650926
Danny Davis,74.0,170.0,72.0,0.0,0,0.0,0,0.0,0,0,0.0,44.10951403148528
Alexis Davis,66.0,135.0,68.0,4.63,49,4.45,54,0.95,44,34,0.7,41.921971252566735
Yorgan De Castro,72.0,250.0,74.0,2.46,43,3.85,53,0.0,0,77,0.0,39.715263518138265
Geraldo de Freitas,67.0,135.0,72.0,3.67,52,2.62,50,3.0,45,59,0.0,34.93497604380561
Brandon Davis,70.0,135.0,72.0,4.68,35,4.62,58,0.74,42,57,0.1,36.33127994524298
Hakeem Dawodu,68.0,145.0,73.0,5.45,50,3.37,56,0.0,0,65,0.0,35.181382614647504
Philip De Fries,77.0,250.0,79.0,2.3,47,3.0,37,3.29,42,100,0.6,40.37782340862423
Chris de la Rocha,75.0,250.0,80.0,4.08,45,6.37,43,2.02,30,33,1.0,47.31279945242984
Grant Dawson,70.0,155.0,72.0,3.14,51,2.14,44,3.58,39,66,1.4,32.54209445585216
Mark De La Rosa,66.0,135.0,65.0,3.13,35,5.0,48,0.54,13,40,0.2,32.016427104722794
Angel De Anda,69.0,225.0,72.0,5.68,46,6.32,47,0.0,0,0,0.0,41.275838466803556
Jason Day,72.0,185.0,72.0,3.61,54,3.46,47,1.13,100,0,0.0,45.30047912388775
Martin Day,70.0,145.0,73.0,3.97,45,3.79,53,0.72,60,65,0.5,37.82067077344285
Reinier de Ridder,76.0,185.0,78.0,2.47,48,2.36,46,2.56,29,40,0.6,35.997262149212865
Rodrigo de Lima,67.0,155.0,72.0,1.29,33,5.5,32,2.66,36,0,1.3,35.488021902806295
Johil de Oliveira,66.0,170.0,72.0,0.51,34,0.73,58,1.1,50,44,0.6,57.08145106091718
Edilberto de Oliveira,72.0,170.0,72.0,4.12,32,6.79,61,0.0,0,0,0.0,43.78918548939083
Jorge de Oliveira,68.0,155.0,72.0,1.26,31,4.84,48,0.0,0,22,0.0,46.62286105407255
Mike de la Torre,71.0,145.0,71.0,3.21,39,4.75,51,0.36,16,83,0.0,39.95619438740589
Montana De La Rosa,67.0,125.0,68.0,2.9,37,3.39,45,1.85,33,68,0.8,31.55920602327173
Jair De Oliveira,69.0,205.0,69.0,3.98,60,3.45,69,0.0,0,0,0.0,30.327173169062284
Isabela de Padua,63.0,125.0,64.0,1.0,35,2.07,50,2.0,66,0,1.0,35.006160164271044
Crezio de Souza,70.0,170.0,72.0,0.0,0,0.0,0,0.0,0,0,0.0,39.59753593429158
Gloria de Paula,65.0,115.0,67.0,4.89,53,3.77,66,0.74,37,65,0.5,31.241615331964407
Germaine de Randamie,69.0,135.0,71.0,2.57,46,2.0,65,0.0,0,65,0.4,42.36824093086927
Carl Deaton,67.0,155.0,69.0,1.53,31,1.85,61,0.0,0,50,0.0,36.78302532511978
Shane del Rosario,76.0,250.0,72.0,3.93,60,2.97,54,1.2,40,16,2.4,42.954140999315534
Issac DeJesus,70.0,145.0,72.0,0.0,0,0.0,0,0.0,0,0,0.0,39.59753593429158
Tom DeBlass,72.0,185.0,72.0,1.5,35,4.43,37,1.0,50,28,0.5,44.31485284052019
Rafael  Del Real,71.0,225.0,72.0,5.58,40,0.0,0,20.93,100,100,0.0,39.59753593429158
Marcos Degli,70.0,125.0,72.0,0.0,0,0.0,0,0.0,0,0,0.0,26.316221765913756
Wallen Del Rosario,64.0,125.0,67.0,1.4,32,4.73,40,1.0,16,100,0.0,33.47022587268994
Israel Delgado,70.0,155.0,72.0,0.0,0,0.0,0,0.0,0,0,0.0,39.59753593429158
Humberto DeLeon,70.0,135.0,72.0,0.0,0,0.0,0,0.0,0,0,0.0,36.81587953456537
Jose Delano,68.0,145.0,70.0,8.43,64,3.5,68,0.0,0,75,0.0,29.984941820670773
Yadier del Valle,69.0,145.0,69.0,4.12,61,2.13,55,1.21,42,61,2.0,30.105407255304584
Rolando Delgado,75.0,155.0,77.0,1.56,40,1.83,62,1.17,22,0,3.5,44.78850102669404
Ante Delija,75.0,239.0,78.0,4.28,38,3.95,52,0.0,0,75,0.0,36.082135523613964
Jose Delgado,71.0,145.0,73.0,6.07,53,4.18,52,1.37,38,63,0.0,28.37782340862423
Jack Della Maddalena,71.0,170.0,73.0,5.32,51,4.24,61,0.34,20,64,0.1,29.987679671457904
Roland Delorme,69.0,135.0,71.0,2.28,44,4.32,40,2.51,34,42,1.6,42.718685831622174
Jon Delos Reyes,66.0,125.0,67.0,2.99,38,4.14,51,3.2,83,55,1.9,39.04996577686516
Jason DeLucia,71.0,190.0,72.0,0.0,0,0.0,0,0.0,0,0,0.0,57.11978097193703
Mackenzie Dern,64.0,115.0,63.0,3.47,41,3.93,51,0.93,18,37,1.1,33.45379876796714
Booker DeRousse,74.0,205.0,72.0,0.0,0,0.0,0,0.0,0,0,0.0,45.45653661875428
Justin DeMoney,70.0,170.0,72.0,0.0,0,0.0,0,0.0,0,0,0.0,41.18275154004107
Chris Dempsey,70.0,185.0,72.0,2.25,32,2.82,65,2.64,23,16,0.0,38.99520876112252
Vanessa Demopoulos,62.0,125.0,59.0,3.37,39,5.39,41,0.32,9,26,0.4,37.95482546201232
Nick Denis,67.0,135.0,72.0,6.54,53,5.42,36,2.8,100,80,0.0,42.90485968514716
Jason Dent,70.0,155.0,71.0,2.01,39,3.7,62,0.0,0,26,1.4,46.234086242299796
Robert Densley,69.0,155.0,72.0,1.81,47,0.4,60,0.0,0,50,0.0,39.59753593429158
Thomas Denny,70.0,170.0,72.0,2.36,45,4.69,40,1.48,17,42,1.5,55.383983572895275
John Devine,70.0,155.0,72.0,1.52,18,2.28,57,0.0,0,0,0.0,48.63518138261465
Rabindra Dhant,67.0,135.0,69.0,4.06,53,2.39,47,3.12,25,66,0.0,27.76728268309377
Robelis Despaigne,79.0,265.0,84.0,2.11,59,2.54,46,0.0,0,50,0.0,37.99041752224504
Edwin DeWees,73.0,185.0,72.0,1.53,33,6.19,39,2.18,66,0,3.3,44.082135523613964
Cory Devela,60.0,185.0,72.0,4.07,41,4.0,47,1.07,12,62,0.0,42.08624229979466
Tony DeSouza,72.0,170.0,70.0,1.12,52,1.57,41,2.25,42,40,1.5,52.114989733059545
Tyler Diamond,67.0,145.0,69.0,3.4,47,2.53,44,3.0,75,70,0.0,35.4715947980835
Micol Di Segni,63.0,115.0,60.0,7.47,40,5.87,33,0.0,0,37,0.0,38.68856947296372
Thomas Diagne,73.0,154.0,72.0,4.53,48,4.53,63,2.0,100,66,0.0,43.00889801505818
Alessio Di Chirico,72.0,185.0,74.0,3.32,39,3.44,61,1.46,39,83,0.0,36.733744010951405
Cyrille Diabate,78.0,205.0,81.0,4.06,71,1.78,60,1.17,83,53,0.2,52.917180013689254
Eldo Xavier Dias,71.0,180.0,72.0,0.0,0,0.0,0,0.0,0,0,0.0,62.1409993155373
Rafael Dias,69.0,145.0,72.0,1.13,27,2.19,60,3.17,47,100,1.2,46.88021902806297
Marc Diakiese,70.0,155.0,73.0,2.54,40,2.64,52,3.29,43,66,0.0,33.4757015742642
Victor Dias,66.0,125.0,69.0,2.87,44,5.8,55,5.0,41,0,0.0,35.696098562628336
Luis Felipe Dias,70.0,185.0,74.0,2.86,45,2.71,55,4.52,57,66,1.1,31.63586584531143
Magno Dias,65.0,135.0,67.0,2.44,45,7.32,50,1.41,33,0,1.4,30.767967145790553
Blood Diamond,71.0,170.0,76.0,3.12,55,2.17,48,0.0,0,73,0.0,38.157426420260094
Michael Diaz,70.0,260.0,72.0,0.0,0,0.0,0,0.0,0,0,0.0,39.59753593429158
Hacran Dias,68.0,155.0,69.0,2.08,41,3.31,55,2.5,39,76,0.5,42.223134839151264
Ryan Diaz,70.0,145.0,72.0,0.0,0,0.0,0,0.0,0,0,0.0,47.58110882956879
Nate Diaz,72.0,170.0,76.0,4.57,45,3.77,52,1.05,30,41,1.3,41.39082819986311
Nick Diaz,73.0,170.0,76.0,5.71,42,3.84,59,1.28,32,60,1.0,43.096509240246405
Mark Dickman,69.0,145.0,72.0,0.0,0,0.0,0,0.0,0,0,0.0,42.13278576317591
Juan Diaz,68.0,135.0,69.0,3.72,41,3.4,59,5.5,50,0,0.8,28.26009582477755
Adrian Diaz,70.0,145.0,72.0,0.48,42,3.84,51,2.4,50,0,0.0,38.362765229295
Ozzy Diaz,76.0,185.0,79.0,5.33,49,6.52,61,0.0,0,50,0.0,35.78918548939083
Kyle Dietz,68.0,135.0,72.0,1.82,45,2.08,62,0.0,0,0,0.0,40.355920602327174
Josh Diekmann,64.0,246.0,72.0,0.28,5,8.17,25,0.0,0,0,0.0,49.908281998631075
Seth Dikun,70.0,135.0,69.0,1.45,26,2.18,55,0.0,0,45,0.9,46.08624229979466
Ralph Dillon,74.0,205.0,72.0,0.34,14,0.69,60,0.0,0,0,0.0,39.59753593429158
TJ Dillashaw,66.0,135.0,67.0,5.09,41,3.47,62,1.56,30,77,0.8,40.577686516084874
Rodolfo Marques Diniz,66.0,135.0,72.0,1.08,32,2.36,33,0.0,0,50,1.8,42.620123203285424
Jhonata Diniz,76.0,254.0,79.0,3.89,56,3.62,56,0.0,0,70,0.0,35.20602327173169
Ding Meng,74.0,170.0,73.0,3.8,45,4.33,51,0.5,50,0,0.0,31.942505133470227
Matt Dixon,70.0,170.0,75.0,1.97,43,4.56,37,3.06,30,0,0.0,30.910335386721425
Adama Diop,70.0,155.0,72.0,0.0,0,0.0,0,0.0,0,0,0.0,39.59753593429158
Drew Dimanlig,70.0,185.0,72.0,3.7,73,3.17,20,0.0,0,0,0.0,39.59753593429158
Anthony Do,64.0,125.0,72.0,0.0,0,0.0,0,0.0,0,0,0.0,39.59753593429158
Helio Dipp,77.0,185.0,72.0,0.6,25,1.8,62,0.0,0,50,0.0,46.73511293634497
AJ Dobson,73.0,185.0,76.0,4.29,46,5.31,46,1.67,75,65,0.3,34.63381245722108
Russell Doane,67.0,135.0,70.0,1.75,40,1.68,53,2.11,45,52,0.8,40.06570841889117
Drew Dober,68.0,155.0,70.0,4.48,41,4.33,53,0.61,16,58,0.1,37.880903490759756
David Dodd,74.0,200.0,72.0,0.0,0,0.0,0,0.0,0,0,0.0,52.955509924709105
Rico DiSciullo,68.0,135.0,72.0,1.71,33,4.41,56,0.0,0,0,0.0,39.90143737166324
John Dodson,63.0,135.0,66.0,3.2,40,3.58,61,0.71,28,82,0.0,41.94387405886379
John Dixson,72.0,275.0,72.0,0.0,0,0.0,0,0.0,0,0,0.0,64.89253935660507
Shana Dobson,66.0,125.0,69.0,3.34,37,5.2,50,0.84,50,14,0.0,37.437371663244356
Mike Dolce,71.0,185.0,72.0,0.0,0,0.0,0,0.0,0,0,0.0,50.392881587953454
Joe Doerksen,72.0,185.0,75.0,1.43,42,2.79,50,2.02,33,33,2.3,48.90896646132786
Cameron Dollar,71.0,155.0,72.0,5.04,38,2.94,61,0.0,0,0,0.0,39.32101300479124
Roman Dolidze,74.0,185.0,76.0,3.19,41,3.71,48,1.16,43,32,0.7,38.143737166324435
Houston Dorr,73.0,210.0,72.0,0.0,0,0.0,0,0.0,0,0,0.0,39.59753593429158
Dennis Dombrow,70.0,145.0,72.0,0.0,0,0.0,0,0.0,0,0,0.0,40.473648186173854
Dong Huaxiang,63.0,115.0,62.0,3.22,53,3.44,65,4.0,35,66,0.0,28.043805612594113
CB Dollaway,74.0,185.0,76.0,2.65,47,2.58,54,3.55,54,62,1.2,43.07460643394935
John Donaldson,68.0,145.0,72.0,1.21,23,4.22,51,0.0,0,0,0.0,34.16016427104723
OJ Dominguez,70.0,155.0,72.0,0.0,0,0.0,0,0.0,0,0,0.0,39.59753593429158
Daniil Donchenko,71.0,170.0,71.0,8.07,62,2.8,70,0.58,33,75,0.0,25.089664613278575
Geronimo dos Santos,75.0,264.0,72.0,1.09,33,8.73,41,0.0,0,33,0.0,46.053388090349074
Antonio Dos Santos,70.0,185.0,72.0,5.4,51,3.94,43,0.0,0,100,0.0,38.12731006160164
Junior Dos Santos,76.0,238.0,77.0,4.49,47,3.33,56,0.3,50,81,0.1,42.600958247775495
Rafael Dos Anjos,68.0,170.0,70.0,3.48,47,3.23,60,1.95,35,54,0.6,41.86173853524983
Cody Donovan,75.0,205.0,74.0,5.61,59,5.44,45,1.67,28,0,1.7,45.541409993155376
Acacio Dos Santos,76.0,205.0,79.0,1.27,41,1.4,43,0.0,0,31,0.0,34.93771389459275
Rayanne dos Santos,62.0,115.0,62.0,4.57,40,6.47,59,0.5,14,80,0.0,31.247091033538673
Felipe dos Santos,67.0,125.0,70.0,3.75,39,3.8,41,0.0,0,20,0.5,25.984941820670773
Anderson Dos Santos,65.0,135.0,70.0,2.7,25,5.37,49,0.98,14,66,0.7,41.11978097193703
Oleksandr Doskalchuk,66.0,125.0,72.0,0.0,0,0.0,0,0.0,0,0,0.0,36.48459958932238
Damion Douglas,70.0,170.0,72.0,0.0,0,0.0,0,0.0,0,0,0.0,44.05749486652977
Tiago dos Santos e Silva,69.0,145.0,70.0,3.69,35,4.23,59,0.63,11,33,0.3,39.403148528405204
Lerryan Douglas,69.0,145.0,72.0,8.67,64,4.82,63,0.0,0,0,0.0,31.362080766598222
David Douglas,71.0,155.0,72.0,0.0,0,0.0,0,0.0,0,0,0.0,45.05681040383299
Cedric Doumbe,70.0,170.0,72.0,0.0,0,0.0,0,0.0,0,0,0.0,34.064339493497606
John Dowdy,70.0,155.0,72.0,0.0,0,0.0,0,0.0,0,0,0.0,39.59753593429158
Jordan Dowdy,70.0,170.0,72.0,2.11,44,2.63,50,0.0,0,0,0.0,39.59753593429158
Danny Downes,72.0,155.0,72.0,1.66,34,3.53,37,0.0,0,37,0.5,40.41341546885695
Derek Downey,73.0,185.0,72.0,0.32,100,3.36,12,2.4,16,0,0.0,46.36002737850787
Kyle Driscoll,71.0,145.0,74.0,2.73,32,2.6,58,2.0,18,0,0.0,31.953456536618756
Anthony Drilich,65.0,125.0,65.0,5.8,31,5.07,40,0.0,0,55,0.0,32.473648186173854
Edson Drago,76.0,220.0,72.0,1.16,40,2.39,36,0.0,0,55,0.0,49.021218343600275
Robert Drysdale,75.0,205.0,72.0,0.0,0,0.0,0,7.32,100,0,21.9,44.91991786447639
Jimmy Drago,70.0,170.0,71.0,3.8,29,5.6,65,1.0,50,0,0.0,31.548254620123203
John Doyle,71.0,205.0,72.0,3.5,44,10.51,27,0.0,0,0,0.0,49.790554414784395
Joe Duarte,70.0,155.0,72.0,2.27,38,4.0,53,3.0,50,69,1.0,49.61259411362081
Hugo Duarte,72.0,240.0,72.0,0.0,0,0.0,0,0.0,0,0,0.0,58.07529089664613
Antonio Duarte,67.0,135.0,72.0,4.55,40,4.18,57,0.0,0,60,0.0,39.493497604380565
Chris Drumm,68.0,145.0,72.0,0.0,0,0.0,0,0.0,0,0,0.0,39.59753593429158
Tomasz Drwal,73.0,205.0,76.0,3.29,38,2.26,57,3.55,60,82,0.4,44.62149212867899
Dricus Du Plessis,73.0,185.0,76.0,5.21,48,4.24,54,1.9,48,50,0.6,32.643394934976044
Matthieu Duclos,75.0,185.0,77.0,3.93,37,6.81,46,0.0,0,100,0.0,31.42505133470226
Yuneisy Duben,64.0,125.0,65.0,5.65,52,5.31,42,1.68,50,50,0.0,30.16290212183436
Emily Ducote,62.0,115.0,63.0,7.45,52,7.84,57,0.2,14,94,0.0,32.67898699520876
Adin Duenas,66.0,145.0,72.0,0.0,0,0.0,0,0.0,0,0,0.0,38.17932922655715
Viktoriia Dudakova,65.0,115.0,67.0,2.87,47,3.4,50,2.73,35,33,0.0,27.61122518822724
Todd Duffee,75.0,260.0,78.0,5.93,37,2.87,56,0.72,25,90,0.0,40.7501711156742
Jack Duffy,67.0,125.0,69.0,5.07,69,2.13,52,0.0,0,62,0.0,30.92950034223135
Milana Dudieva,63.0,135.0,72.0,0.87,31,3.43,58,2.34,45,0,0.0,37.08966461327858
Joe Duffy,70.0,155.0,73.0,2.68,34,3.78,54,0.96,66,64,0.7,38.548939082819984
Alexis Dufresne,69.0,135.0,72.0,1.33,27,3.33,60,1.5,50,50,0.0,36.016427104722794
Jessamyn Duke,71.0,135.0,73.0,4.83,53,4.43,57,1.27,36,50,1.9,40.20260095824778
Islam Dulatov,75.0,170.0,75.0,8.78,54,4.24,50,2.2,100,100,0.0,28.095824777549623
Isaac Dulgarian,67.0,145.0,71.0,2.99,63,1.65,40,4.57,50,0,1.8,30.17385352498289
Kelly Dullanty,68.0,155.0,72.0,0.0,0,0.67,75,0.0,0,66,0.0,48.837782340862425
Christian Leroy Duncan,74.0,185.0,79.0,4.45,57,2.36,54,0.43,20,57,0.0,31.121149897330596
Sedriques Dumas,74.0,185.0,79.0,1.97,44,2.64,53,1.3,31,33,0.2,31.085557837097877
Evan Dunham,70.0,155.0,70.0,5.33,39,3.54,61,1.82,33,79,1.0,44.71731690622861
Alex Dunworth,68.0,155.0,72.0,1.94,31,8.71,35,0.0,0,50,0.0,39.59753593429158
Chris Duncan,70.0,155.0,71.0,4.83,45,4.57,50,2.92,40,55,0.6,33.32511978097194
Reuben Duran,67.0,135.0,71.0,3.19,49,2.61,50,0.98,23,25,0.7,43.181382614647504
Albert Duraev,71.0,185.0,75.0,2.99,40,3.01,59,1.97,29,66,0.6,37.667351129363446
Norma Dumont,67.0,135.0,67.0,3.85,50,2.33,64,1.43,54,71,0.0,35.931553730321696
Tom Duquesnoy,67.0,135.0,68.0,3.83,45,5.3,62,0.42,25,46,0.0,33.210130047912386
Luiz Dutra,71.0,170.0,72.0,3.92,50,4.8,41,0.0,0,100,0.0,44.336755646817245
Cody Durden,67.0,125.0,67.0,3.27,44,3.89,51,3.82,48,56,0.6,35.441478439425055
Rilley Dutro,68.0,125.0,72.0,4.74,54,5.95,33,0.0,0,83,0.0,39.00889801505818
Bill Duvall,74.0,185.0,72.0,0.0,0,2.4,40,0.0,0,0,0.0,39.59753593429158
Danny Abbadi,71.0,155.0,72.0,3.29,38,4.41,57,0.0,0,77,0.0,43.17864476386037
Darion Abbey,74.0,265.0,80.0,8.44,50,14.06,28,0.0,0,0,0.0,33.52772073921971
Nariman Abbasov,68.0,155.0,66.0,3.0,20,5.67,46,0.0,0,66,0.0,32.59411362080767
Rolando Dy,68.0,145.0,69.0,3.04,37,4.47,52,0.3,20,68,0.0,36.07118412046543
Shanelle Dyer,66.0,115.0,65.0,7.71,46,6.72,51,0.7,8,100,0.0,25.371663244353183
Matt Dwyer,76.0,170.0,76.0,2.57,34,3.24,54,0.44,10,60,0.0,36.720054757015745
David Dvorak,65.0,125.0,68.0,3.48,43,3.29,59,0.58,30,70,0.2,34.25325119780972
Merab Dvalishvili,66.0,135.0,68.0,4.42,41,2.8,54,5.97,35,76,0.3,35.65503080082136
Mansur Abdul-Malik,74.0,185.0,80.0,3.28,44,4.49,46,1.65,41,83,0.3,28.914442162902123
Tom Aaron,70.0,155.0,72.0,0.0,0,0.0,0,0.0,0,0,0.0,48.15058179329227
Farida Abdueva,63.0,115.0,66.0,5.41,57,6.89,48,0.0,0,0,0.0,22.310746064339494
Hamdy Abdelwahab,74.0,265.0,72.0,4.27,55,3.67,51,3.25,65,100,0.0,33.620807665982205
David Abbott,72.0,265.0,72.0,1.35,30,3.55,38,1.07,33,66,0.0,61.36344969199179
Daichi Abe,71.0,170.0,71.0,3.8,33,4.49,56,0.33,50,0,0.0,34.776180698151954
Cyborg Abreu,70.0,155.0,72.0,0.0,0,0.0,0,0.0,0,0,0.0,45.711156741957566
Ricardo Abreu,71.0,185.0,72.0,3.79,31,3.98,68,2.13,42,100,0.7,42.36002737850787
Papy Abedi,71.0,185.0,72.0,2.8,55,3.15,48,3.47,57,50,1.3,48.186173853524984
Akbar Abdullaev,70.0,155.0,72.0,0.0,0,0.0,0,0.0,0,0,0.0,28.960985626283367
Hiroyuki Abe,66.0,145.0,72.0,1.71,36,3.11,63,0.0,0,33,0.0,56.57221081451061
Tahir Abdullayev,68.0,170.0,73.0,2.56,42,2.42,51,2.07,33,100,0.0,29.590691307323752
Shamil Abdurakhimov,75.0,235.0,76.0,2.41,44,3.02,55,1.01,23,45,0.1,45.01026694045174
John Adajar,69.0,170.0,75.0,3.9,52,6.28,44,0.0,0,0,0.0,35.20876112251882
Juan Adams,77.0,265.0,80.0,7.09,55,4.06,34,0.91,66,57,0.0,34.639288158795345
Scott Adams,72.0,225.0,72.0,0.0,0,0.0,0,0.0,0,0,0.0,39.59753593429158
Anthony Adams,73.0,185.0,76.0,3.17,41,5.93,44,0.0,0,0,0.0,38.64750171115674
Daniel Acacio,68.0,180.0,72.0,3.52,36,2.85,62,0.33,20,81,0.0,48.69267624914442
Klidson Abreu,72.0,205.0,74.0,2.05,40,2.9,55,0.64,20,80,0.0,33.700205338809035
Zarrukh Adashev,65.0,125.0,65.0,3.65,40,3.04,64,0.0,0,100,0.5,34.105407255304584
Mohamed Ado,71.0,170.0,76.0,1.66,83,0.33,75,4.97,50,50,5.0,26.34360027378508
Nick Agallar,68.0,155.0,72.0,0.69,11,4.56,42,0.0,0,0,0.0,47.64681724845996
Matt Adams,71.0,235.0,75.0,0.0,0,0.0,0,0.0,0,0,0.0,28.996577686516083
Israel Adesanya,76.0,185.0,80.0,4.03,48,3.22,55,0.05,9,76,0.1,37.125256673511295
Kantharaj Agasa,70.0,135.0,72.0,0.0,0,0.0,0,0.0,0,0,0.0,34.554414784394254
Marcelo Aguiar,70.0,170.0,72.0,0.0,0,0.0,0,0.0,0,0,0.0,57.62628336755647
Sam Adkins,75.0,225.0,72.0,0.0,0,0.0,0,0.0,0,0,0.0,61.36344969199179
Mariya Agapova,66.0,125.0,68.0,4.43,54,3.62,52,0.55,66,45,0.8,29.415468856947296
Fabio Aguiar,72.0,185.0,72.0,0.0,0,0.0,0,0.0,0,0,0.0,38.57084188911704
Edwin Aguilar,70.0,185.0,72.0,0.0,0,0.0,0,0.0,0,0,0.0,54.680355920602324
Jessica Aguilar,63.0,115.0,63.0,4.93,50,7.19,53,0.94,25,50,0.2,44.33127994524298
Kevin Aguilar,67.0,155.0,73.0,3.96,40,4.81,52,0.16,16,78,0.0,37.9958932238193
Jesus Aguilar,64.0,125.0,62.0,2.54,38,2.29,61,1.52,29,45,1.1,30.483230663928815
Christian Aguilera,69.0,170.0,72.0,2.54,37,4.04,48,0.0,0,60,0.0,34.78165639972622
Nick Aguirre,69.0,135.0,74.0,0.73,33,2.89,45,1.16,20,33,0.6,30.642026009582477
Agulali,69.0,125.0,67.0,2.74,60,2.19,59,0.0,0,100,0.0,21.415468856947296
Ahejiang Ailinuer,69.0,145.0,72.0,2.47,75,0.53,57,6.0,46,100,0.0,27.994524298425734
Mike Aina,69.0,155.0,72.0,2.87,33,6.33,59,0.0,0,71,0.0,45.6974674880219
Ashiek Ajim,68.0,135.0,71.0,5.0,40,11.25,25,0.0,0,0,0.0,32.21629021218344
Hitomi Akano,64.0,135.0,72.0,0.59,45,2.58,55,0.0,0,8,0.5,52.11225188227242
Yoshihiro Akiyama,70.0,170.0,75.0,3.1,41,3.62,57,2.29,67,92,1.0,51.10746064339494
Javi Alanis,66.0,135.0,72.0,0.0,0,0.0,0,0.0,0,0,0.0,39.59753593429158
Rostem Akman,70.0,170.0,72.0,1.8,25,3.97,57,1.0,40,87,0.0,34.71594798083505
Alatengheili,65.0,135.0,66.0,2.82,32,5.12,57,1.74,43,75,0.0,34.729637234770706
Omari Akhmedov,72.0,185.0,73.0,2.97,34,2.84,55,2.58,45,65,0.2,38.902121834360024
Razak Al-Hassan,74.0,205.0,72.0,3.27,39,3.14,60,0.65,14,57,0.0,44.31485284052019
Mostapha Al-Turk,74.0,245.0,77.0,1.36,19,3.61,53,0.0,0,0,0.0,53.14715947980835
Herdem Alacabek,74.0,205.0,75.0,3.84,65,6.66,23,2.06,50,42,0.0,35.2498288843258
Abdul-Kareem Al-Selwady,68.0,155.0,69.0,4.61,41,3.43,60,1.47,23,54,0.0,31.408624229979466
John Albert,68.0,135.0,68.0,3.05,49,2.82,35,0.0,0,50,6.1,39.898699520876114
Brett Albee,70.0,225.0,72.0,0.0,0,0.0,0,0.0,0,0,0.0,39.59753593429158
Amir Albazi,65.0,125.0,68.0,2.47,33,3.88,59,1.18,25,62,0.4,32.85968514715948
Israel Albuquerque,70.0,185.0,72.0,0.32,13,3.34,25,0.0,0,0,0.0,39.59753593429158
Aleksandra Albu,62.0,115.0,63.0,4.83,47,5.56,38,2.27,50,77,0.4,36.14784394250513
Junior Albini,75.0,264.0,74.0,3.98,51,6.08,52,1.54,37,100,0.0,35.4798083504449
Juan Alcain,70.0,155.0,72.0,0.0,0,0.0,0,0.0,0,0,0.0,39.59753593429158
Wes Albritton,70.0,188.0,72.0,0.0,0,0.0,0,0.0,0,0,0.0,39.59753593429158
Ildemar Alcantara,74.0,185.0,78.0,1.93,38,2.63,50,2.0,68,81,0.9,43.800136892539356
Iuri Alcantara,69.0,135.0,71.0,2.72,45,2.79,49,1.44,62,60,0.8,46.08898015058179
Alfonso Alcarez,63.0,145.0,72.0,0.0,0,0.0,0,0.0,0,0,0.0,56.24093086926762
Gilbert Aldana,73.0,250.0,72.0,2.91,54,6.26,26,2.57,40,33,0.0,49.0321697467488
Irene Aldana,69.0,135.0,68.0,5.19,39,6.64,56,0.15,50,77,0.2,38.4476386036961
Jim Alers,69.0,145.0,71.0,2.9,40,4.38,56,2.26,41,80,0.3,39.89596167008898
Hector Aldana,71.0,170.0,72.0,3.59,38,5.08,59,0.93,100,0,0.0,38.053388090349074
John Alessio,70.0,155.0,72.0,2.1,39,2.91,54,1.85,38,70,1.2,47.17316906228611
Jose Alday,67.0,135.0,68.0,3.13,44,3.13,58,0.0,0,57,0.0,34.978781656399725
Irina Alekseeva,68.0,135.0,67.0,3.42,38,5.02,45,0.38,20,50,0.4,36.19438740588638
JJ Aldrich,65.0,125.0,67.0,3.92,46,4.34,61,0.7,25,67,0.0,33.935660506502394
Jose Aldo,67.0,135.0,70.0,3.65,46,3.81,60,0.47,51,92,0.1,39.9917864476386
Pablo Alfonso,68.0,145.0,72.0,0.0,0,0.0,0,0.0,0,0,0.0,43.32922655715264
Kenneth Alexander,69.0,155.0,72.0,0.88,19,2.2,66,4.71,26,0,0.0,48.94729637234771
Marcio Alexandre Junior,72.0,185.0,75.0,1.61,45,2.89,42,0.35,20,66,0.7,37.3388090349076
Houston Alexander,72.0,205.0,72.0,3.06,54,3.2,52,1.19,57,33,0.0,54.458590006844624
Lucas Alexander,71.0,145.0,73.0,4.69,57,2.87,56,0.0,0,60,0.0,31.110198494182068
Talita Alencar,61.0,115.0,58.0,3.09,36,3.67,51,3.01,29,66,0.5,35.88774811772758
Amir Aliakbari,75.0,250.0,72.0,0.0,0,0.0,0,0.0,0,0,0.0,42.23956194387406
Royce Alger,70.0,199.0,72.0,0.0,0,0.0,0,0.0,0,0,0.0,61.503080082135526
Nurullo Aliev,70.0,155.0,72.0,2.29,44,1.59,55,3.48,51,80,0.5,25.744010951403148
Sultan Aliev,71.0,170.0,74.0,1.41,45,2.2,56,1.76,38,100,0.0,41.96851471594798
Bill Algeo,72.0,145.0,73.0,5.88,51,4.38,47,1.03,50,55,0.1,37.242984257357975
Levi Alford,70.0,155.0,72.0,0.0,0,0.0,0,0.0,0,0,0.0,39.59753593429158
Olaf Alfonso,74.0,170.0,72.0,1.65,38,4.77,53,0.37,7,22,0.7,52.0848733744011
John Allan,73.0,205.0,75.0,3.56,42,5.74,52,1.4,71,50,0.8,33.53593429158111
Leon Aliu,72.0,185.0,74.0,6.32,50,10.11,38,0.0,0,0,0.0,37.14715947980835
Kimbert Alintozon,63.0,135.0,65.0,2.39,52,4.06,46,1.56,33,75,0.0,27.6249144421629
Ikram Aliskerov,72.0,185.0,76.0,5.56,60,4.01,45,3.82,68,100,0.7,33.74674880219028
Ben Alloway,71.0,170.0,76.0,1.28,49,1.9,59,0.62,50,26,0.0,45.544147843942504
Bekzat Almakhan,67.0,135.0,68.0,2.58,39,4.23,52,0.0,0,59,0.0,28.91170431211499
Asu Almabayev,64.0,125.0,65.0,2.28,51,1.94,53,4.74,45,44,1.4,32.61327857631759
Daniel Allen,72.0,155.0,75.0,7.6,51,5.87,53,2.0,66,100,0.0,34.072553045859
George Allen,74.0,205.0,72.0,0.8,38,3.1,43,0.0,0,50,0.0,59.64681724845996
Arnold Allen,68.0,145.0,70.0,3.52,43,3.15,60,1.24,60,73,0.3,32.62149212867899
Brendan Allen,74.0,185.0,75.0,3.75,52,3.78,47,1.52,41,57,1.1,30.691307323750856
John Dave Almanza,67.0,125.0,67.0,1.92,41,5.75,27,0.0,0,0,0.0,22.458590006844627
Ricardo Almeida,72.0,170.0,74.0,2.02,49,1.2,61,3.74,38,31,1.2,49.76865160848734
Magno Almeida,72.0,155.0,72.0,1.67,36,2.6,41,0.0,0,40,5.0,41.25119780971937
Thomas Almeida,67.0,145.0,70.0,4.84,43,4.93,61,0.17,14,75,0.0,35.10198494182067
Jailton Almeida,75.0,225.0,79.0,2.23,62,1.3,43,5.64,55,60,1.7,35.19780971937029
Estefani Almeida,64.0,125.0,72.0,3.13,37,6.07,42,0.0,0,0,0.0,37.88637919233402
Ericka Almeida,66.0,115.0,72.0,1.07,39,3.33,43,0.5,33,37,0.0,37.50581793292265
Cesar Almeida,73.0,185.0,74.0,3.73,60,2.23,44,0.2,33,53,0.2,38.44216290212184
Mauricio Alonso,74.0,170.0,72.0,5.74,34,1.91,67,0.0,0,0,0.0,46.5242984257358
Sarah Alpar,64.0,135.0,63.0,2.36,44,6.06,38,1.61,26,20,0.4,35.266255989048595
Lucas Almeida,71.0,145.0,71.0,4.94,39,5.36,44,0.0,0,53,0.0,35.59753593429158
Ali AlQaisi,66.0,135.0,68.0,2.43,42,1.97,56,3.5,29,60,1.0,35.95345653661875
Abe Alsaghir,68.0,155.0,71.0,0.0,0,0.0,0,0.0,0,0,0.0,25.182751540041068
Sean Alvarez,72.0,235.0,72.0,0.89,37,3.25,47,0.0,0,0,0.0,55.148528405201915
Victor Altamirano,68.0,125.0,70.0,4.58,53,3.82,53,2.88,38,63,0.0,35.619438740588635
Patricia Alujas,64.0,115.0,64.0,5.83,31,9.25,44,0.0,0,0,0.0,30.32991101984942
Rico Altamirano,70.0,170.0,72.0,0.0,0,0.0,0,0.0,0,0,0.0,39.59753593429158
Mike Altman,70.0,185.0,72.0,1.56,20,2.08,75,0.0,0,0,0.0,39.59753593429158
Warlley Alves,71.0,185.0,72.0,3.04,48,3.95,50,1.22,50,62,0.8,35.671457905544145
Eddie Alvarez,69.0,155.0,69.0,4.32,41,4.39,55,2.92,36,92,0.5,42.652977412731005
Jaime Alvarez,68.0,125.0,69.0,2.73,40,4.53,56,1.0,33,50,0.0,38.496919917864474
Anthony Alves,70.0,155.0,72.0,0.0,0,0.0,0,0.0,0,0,0.0,39.59753593429158
Rafael Alves,68.0,155.0,68.0,1.85,48,3.3,58,0.29,25,44,1.5,35.81108829568789
Joel Alvarez,75.0,170.0,77.0,4.53,54,3.03,53,0.18,33,46,1.1,33.51403148528405
Sam Alvey,74.0,185.0,75.0,3.28,44,3.63,52,0.06,14,82,0.1,40.336755646817245
Thiago Alves,69.0,170.0,70.0,3.73,41,3.42,62,0.71,60,63,0.3,42.926762491444215
Amilcar Alves,72.0,170.0,72.0,0.5,46,2.02,30,0.0,0,53,0.0,38.078028747433265
Mahamed Aly,74.0,205.0,78.0,6.0,66,12.0,33,0.0,0,0,0.0,32.65160848733744
Andre Amado,72.0,154.0,72.0,2.27,24,5.91,63,0.0,0,20,0.0,42.91033538672142
Adlan Amagov,74.0,170.0,76.0,3.29,47,0.82,78,5.84,56,100,0.0,39.85215605749487
Maiara Amanajas dos Santos,65.0,115.0,72.0,5.53,35,24.47,33,0.0,0,100,0.0,39.15674195756331
Chris Amarante,70.0,185.0,72.0,0.0,0,0.0,0,0.0,0,0,0.0,39.59753593429158
JJ Ambrose,70.0,170.0,72.0,3.16,69,6.32,33,0.0,0,50,0.0,39.58110882956879
Christopher Alvidrez,72.0,170.0,74.0,6.97,62,2.11,50,0.0,0,100,0.0,29.691991786447637
Jimmy Ambriz,74.0,315.0,72.0,0.83,29,3.76,40,3.13,57,100,0.8,56.610540725530456
Alen Amedovski,70.0,185.0,74.0,0.99,30,3.85,46,0.0,0,0,0.0,38.417522245037645
Hamid Amiri,70.0,145.0,72.0,0.0,0,0.0,0,0.0,0,0,0.0,23.227926078028748
Hyder Amil,69.0,145.0,70.0,5.83,52,4.04,50,0.52,16,65,0.8,36.276522929500345
Yaroslav Amosov,72.0,170.0,75.0,2.65,53,1.38,60,11.11,53,0,3.2,32.99110198494182
Karl Amoussou,71.0,185.0,72.0,1.47,34,2.67,54,0.0,0,25,1.0,40.79123887748118
Makwan Amirkhani,70.0,145.0,72.0,1.33,44,2.98,46,3.96,43,35,1.1,37.82614647501711
Bertrand Amoussou,68.0,190.0,72.0,6.75,39,2.01,83,0.0,0,0,0.0,60.276522929500345
Jaqueline Amorim,63.0,115.0,68.0,2.26,49,2.06,54,2.01,33,0,4.3,31.20328542094456
Andy Anderson,66.0,240.0,72.0,0.0,0,0.0,0,0.0,0,0,0.0,52.14236824093087
Matt Andersen,74.0,230.0,72.0,0.0,0,0.0,0,0.0,0,0,0.0,55.27446954140999
Lowell Anderson,66.0,160.0,72.0,0.0,0,0.0,0,0.0,0,0,0.0,39.59753593429158
Eryk Anders,73.0,185.0,75.0,3.44,47,4.03,50,1.83,25,80,0.1,39.37850787132101
Derek Anderson,72.0,155.0,72.0,3.97,37,3.08,61,0.34,14,60,0.0,36.591375770020534
Corey Anderson,75.0,205.0,79.0,4.43,46,2.22,59,4.89,50,83,0.0,36.955509924709105
Dylan Andrews,73.0,185.0,74.0,2.21,50,2.72,46,2.83,50,57,0.4,46.809034907597535
Megan Anderson,72.0,145.0,72.0,1.76,46,3.35,37,0.52,25,53,0.5,36.56673511293634
Reese Andy,72.0,205.0,72.0,2.87,50,3.5,58,0.67,20,40,0.0,53.43463381245722
Liam Anderson,75.0,185.0,75.0,3.0,52,6.53,31,1.0,20,50,0.0,31.64681724845996
Tatsuya Ando,64.0,145.0,68.0,0.93,19,4.93,50,0.0,0,0,0.0,36.36413415468857
Alex Andrade,71.0,200.0,72.0,0.2,36,2.6,53,0.0,0,25,0.8,52.31485284052019
Damien Anderson,68.0,145.0,69.0,0.47,35,0.4,45,0.0,0,33,1.0,29.67008898015058
Jermaine Andre,67.0,200.0,72.0,0.0,0,0.0,0,0.0,0,0,0.0,53.14168377823409
Viscardi Andrade,71.0,170.0,75.0,3.26,42,2.77,63,1.93,50,66,0.3,42.496919917864474
Jessica Andrade,61.0,115.0,62.0,6.37,48,5.58,54,2.1,54,75,0.3,34.94866529774127
Angga,67.0,145.0,68.0,3.56,38,3.77,53,0.0,0,33,0.0,37.64544832306639
Julius Anglickas,75.0,205.0,72.0,4.62,78,1.86,50,4.47,50,60,1.1,35.123887748117724
Collin Anglin,69.0,145.0,71.0,4.59,48,5.54,51,2.28,66,100,0.0,33.541409993155376
Fellipe Andrew,70.0,155.0,72.0,0.0,0,0.0,0,0.0,0,0,0.0,31.86858316221766
Angelo Antonio,70.0,205.0,72.0,1.09,50,7.64,50,0.0,0,0,0.0,27.923340177960302
Adam Antolin,65.0,125.0,63.0,5.73,52,5.0,69,0.0,0,100,0.0,44.5201916495551
Yoji Anjo,71.0,205.0,72.0,0.0,0,3.13,25,0.0,0,0,0.0,59.44421629021218
Chad Anheliger,66.0,135.0,64.0,3.11,46,2.76,53,0.68,30,38,0.5,39.76454483230664
Gadzhimurad Antigulov,71.0,205.0,70.0,2.08,55,4.21,40,5.08,36,0,1.4,39.572895277207394
Magomed Ankalaev,75.0,205.0,75.0,3.52,52,2.49,55,0.85,24,87,0.2,34.261464750171115
Azunna Anyanwu,73.0,251.0,72.0,2.47,42,2.47,69,0.65,100,0,0.0,45.086926762491444
Vanilto Antunes,72.0,170.0,72.0,5.49,48,14.27,43,0.0,0,0,0.0,31.690622861054074
Shinsho Anzai,67.0,170.0,70.0,3.23,58,3.75,45,1.83,16,75,0.0,40.76386036960986
Alexis Apodaca,70.0,135.0,72.0,0.0,0,0.0,0,0.0,0,0,0.0,39.59753593429158
Jin Aoi,67.0,145.0,67.0,1.73,35,4.23,51,3.17,35,71,0.6,29.623545516769337
Aoriqileng,67.0,135.0,69.0,4.4,49,5.66,46,1.11,46,59,0.2,33.19917864476386
Josh Appelt,70.0,255.0,72.0,1.35,40,11.5,32,0.0,0,33,0.0,43.21697467488022
Shinya Aoki,71.0,154.0,72.0,0.97,58,1.25,58,2.54,41,60,4.0,43.32922655715264
Kenji Arai,70.0,145.0,72.0,8.79,27,10.29,39,0.0,0,0,0.0,46.92128678986995
Erik Apple,72.0,170.0,72.0,0.0,0,0.54,81,0.0,0,0,8.1,49.02943189596167
Romie Aram,70.0,170.0,72.0,1.8,35,2.83,50,2.5,62,83,0.0,48.761122518822724
Igor Araujo,73.0,170.0,77.0,1.52,42,2.86,49,0.86,15,22,0.6,45.74948665297741
Felipe Arantes,68.0,135.0,73.0,2.37,45,2.66,64,0.93,47,41,0.7,38.573579739904176
Ryoga Arimoto,63.0,125.0,63.0,5.07,43,5.4,47,1.0,50,60,0.0,27.748117727583846
Julio Arce,67.0,145.0,70.0,4.36,36,3.05,68,0.46,28,96,0.3,36.85968514715948
Viviane Araujo,64.0,125.0,68.0,3.84,47,4.83,55,1.72,43,75,0.6,39.79192334017796
Gabriel Arges,70.0,170.0,72.0,0.0,0,0.0,0,0.0,0,0,0.0,33.60164271047228
Tristan Arenal,70.0,155.0,72.0,0.0,0,0.0,0,0.0,0,0,0.0,41.503080082135526
Art Arciniega,68.0,145.0,72.0,1.53,46,2.73,51,0.0,0,50,1.0,44.89253935660506
Alice Ardelean,63.0,115.0,62.0,7.0,46,4.97,61,1.08,50,85,0.2,34.38193018480493
Joey Armstrong,70.0,155.0,72.0,0.0,0,0.0,0,0.0,0,0,0.0,39.59753593429158
Garrett Armfield,66.0,135.0,70.0,5.35,53,3.64,56,1.1,50,64,0.6,29.908281998631075
Dan Argueta,67.0,135.0,68.0,2.48,43,3.44,50,4.36,35,55,1.4,33.06502395619439
Eli Aronov,70.0,185.0,72.0,8.92,68,6.49,38,12.16,100,0,0.0,30.250513347022586
Reza Arianto,70.0,155.0,72.0,0.0,0,0.0,0,0.0,0,0,0.0,39.59753593429158
Ricardo Arona,71.0,205.0,72.0,1.66,48,1.15,57,2.41,48,58,1.2,48.139630390143736
Hashem Arkhagha,74.0,185.0,75.0,1.84,44,8.97,43,0.0,0,50,0.0,36.98562628336756
Chalid Arrab,71.0,205.0,72.0,1.56,34,1.63,56,3.05,75,37,1.0,51.27720739219713
Austin Arnett,72.0,145.0,72.0,4.52,41,6.38,62,0.44,18,57,0.2,34.874743326488705
Andrei Arlovski,75.0,240.0,77.0,3.82,45,3.22,57,0.37,35,76,0.2,47.58658453114305
Veta Arteaga,67.0,125.0,72.0,3.2,36,1.92,65,0.0,0,40,0.0,39.59753593429158
Matt Arroyo,70.0,170.0,72.0,1.62,47,2.01,58,2.12,36,100,5.3,44.01368925393566
Gilles Arsene,69.0,190.0,72.0,0.06,10,2.45,32,0.0,0,0,0.0,55.70431211498973
Cesar Arzamendia,71.0,155.0,72.0,5.37,45,5.2,56,7.32,75,0,2.4,35.59753593429158
Antonio Arroyo,75.0,185.0,73.0,2.82,66,2.02,50,1.14,41,41,0.2,37.18275154004107
Teddy Ash,73.0,185.0,73.0,7.27,61,6.8,28,0.0,0,100,0.0,36.69267624914442
Kai Asakura,68.0,135.0,69.0,2.53,34,3.34,52,0.0,0,50,0.0,32.84873374401095
Asjabharan,66.0,135.0,72.0,0.0,0,0.0,0,0.0,0,0,0.0,34.09993155373032
Akbarh Arreola,70.0,155.0,71.0,2.32,45,4.01,56,1.07,100,33,0.4,43.644079397672826
Yanal Ashmouz,69.0,155.0,69.0,2.88,50,4.78,50,3.24,38,64,0.0,31.43600273785079
Arman Ashimov,66.0,125.0,72.0,0.0,0,0.0,0,0.0,0,0,0.0,34.64476386036961
Scott Askham,75.0,185.0,75.0,3.03,46,3.52,52,0.44,18,65,0.7,38.29705681040383
Ben Askren,71.0,170.0,73.0,3.64,49,5.66,36,4.33,55,0,0.9,42.13552361396304
Khusein Askhabov,68.0,145.0,69.0,2.0,26,4.13,56,0.0,0,66,0.0,31.561943874058862
Cyril Asker,72.0,247.0,74.0,3.35,39,5.82,35,4.41,62,100,0.9,40.70088980150582
Bruno Assis,74.0,185.0,72.0,1.27,43,3.2,36,2.0,50,66,1.0,34.288843258042434
Steven Asplund,77.0,260.0,78.0,7.88,53,5.25,48,0.0,0,100,0.4,28.142368240930868
Ibo Aslan,75.0,205.0,77.0,5.75,48,3.96,56,0.0,0,87,0.0,30.3709787816564
Tom Aspinall,77.0,255.0,78.0,7.63,67,3.62,56,2.62,80,100,1.3,33.40451745379877
Askar Askarov,66.0,125.0,67.0,3.05,54,2.8,57,2.6,24,66,0.4,33.908281998631075
Askar Askar,67.0,145.0,69.0,0.0,0,0.0,0,0.0,0,0,0.0,32.049281314168375
Junior Assuncao,69.0,145.0,72.0,3.31,62,2.06,44,2.43,24,66,0.7,45.20191649555099
Raphael Assuncao,65.0,135.0,66.0,3.22,42,2.5,66,1.65,39,78,0.2,44.134154688569474
Jose Augusto,75.0,251.0,72.0,0.0,0,0.0,0,0.0,0,0,0.0,34.44216290212184
Bazigit Atajev,73.0,230.0,72.0,0.87,41,3.14,49,1.0,33,0,0.0,47.488021902806295
Michael Aswell Jr.,68.0,145.0,69.0,7.6,42,7.03,52,0.24,25,55,0.0,25.94113620807666
Rich Attonito,70.0,170.0,72.0,2.28,47,2.13,59,0.74,37,75,0.0,49.223819301848046
Pat Audinwood,72.0,155.0,72.0,1.17,12,4.31,41,0.8,50,0,0.0,40.39151266255989
Blas Avena,72.0,170.0,74.0,2.34,47,3.36,43,2.37,80,50,1.8,43.186858316221766
David Avellan,69.0,185.0,72.0,3.33,25,10.0,57,0.0,0,0,0.0,45.16632443531827
Marcus Aurelio,70.0,155.0,74.0,1.42,33,2.27,59,1.69,27,27,1.3,53.05133470225873
Olivier Aubin-Mercier,69.0,155.0,70.0,2.48,51,2.97,55,2.36,33,70,0.5,37.53319644079398
Levi Avera,73.0,170.0,72.0,0.0,0,0.0,0,0.0,0,0,0.0,44.3066392881588
Saad Awad,71.0,155.0,72.0,2.13,26,1.87,60,0.5,16,100,0.5,43.2498288843258
Chris Avila,70.0,145.0,72.0,2.37,30,4.17,48,0.0,0,46,0.0,33.637234770705
Julia Avila,67.0,135.0,68.0,2.81,42,3.28,55,0.63,37,52,0.2,38.32169746748802
Anthony Avila,67.0,145.0,72.0,0.0,0,0.0,0,0.0,0,0,0.0,37.686516084873375
Dan O'Connor,64.0,115.0,72.0,4.0,56,5.1,54,0.0,0,100,0.0,43.80287474332649
Javy Ayala,73.0,265.0,72.0,0.83,25,5.0,33,0.0,0,0,0.0,38.04517453798768
TJ O'Brien,74.0,155.0,72.0,3.77,46,4.78,57,0.94,100,0,0.0,39.67967145790554
Jessin Ayari,72.0,155.0,73.0,3.53,37,3.59,58,0.0,0,50,0.3,34.26694045174538
Jake O'Brien,75.0,205.0,76.0,1.31,31,1.92,69,6.39,54,25,0.2,41.946611909650926
Abu Azaitar,69.0,185.0,76.0,4.38,43,4.32,51,1.0,37,42,0.0,40.492813141683776
Luciano Azevedo,75.0,161.0,72.0,0.76,45,1.97,27,2.28,11,0,0.0,45.19917864476386
Hunter Azure,68.0,145.0,69.0,3.92,53,2.08,58,1.97,34,67,1.3,34.51334702258727
Ottman Azaitar,68.0,155.0,71.0,4.43,44,4.11,52,0.0,0,100,0.0,36.54209445585216
Luiz Azeredo,69.0,154.0,72.0,2.16,39,2.76,57,1.07,50,45,0.3,50.23956194387406
Chuck O'Neil,74.0,170.0,72.0,3.13,37,4.4,72,0.0,0,0,0.0,40.955509924709105
Jeremiah O'Neal,68.0,260.0,72.0,1.15,40,7.5,23,0.0,0,0,0.0,48.865160848733744
Sean O'Haire,77.0,270.0,72.0,8.28,57,22.76,21,0.0,0,0,0.0,55.52908966461328
Casey O'Neill,66.0,125.0,69.0,7.89,52,5.53,57,1.4,34,70,0.7,28.914442162902123
Sean O'Malley,71.0,135.0,72.0,5.98,60,3.4,59,0.23,42,60,0.2,31.86858316221766
Jose Ochoa,67.0,125.0,67.0,5.16,47,2.99,58,0.3,25,65,0.9,25.68104038329911
Brendan O'Reilly,67.0,170.0,69.0,1.9,47,2.77,39,2.22,43,36,0.6,39.20328542094456
Sean O'Connell,73.0,205.0,74.0,5.46,48,6.77,45,0.0,0,30,0.5,43.011635865845314
Takahiro Oba,68.0,200.0,72.0,0.23,25,1.82,69,0.0,0,0,0.0,50.06160164271047
Nobuhiro Obiya,68.0,145.0,72.0,0.63,28,2.53,55,0.5,50,41,0.5,45.63997262149213
Kaito Oda,65.0,125.0,63.0,2.07,62,1.93,38,4.0,100,25,0.0,28.56125941136208
Christian Ocon,68.0,135.0,69.0,1.73,53,5.27,34,0.0,0,63,0.0,30.584531143052704
Ho Taek Oh,70.0,155.0,72.0,0.0,0,0.0,0,0.0,0,0,0.0,33.13073237508556
Trey Ogden,71.0,155.0,72.0,3.2,50,3.49,55,1.89,32,100,0.7,36.8104038329911
Richard Odoms,77.0,265.0,72.0,0.0,0,0.0,0,0.0,0,0,0.0,51.331964407939765
Volkan Oezdemir,74.0,205.0,75.0,4.99,48,4.19,55,0.5,29,80,0.1,36.9637234770705
Kaan Ofli,67.0,145.0,66.0,2.49,47,3.17,56,0.34,7,0,0.7,33.215605749486656
Michiyoshi Ohara,70.0,205.0,72.0,0.28,29,3.13,48,0.0,0,33,0.0,58.809034907597535
Andy Ogle,68.0,145.0,69.0,2.24,44,2.23,50,1.44,26,58,0.0,37.5523613963039
Naoya Ogawa,76.0,255.0,72.0,2.41,42,1.66,47,1.25,100,66,1.2,58.43394934976044
Koji Oishi,68.0,170.0,72.0,1.43,9,17.86,43,0.0,0,0,0.0,49.267624914442166
Takayuki Okada,73.0,290.0,72.0,0.0,0,0.0,0,0.0,0,0,0.0,53.3305954825462
JJ Okanovich,71.0,155.0,76.0,6.93,55,5.27,50,0.0,0,100,0.0,35.83846680355921
Yushin Okami,74.0,170.0,75.0,2.06,38,2.25,60,1.98,39,84,0.5,45.12799452429842
Bolaji Oki,70.0,155.0,73.0,6.42,45,5.12,61,1.02,57,75,0.0,30.809034907597535
Kazuki Okubo,71.0,175.0,72.0,1.53,38,1.97,46,0.51,25,36,2.0,47.186858316221766
Masakatsu Okuda,70.0,155.0,72.0,0.0,0,4.27,34,0.0,0,0,4.3,50.639288158795345
Aleksei Oleinik,74.0,240.0,80.0,3.29,48,3.8,44,1.82,46,37,1.9,49.21286789869952
Jorge Oliveira,73.0,205.0,72.0,0.0,0,0.0,0,0.0,0,0,0.0,39.59753593429158
Cezary Oleksiejczuk,75.0,185.0,75.0,1.99,86,0.77,47,5.77,85,100,0.0,26.666666666666668
Rafaello Oliveira,68.0,155.0,71.0,2.19,33,3.38,59,2.49,36,11,1.6,44.610540725530456
Michal Oleksiejczuk,72.0,185.0,74.0,5.73,52,4.45,60,0.99,42,52,0.0,31.537303216974674
Charles Oliveira,70.0,155.0,74.0,3.23,55,3.05,48,2.29,39,54,2.6,36.8870636550308
Vinicius Oliveira,69.0,145.0,70.0,5.44,47,2.86,58,1.27,43,71,0.2,30.767967145790553
Saimon Oliveira,64.0,135.0,72.0,2.62,42,3.87,45,1.18,28,36,1.2,35.37850787132101
Wendell Oliveira Marques,70.0,170.0,72.0,3.77,47,4.4,47,0.0,0,100,0.0,43.266255989048595
Michael Oliveira,73.0,170.0,78.0,8.28,52,3.35,64,0.0,0,100,0.0,28.62422997946612
Ravena Oliveira,65.0,125.0,65.0,1.77,31,3.71,46,0.74,50,47,0.0,29.541409993155373
Felipe Olivieri,69.0,155.0,72.0,6.68,58,4.6,57,0.0,0,71,0.0,41.40177960301163
Bruno Oliveira,76.0,205.0,80.0,3.44,33,4.92,54,0.0,0,0,0.0,42.34633812457221
Ednaldo Oliveira,77.0,205.0,72.0,1.03,22,1.8,52,0.0,0,42,0.0,42.54620123203286
Maria Oliveira,66.0,115.0,69.0,5.03,38,5.76,44,0.95,44,47,0.0,29.73305954825462
Alex Oliveira,71.0,170.0,76.0,2.99,51,2.55,46,2.35,38,63,0.6,38.54072553045859
Shana Olsen,67.0,145.0,72.0,0.0,0,0.0,0,0.0,0,0,0.0,45.719370294318956
Andy Ologun,72.0,154.0,72.0,2.36,57,0.32,85,0.68,100,80,0.0,43.23613963039014
Gadzhi Omargadzhiev,73.0,170.0,71.0,1.8,39,2.2,39,1.35,30,60,0.5,33.530458590006845
Casey Olson,67.0,145.0,72.0,2.48,60,0.0,100,3.54,57,100,1.8,39.59753593429158
Cameron Olson,73.0,205.0,75.0,3.13,47,2.2,57,3.0,42,100,1.0,36.78850102669404
Dennis Olson,72.0,170.0,72.0,1.02,42,5.27,38,2.77,40,0,0.0,39.59753593429158
Alan Omer,70.0,145.0,72.0,3.49,55,2.21,64,1.69,42,66,0.0,37.97672826830938
Daniel Omielanczuk,72.0,247.0,74.0,3.09,57,3.29,47,0.56,26,68,0.1,44.016427104722794
Michihiro Omigawa,66.0,145.0,68.0,2.01,39,3.06,64,1.19,36,49,1.5,50.71594798083505
David Onama,71.0,145.0,74.0,5.07,50,4.89,51,1.05,30,52,0.5,32.24914442162902
Chibwikem Onyenegecha,75.0,185.0,72.0,5.6,55,3.4,52,0.0,0,100,0.0,32.38603696098563
Charlie Ontiveros,74.0,155.0,74.0,1.89,41,5.86,31,0.0,0,30,0.0,35.175906913073234
Myktybek Orolbai,70.0,170.0,74.0,2.78,50,2.7,51,8.77,59,40,0.5,28.569472963723477
Sam Oropeza,74.0,170.0,72.0,7.68,56,1.44,70,3.6,33,100,0.0,41.22108145106092
Brian Ortega,68.0,155.0,69.0,3.84,37,6.38,49,0.93,25,54,0.9,35.540041067761805
Jaden Ortega,70.0,170.0,72.0,0.0,0,0.0,0,0.0,0,0,0.0,23.967145790554415
Kurt Osiander,70.0,185.0,72.0,0.0,0,0.0,0,0.0,0,0,0.0,39.59753593429158
Jorge Ortiz,72.0,185.0,72.0,3.53,58,2.8,73,0.0,0,0,0.0,39.59753593429158
Dustin Ortiz,65.0,125.0,65.0,2.94,44,2.17,56,3.01,36,52,0.1,37.6974674880219
Tito Ortiz,75.0,205.0,74.0,2.59,46,2.88,60,2.47,35,54,0.6,51.619438740588635
Kenji Osawa,67.0,135.0,66.0,2.34,35,2.14,63,0.91,58,68,0.7,49.83709787816564
Nick Osipczak,74.0,170.0,76.0,2.83,50,3.77,50,1.2,45,71,1.0,41.68377823408624
Ode Osbourne,67.0,125.0,73.0,2.94,40,3.24,49,0.94,29,66,0.4,34.65845311430527
Nissen Osterneck,74.0,185.0,72.0,3.15,58,2.9,41,0.63,12,42,1.3,45.34976043805612
Pedro Otavio,75.0,245.0,72.0,0.0,0,0.0,0,0.0,0,0,0.0,58.72142368240931
Rachael Ostovich,63.0,125.0,62.0,2.54,43,3.97,57,2.03,83,66,0.8,35.52908966461328
Valentijn Overeem,75.0,230.0,72.0,0.93,34,1.49,58,1.86,50,0,4.7,50.053388090349074
Alexander Otsuka,73.0,205.0,72.0,0.9,55,1.16,51,1.51,43,53,0.8,55.14031485284052
Quemuel Ottoni,72.0,155.0,72.0,0.0,0,0.0,0,0.0,0,0,0.0,33.87268993839836
Ren Ozaki,67.0,135.0,68.0,1.2,35,1.07,55,0.0,0,36,0.0,24.725530458590008
Alptekin Ozkilic,65.0,125.0,65.0,3.81,32,5.72,59,4.21,58,75,0.0,40.446269678302535
Takafumi Otsuka,66.0,139.0,72.0,1.29,27,2.12,67,1.64,27,65,0.0,40.04106776180698
Sidney Outlaw,68.0,170.0,74.0,0.13,33,0.8,71,3.0,75,0,3.0,34.403832991101986
Artur Oumakhanov,67.0,154.0,72.0,1.2,33,1.67,82,3.0,75,33,0.0,47.52361396303901
Zak Ottow,71.0,170.0,72.0,2.63,36,2.73,58,0.97,29,57,0.4,39.70704996577687
Craig Oxley,69.0,155.0,72.0,0.0,0,0.0,0,0.0,0,0,0.0,53.55783709787816
Shungo Oyama,71.0,185.0,72.0,0.64,25,1.96,57,1.07,57,62,0.5,52.40520191649555
Billy Quarantillo,70.0,155.0,70.0,7.18,52,6.02,44,1.42,24,60,0.9,37.74401095140315
Vinicius Queiroz,79.0,220.0,72.0,3.67,51,4.1,41,5.07,70,100,0.7,43.02258726899384
Nate Quarry,72.0,185.0,72.0,4.96,44,2.8,66,0.25,33,60,0.0,54.469541409993155
Bao Quach,63.0,145.0,72.0,0.0,0,0.0,0,0.0,0,0,0.0,47.006160164271044
Qiu Lun,68.0,125.0,66.0,3.51,46,1.78,67,0.67,18,68,0.0,29.163586584531142
Alistair Overeem,76.0,265.0,80.0,3.67,64,2.44,57,1.42,55,73,0.8,46.30527036276523
Gary Quan,68.0,143.0,72.0,0.0,0,0.0,0,0.0,0,0,0.0,55.40588637919233
Jimmy Quinlan,72.0,185.0,72.0,2.08,70,5.94,16,4.46,25,0,0.0,40.284736481861735
Josh Quinlan,72.0,170.0,72.0,3.57,42,6.38,53,0.34,11,71,0.0,33.57973990417522
Ryan Quinn,68.0,145.0,72.0,2.31,41,1.67,48,0.0,0,0,1.9,39.59753593429158
Nick Pace,67.0,135.0,68.0,1.48,34,3.14,57,2.52,43,54,0.5,39.389459274469544
Landon Quinones,69.0,155.0,70.0,6.77,40,7.7,55,0.5,33,100,0.0,30.792607802874745
Michel Quinones,70.0,155.0,73.0,2.91,29,5.98,48,0.0,0,36,0.0,41.7056810403833
Jose Quinonez,68.0,135.0,69.0,3.6,45,3.0,64,2.7,47,42,0.6,36.10951403148528
Larissa Pacheco,67.0,135.0,72.0,1.21,19,4.14,55,0.0,0,0,0.0,31.99726214921287
Raquel Pa'aluhi,67.0,135.0,72.0,1.71,56,3.42,46,0.0,0,18,0.0,35.89596167008898
Emilio Quissua,70.0,205.0,72.0,0.0,0,0.0,0,0.0,0,0,0.0,29.377138945927445
Cristian Quinonez,68.0,135.0,70.0,3.67,43,3.71,56,3.14,55,85,0.6,30.362765229295004
Gary Padilla,71.0,205.0,72.0,2.2,27,2.0,76,0.0,0,50,0.0,46.340862422997944
Cyrillo Padilha,71.0,155.0,72.0,0.0,0,0.0,0,0.0,0,0,0.0,48.61875427789185
Fernando Padilla,73.0,145.0,76.0,6.07,40,5.74,52,0.0,0,100,0.6,29.724845995893222
Chris Padilla,69.0,155.0,74.0,6.19,54,4.88,49,1.13,28,80,0.3,30.978781656399725
Michael Page,75.0,185.0,79.0,2.28,58,1.51,62,0.19,16,70,0.0,39.41683778234086
Damacio Page,66.0,135.0,66.0,2.05,38,2.47,51,2.63,64,23,0.9,43.93429158110883
Tom Pagliarulo,72.0,145.0,74.0,0.0,0,0.0,0,0.0,0,0,0.0,29.215605749486652
Angel Pacheco,68.0,135.0,70.0,7.58,36,10.56,41,0.33,50,16,0.0,34.64750171115674
Dustin Pague,69.0,135.0,74.0,1.65,53,2.96,41,1.03,44,55,2.6,39.08829568788501
Jimmie Pace,70.0,185.0,72.0,0.0,0,0.0,0,0.0,0,0,0.0,30.409308692676248
George Pacurariu,67.0,135.0,72.0,4.69,53,2.68,63,5.03,100,100,5.0,42.10814510609172
Teemu Packalen,73.0,155.0,75.0,2.57,54,3.91,47,2.31,25,100,1.5,39.29363449691992
Josh Paiva,66.0,125.0,72.0,0.0,0,0.0,0,0.0,0,0,0.0,35.422313483915126
Raulian Paiva,68.0,135.0,69.0,4.14,42,5.01,48,0.65,23,77,0.2,30.888432580424368
Sasha Palatnikov,73.0,170.0,72.0,6.69,53,5.44,52,0.72,100,70,0.0,37.478439425051334
Dinis Paiva Jr.,69.0,145.0,71.0,2.6,41,2.73,67,0.0,0,81,0.0,38.280629705681044
Fredson Paixao,66.0,145.0,66.0,1.71,54,2.31,62,0.62,11,10,2.2,47.318275154004105
Luis Pajuelo,70.0,145.0,69.0,6.03,57,8.2,52,0.0,0,66,0.0,31.718001368925393
Jose Palacios,69.0,145.0,72.0,2.67,70,1.0,79,0.0,0,50,1.7,43.82203969883641
Ricky Palacios,66.0,145.0,72.0,7.73,53,3.27,59,0.0,0,100,0.0,39.17316906228611
Bart Palaszewski,69.0,145.0,70.0,2.67,32,3.97,57,0.65,31,53,0.5,43.27173169062286
Soa Palelei,76.0,265.0,81.0,2.47,57,2.68,48,2.2,47,66,0.0,49.152635181382614
Tulio Palhares,70.0,180.0,72.0,0.0,0,0.0,0,0.0,0,0,0.0,39.59753593429158
Eduardo Pamplona,71.0,170.0,72.0,0.0,0,0.0,0,0.0,0,0,0.0,53.541409993155376
Stephen Palling,64.0,143.0,72.0,0.0,0,0.0,0,0.0,0,0,0.0,59.60301163586585
Josh Parisian,76.0,265.0,79.0,4.55,48,4.88,41,0.98,33,46,0.2,37.190965092402465
Yuri Panferov,73.0,185.0,72.0,3.65,50,2.55,60,2.64,57,36,0.0,30.017796030116358
Rousimar Palhares,68.0,170.0,71.0,1.75,51,2.04,59,3.93,45,0,4.1,46.52703627652293
Alexandre Pantoja,65.0,125.0,67.0,4.38,50,3.88,49,2.79,47,69,1.0,36.39151266255989
Ruel Panales,65.0,125.0,67.0,2.53,51,5.6,46,1.0,20,50,0.0,29.746748802190282
Won Sik Park,71.0,154.0,72.0,2.6,43,2.2,47,0.0,0,0,0.0,39.723477070499655
Kathryn Paprocki,63.0,115.0,63.0,1.0,23,4.27,43,0.0,0,0,0.0,33.35797399041752
Jared Papazian,68.0,135.0,67.0,3.33,39,3.81,44,0.0,0,50,0.0,38.59548254620123
JunYong Park,70.0,185.0,73.0,4.64,51,3.82,51,1.69,42,54,0.8,35.52361396303901
Joe Pardo,73.0,210.0,72.0,0.0,0,0.0,0,0.0,0,0,0.0,39.59753593429158
Ido Pariente,68.0,155.0,72.0,0.0,0,2.86,45,0.0,0,0,0.0,48.016427104722794
Harvey Park,72.0,155.0,70.0,3.77,50,7.21,33,0.0,0,0,0.0,40.459958932238195
JaeHyun Park,68.0,155.0,73.0,1.75,67,1.36,45,2.31,85,22,0.4,24.739219712525667
Bryan Pardoe,73.0,205.0,72.0,1.11,36,4.59,45,4.75,40,33,0.0,57.87268993839836
Willie Parks,70.0,185.0,72.0,0.0,0,0.0,0,0.0,0,0,0.0,42.83915126625599
Remco Pardoel,75.0,260.0,72.0,0.0,0,0.0,0,0.0,0,0,0.0,57.28952772073922
HyunSung Park,67.0,125.0,66.0,3.38,41,3.14,55,1.5,31,47,1.8,30.83915126625599
Ryan Parker,75.0,235.0,72.0,0.0,0,0.0,0,0.0,0,0,0.0,39.59753593429158
Larry Parker,71.0,205.0,72.0,0.0,0,0.0,0,0.0,0,0,0.0,63.06091718001369
EoJin Park,72.0,145.0,71.0,3.78,40,3.92,47,0.0,0,0,0.0,24.695414099931554
Norman Parke,71.0,155.0,70.0,3.06,35,2.88,64,1.98,26,77,0.0,39.70704996577687
Karo Parisyan,70.0,170.0,72.0,2.49,41,2.19,58,5.27,59,59,1.0,44.02464065708419
Tyra Parker,65.0,115.0,72.0,1.5,22,9.0,14,0.0,0,0,0.0,36.96646132785763
Mick Parkin,76.0,265.0,79.0,4.7,50,4.13,58,1.38,46,50,0.2,30.92950034223135
BoHyun Park,62.0,115.0,61.0,4.07,34,2.67,58,1.0,50,75,0.0,27.315537303216974
Salahdine Parnasse,70.0,155.0,72.0,0.0,0,0.0,0,0.0,0,0,0.0,28.75564681724846
Jordan Parsons,69.0,145.0,72.0,3.29,40,2.37,60,1.54,21,50,1.0,36.030116358658454
Preston Parsons,71.0,170.0,71.0,3.54,51,3.25,54,3.46,36,71,2.3,31.145790554414784
Onassis Parungao,71.0,200.0,72.0,0.0,0,0.0,0,0.0,0,0,0.0,39.59753593429158
Jonny Parsons,69.0,170.0,69.0,4.65,44,4.89,60,0.0,0,66,0.0,35.00068446269678
Ramona Pascual,67.0,135.0,66.0,3.87,57,8.43,46,1.81,19,100,0.0,37.95208761122519
Quentin Pasley,70.0,205.0,72.0,0.0,0,0.0,0,0.0,0,0,0.0,39.59753593429158
Billy Pasulatan,65.0,125.0,66.0,0.65,20,5.22,48,0.0,0,0,4.9,35.082819986310746
Guilherme Pat,78.0,250.0,81.0,2.8,60,2.82,46,0.0,0,100,0.0,32.380561259411365
Stefano Paterno,70.0,170.0,72.0,0.0,0,0.0,0,0.0,0,0,0.0,31.052703627652292
Jhonoven Pati,73.0,185.0,75.0,2.88,53,6.13,33,2.7,100,0,0.0,36.02190280629706
Windri Patilima,66.0,155.0,71.0,0.31,50,7.64,31,0.0,0,0,0.0,33.13347022587269
Jorge Patino,68.0,170.0,72.0,1.33,30,3.14,53,0.54,25,50,0.0,53.086926762491444
Russell Patrick,69.0,145.0,72.0,0.0,0,0.0,0,0.0,0,0,0.0,41.93292265571527
Claude Patrick,71.0,170.0,75.0,1.8,55,0.89,69,2.32,53,84,1.7,46.22861054072553
Justin Patterson,70.0,170.0,72.0,0.0,0,0.0,0,0.0,0,0,0.0,40.747433264887064
Michael Patt,72.0,205.0,72.0,1.65,28,5.53,55,0.0,0,0,0.0,39.59753593429158
Alan Patrick,71.0,155.0,74.0,1.82,40,2.95,43,3.01,33,43,0.3,43.134839151266256
Sam Patterson,75.0,170.0,78.0,3.58,41,2.82,59,0.67,50,50,1.3,30.351813826146476
Julio Paulino,72.0,170.0,72.0,0.97,27,1.87,48,0.0,0,37,0.5,50.757015742642025
Thomas Paull,67.0,155.0,67.0,7.33,33,8.67,64,0.0,0,0,0.0,31.89322381930185
Zac Pauga,74.0,205.0,76.0,4.46,62,2.73,58,0.38,7,100,0.0,38.52977412731006
Estevan Payan,70.0,145.0,72.0,4.25,42,3.58,57,0.36,100,60,0.4,44.48186173853525
Sarah Payant,64.0,115.0,72.0,0.29,16,2.06,30,0.0,0,0,0.0,39.59753593429158
Pawel Pawlak,72.0,170.0,73.0,1.67,33,2.22,53,1.0,37,70,0.0,37.57426420260096
Roland Payne,69.0,205.0,72.0,0.0,0,0.0,0,0.0,0,0,0.0,39.59753593429158
Sergei Pavlovich,75.0,257.0,84.0,4.49,44,3.58,56,0.47,25,75,0.0,34.31622176591376
Logan Paxton,70.0,155.0,72.0,0.0,0,0.0,0,0.0,0,0,0.0,31.091033538672143
Andre Pederneiras,68.0,155.0,72.0,0.0,0,0.0,0,0.0,0,0,0.0,59.460643394934976
Joe Pearson,70.0,145.0,72.0,0.59,18,3.51,33,0.0,0,0,4.4,48.4435318275154
Trevor Peek,69.0,145.0,70.0,4.39,53,3.88,43,1.45,50,52,0.0,31.65776865160849
Jonathan Pearce,72.0,145.0,71.0,5.12,54,3.32,54,5.02,50,55,0.8,34.34907597535934
Matt Pedro,70.0,155.0,72.0,0.0,0,0.0,0,0.0,0,0,0.0,39.59753593429158
Carlo Pedersoli Jr.,71.0,170.0,75.0,4.17,37,4.12,61,2.91,44,0,0.0,33.24572210814511
Tyson Pedro,75.0,205.0,79.0,2.9,59,2.39,56,0.76,30,50,0.8,34.97056810403833
Ross Pearson,68.0,155.0,69.0,3.68,40,4.09,62,0.74,35,75,0.0,41.94387405886379
Willie Peeters,69.0,220.0,72.0,0.0,0,0.0,0,0.0,0,0,0.0,60.86242299794661
Filip Pejic,68.0,135.0,72.0,0.0,0,0.88,33,0.0,0,0,0.0,34.12731006160164
Yan Pellerin,71.0,205.0,72.0,0.59,25,0.89,66,4.43,100,0,0.0,46.46406570841889
Felipe Pena,70.0,155.0,72.0,0.0,0,0.0,0,0.0,0,0,0.0,34.8829568788501
Julianna Pena,66.0,135.0,69.0,3.1,44,2.56,57,1.7,54,24,0.8,37.04859685147159
Luis Pena,75.0,155.0,75.0,3.66,46,3.12,51,1.17,33,48,1.2,33.17180013689254
Kurt Pellegrino,68.0,155.0,70.0,2.45,43,1.94,63,2.9,54,69,0.8,47.3347022587269
Matej Penaz,75.0,185.0,83.0,1.28,33,2.55,33,0.0,0,0,0.0,29.894592744695416
Sherman Pendergarst,73.0,235.0,72.0,1.23,36,3.08,16,4.62,100,0,0.0,59.09924709103354
Jerron Peoples,72.0,170.0,72.0,0.0,0,0.0,0,0.0,0,0,0.0,44.342231348391515
Tecia Pennington,61.0,115.0,60.0,4.73,48,3.48,61,0.56,14,62,0.1,37.05681040383299
Raquel Pennington,67.0,135.0,67.0,4.1,49,3.32,61,0.83,27,62,0.6,38.001368925393564
Drew Pendleton,70.0,145.0,72.0,0.0,0,0.0,0,0.0,0,0,0.0,42.7460643394935
BJ Penn,69.0,155.0,70.0,2.76,48,3.2,56,1.19,55,74,0.5,47.73169062286105
Cathal Pendred,73.0,170.0,75.0,2.49,44,3.01,55,2.46,23,83,0.4,39.011635865845314
Ray Perales,70.0,170.0,72.0,0.18,25,2.39,32,0.0,0,33,0.0,51.181382614647504
Godofredo Pepey,67.0,145.0,73.0,2.32,38,3.23,47,0.37,7,35,1.5,39.181382614647504
Justin Pennington,64.0,155.0,72.0,0.0,0,0.0,0,0.0,0,0,0.0,39.59753593429158
Nick Penner,76.0,205.0,72.0,1.25,30,4.6,38,0.0,0,40,0.0,46.4476386036961
Robert Peralta,68.0,145.0,71.0,3.76,44,2.97,53,0.59,66,65,0.0,40.48186173853525
Jessica Penne,65.0,115.0,67.0,2.63,33,5.05,45,1.29,18,36,0.5,43.60027378507871
Mayton Perea,70.0,170.0,72.0,0.0,0,0.0,0,0.0,0,0,0.0,26.050650239561943
Alex Pereira,76.0,205.0,79.0,5.01,61,3.72,52,0.11,50,80,0.2,39.167693360711844
Michel Pereira,73.0,185.0,73.0,4.28,51,4.32,50,1.11,52,75,0.6,32.917180013689254
Luciano Pereira,70.0,125.0,72.0,0.0,0,0.0,0,0.0,0,0,0.0,25.65639972621492
Daniel Pereira,70.0,185.0,72.0,0.0,0,0.0,0,0.0,0,0,0.0,35.73169062286105
Viviane Pereira,61.0,115.0,63.0,2.7,30,4.48,58,0.25,100,28,0.2,33.02395619438741
Philip Perez,65.0,155.0,72.0,1.36,100,0.68,66,10.23,100,0,10.2,39.59753593429158
Rolando Perez,68.0,135.0,72.0,4.23,36,4.83,63,0.0,0,100,0.0,39.59753593429158
Alice Pereira,68.0,135.0,71.0,2.83,36,3.11,66,0.0,0,75,0.0,20.711841204654345
Jose Perez,70.0,155.0,72.0,0.0,0,0.0,0,0.0,0,0,0.0,39.59753593429158
Frankie Perez,71.0,155.0,73.0,1.64,41,2.17,54,1.75,41,50,0.3,37.322381930184804
Erik Perez,68.0,135.0,68.0,3.16,40,2.09,66,3.16,55,69,0.2,36.79671457905544
Alejandro Perez,66.0,135.0,67.0,3.45,35,3.18,61,0.54,22,70,0.3,37.01026694045174
Alex Perez,66.0,125.0,65.0,4.22,45,3.24,58,2.07,45,74,0.8,34.46132785763176
Markus Perez,73.0,185.0,73.0,2.6,47,3.72,52,0.81,25,77,1.0,38.20670773442848
Rafael Pergentino,73.0,205.0,76.0,0.0,0,32.0,0,0.0,0,0,0.0,24.659822039698838
Brando Pericic,77.0,245.0,79.0,11.0,57,4.26,58,0.0,0,71,0.0,32.09308692676249
Cristian Perez,69.0,155.0,72.0,1.31,44,3.23,41,3.46,37,100,1.1,27.055441478439427
Ailin Perez,65.0,135.0,66.0,2.88,56,1.58,56,4.9,49,72,0.2,31.920602327173167
Thiago Perpetuo,70.0,170.0,72.0,5.39,69,3.51,51,2.82,50,66,0.0,38.729637234770706
Anthony Perosh,75.0,205.0,75.0,2.27,43,3.77,53,2.03,22,33,1.1,53.9192334017796
Hernani Perpetuo,72.0,170.0,72.0,2.73,29,4.37,55,0.0,0,37,0.5,41.28678986995209
Jay Perrin,67.0,135.0,67.0,3.71,46,3.9,44,2.83,52,58,0.0,33.22655715263518
Mike Perry,70.0,170.0,71.0,4.32,47,5.16,52,0.81,40,78,0.2,34.97604380561259
Raphael Pessoa,75.0,262.0,78.0,2.16,26,3.43,42,0.0,0,100,0.0,37.49486652977413
Seth Petruzelli,72.0,205.0,76.0,2.17,41,2.08,55,0.46,50,47,2.3,46.75975359342916
Leiticia Pestova,66.0,135.0,72.0,0.0,0,24.62,44,0.0,0,0,0.0,42.64202600958248
Tony Petarra,71.0,196.0,72.0,0.0,0,0.0,0,0.0,0,0,0.0,59.827515400410675
Viktor Pesta,75.0,240.0,77.0,1.58,36,2.54,56,3.29,28,100,0.0,36.145106091718
Tommy Petersen,70.0,155.0,72.0,0.0,0,0.0,0,0.0,0,0,0.0,39.59753593429158
Thomas Petersen,73.0,250.0,74.0,3.04,59,2.57,54,2.95,42,87,0.4,31.43874058863792
Peter Petties,71.0,145.0,72.0,2.61,29,8.24,48,0.0,0,0,0.0,35.71252566735113
Ivana Petrovic,68.0,125.0,70.0,1.91,41,2.05,56,2.12,38,61,0.8,32.238193018480494
Cory Peterson,83.0,400.0,72.0,2.17,60,6.51,40,0.0,0,0,0.0,47.58658453114305
Vitor Petrino,74.0,225.0,77.0,3.24,48,2.71,51,2.6,46,79,0.7,29.023956194387406
Steven Peterson,70.0,145.0,70.0,4.76,40,5.94,53,1.42,26,64,0.7,36.27378507871321
Andre Petroski,72.0,185.0,73.0,2.75,49,2.99,51,3.13,52,86,1.2,35.23613963039014
Forrest Petz,69.0,170.0,71.0,2.27,29,2.2,57,1.3,100,66,0.0,50.95687885010267
Carlos Petruzella,70.0,185.0,72.0,0.0,0,0.0,0,0.0,0,0,0.0,29.440109514031484
Armen Petrosyan,75.0,185.0,71.0,5.84,53,3.31,53,0.17,33,41,0.0,35.841204654346335
Sergio Pettis,66.0,125.0,69.0,3.88,37,2.91,65,0.85,40,67,0.4,33.05133470225873
Anthony Pettis,70.0,155.0,72.0,3.05,47,3.44,54,0.61,50,60,1.1,39.60848733744011
Wayne Phillips,70.0,185.0,72.0,0.0,0,0.0,0,0.0,0,0,0.0,43.22245037645448
Cody Pfister,70.0,155.0,73.0,1.41,25,2.8,51,2.82,30,0,0.0,36.153319644079396
Dave Phillips,72.0,185.0,72.0,0.0,0,2.0,25,0.0,0,0,10.0,46.65023956194388
Mario Piazzon,69.0,265.0,73.0,1.35,73,1.16,40,18.87,50,50,0.0,28.418891170431213
Dino Pezao,70.0,205.0,72.0,0.66,30,3.28,31,0.0,0,0,0.0,39.59753593429158
Nam Phan,66.0,135.0,70.0,4.52,37,6.55,59,0.18,18,60,0.2,43.48528405201917
Adam Piccolotti,71.0,155.0,72.0,4.61,50,2.83,71,2.96,60,100,3.0,37.869952087611225
Nick Piccininni,66.0,125.0,66.0,3.2,43,6.03,42,8.0,44,100,0.0,29.72210814510609
Aaron Phillips,69.0,135.0,71.0,1.51,53,3.66,43,0.86,50,44,0.6,37.086926762491444
Elizabeth Phillips,66.0,135.0,65.0,2.6,33,3.07,58,0.75,25,53,0.2,40.04654346338125
John Phillips,71.0,185.0,75.0,1.72,34,4.03,49,0.0,0,7,0.0,41.242984257357975
Kyler Phillips,68.0,135.0,72.0,4.75,43,3.83,58,2.82,47,75,0.3,31.236139630390145
Constantinos Philippou,71.0,185.0,73.0,2.19,35,2.73,54,0.4,42,65,0.3,46.770704996577685
Brad Pickett,66.0,135.0,68.0,3.02,31,4.63,55,2.47,44,58,0.4,47.950718685831625
Nick Pica,70.0,185.0,72.0,0.0,0,0.0,0,0.0,0,0,0.0,39.59753593429158
Vinc Pichel,70.0,155.0,72.0,3.78,46,3.17,54,2.5,51,31,0.2,43.7864476386037
Sean Pierson,72.0,170.0,76.0,3.84,39,3.73,64,0.39,18,66,0.4,50.49144421629021
Domingo Pilarte,72.0,135.0,73.0,1.31,47,2.96,40,1.2,42,54,0.8,36.668035592060235
Damian Pinas,73.0,185.0,79.0,6.33,63,5.89,39,0.0,0,85,0.0,24.487337440109513
Paddy Pimblett,70.0,155.0,73.0,5.48,52,3.86,42,0.68,21,46,1.4,31.67419575633128
Fabiola Pidroni,70.0,115.0,72.0,0.0,0,0.0,0,0.0,0,0,0.0,32.67077344284736
Joao Pierini,73.0,155.0,72.0,0.76,14,4.56,33,0.0,0,0,0.0,54.7378507871321
Nick Piedmont,70.0,145.0,72.0,0.0,0,0.0,0,0.0,0,0,0.0,39.59753593429158
Jonathan Piersma,71.0,170.0,73.0,0.4,42,0.87,31,0.0,0,36,3.0,30.510609171800137
Aaron Pico,68.0,145.0,70.0,6.16,53,3.11,45,6.54,50,0,0.0,29.95208761122519
Oskar Piechota,72.0,185.0,76.0,3.3,52,3.93,51,0.61,40,38,1.5,36.616016427104725
Jamie Pickett,74.0,185.0,80.0,2.65,47,3.62,50,1.26,40,67,0.1,38.02053388090349
Mike Pierce,68.0,170.0,71.0,2.62,42,2.36,62,3.08,42,71,0.2,46.012320328542096
Patricio Pitbull,66.0,145.0,67.0,2.77,45,4.61,55,1.26,33,74,0.5,39.167693360711844
Dmitry Poberezhets,75.0,237.0,72.0,0.0,0,0.0,0,0.0,0,0,0.0,41.23750855578371
Damian Piwowarczyk,70.0,205.0,72.0,0.0,0,0.0,0,0.0,0,0,0.0,28.97741273100616
Gaetano Pirrello,67.0,135.0,65.0,0.99,55,2.44,42,0.0,0,30,0.0,34.35455167693361
Ross Pointon,68.0,170.0,72.0,2.62,23,2.77,58,1.19,100,0,0.0,46.548939082819984
Jamal Pogues,75.0,205.0,77.0,3.57,46,3.97,49,2.0,46,70,0.0,30.765229295003422
Maki Pitolo,70.0,185.0,75.0,4.1,44,3.93,55,2.24,52,50,0.8,35.78370978781656
Jesus Pinedo,70.0,155.0,72.0,3.23,38,4.37,52,2.5,100,100,0.0,30.206707734428473
Pingyuan Liu,66.0,135.0,72.0,2.36,33,2.99,54,0.25,20,56,1.0,33.5605749486653
Mario Pinto,77.0,265.0,79.0,2.85,69,1.93,58,2.38,26,100,0.9,28.48186173853525
Luana Pinheiro,62.0,115.0,62.0,3.29,39,4.06,60,2.33,37,71,0.2,33.79876796714579
Daniel Pineda,67.0,145.0,69.0,2.85,49,3.26,45,1.42,24,54,1.5,41.08418891170431
Dustin Poirier,69.0,155.0,72.0,5.24,50,4.57,52,1.15,35,64,1.2,37.6290212183436
Felipe Portela,70.0,170.0,72.0,0.0,0,0.0,0,0.0,0,0,0.0,38.78713210130048
Grigory Popov,67.0,135.0,68.0,3.63,37,4.2,55,0.0,0,45,0.0,42.38466803559206
Alexander Poppeck,74.0,215.0,75.0,3.88,54,8.69,33,0.0,0,0,0.0,34.417522245037645
Ihor Potieria,75.0,185.0,75.0,4.44,50,4.96,50,0.73,18,66,0.0,30.272416153319643
Callan Potter,72.0,170.0,72.0,3.18,50,4.72,58,3.29,66,100,0.0,42.24229979466119
Parker Porter,72.0,265.0,75.0,6.55,50,6.32,51,1.35,26,66,0.5,41.374401095140314
Santiago Ponzinibbio,72.0,170.0,73.0,4.67,40,4.79,61,0.58,26,71,0.0,39.945242984257355
Mike Polchlopek,76.0,285.0,72.0,2.0,38,1.33,57,0.0,0,0,0.0,60.69267624914442
Brandon Polcare,70.0,125.0,72.0,0.43,50,0.0,0,0.0,0,0,0.0,39.59753593429158
John Polakowski,70.0,155.0,72.0,2.6,26,2.83,50,0.0,0,87,0.7,45.210130047912386
Julia Polastri,62.0,115.0,63.0,6.22,56,5.18,59,0.62,80,57,0.3,28.50650239561944
Igor Pokrajac,72.0,205.0,74.0,2.25,45,4.26,40,0.87,29,51,0.2,47.676933607118414
Ricardo Prasel,79.0,238.0,78.0,2.21,57,7.83,37,0.0,0,0,0.0,36.26283367556468
Wagner Prado,72.0,205.0,74.0,1.72,40,3.06,50,0.0,0,22,0.0,39.68514715947981
Francisco Prado,70.0,170.0,69.0,3.68,43,4.31,54,0.76,19,40,0.8,24.22450376454483
Carlo Prater,71.0,155.0,72.0,2.03,47,4.07,35,0.43,9,57,1.7,45.19917864476386
Carlos Prates,73.0,170.0,78.0,4.41,54,4.3,47,0.18,100,77,0.0,33.054072553045856
Trevor Prangley,73.0,185.0,75.0,2.59,60,2.02,48,3.38,55,74,1.0,54.03422313483915
Michel Prazeres,66.0,170.0,67.0,2.38,47,2.51,57,3.94,36,47,0.6,45.1170431211499
Dylan Potter,74.0,225.0,77.0,3.1,48,5.78,46,0.0,0,33,1.1,31.644079397672826
Devin Powell,72.0,155.0,73.0,2.88,41,3.67,51,0.0,0,0,0.6,38.5160848733744
Ruan Potts,74.0,247.0,75.0,0.85,37,5.92,22,0.75,16,33,2.3,48.53388090349076
Marcin Prachnio,75.0,205.0,73.0,5.52,54,3.15,54,0.14,20,53,0.0,38.14647501711157
Dorian Price,75.0,170.0,72.0,0.0,0,0.0,0,0.0,0,0,0.0,49.045859000684466
Chris Price,74.0,185.0,72.0,1.44,66,2.59,48,0.0,0,33,2.2,43.82477754962355
Philip Preece,68.0,205.0,72.0,0.8,72,0.7,63,0.0,0,0,0.0,39.59753593429158
Kyle Prepolec,70.0,155.0,70.0,3.01,33,6.59,45,0.0,0,41,0.0,37.01848049281314
Cole Province,69.0,145.0,68.0,1.47,44,2.72,43,2.4,50,83,1.0,45.634496919917865
Lara Procopio,64.0,125.0,67.0,5.64,58,6.5,47,3.15,47,50,0.3,30.811772758384667
Daniel Puder,75.0,235.0,72.0,2.77,68,1.17,38,1.21,50,81,9.0,44.90896646132786
Joe Proctor,70.0,155.0,72.0,3.39,36,3.93,59,0.0,0,70,1.8,41.073237508555785
Lucie Pudilova,68.0,125.0,67.0,3.6,37,4.07,50,0.7,31,67,0.6,32.23271731690623
Shane Primm,75.0,205.0,72.0,0.83,26,2.25,62,1.78,20,0,0.0,42.10266940451746
Brent Primus,70.0,155.0,72.0,1.73,39,2.27,59,5.0,38,0,2.0,41.40177960301163
Jiri Prochazka,75.0,205.0,80.0,5.61,55,5.67,45,0.49,60,68,0.2,33.894592744695416
Niko Price,72.0,170.0,76.0,5.11,43,5.57,48,1.06,30,50,0.6,36.936344969199176
CM Punk,73.0,170.0,73.0,1.1,23,4.87,40,0.87,11,0,0.0,47.8631074606434
Claudio Puelles,70.0,155.0,72.0,1.54,46,2.62,48,3.29,33,60,1.0,30.376454483230663
Roman Gabriel Puga,70.0,145.0,72.0,0.0,0,0.0,0,0.0,0,0,0.0,29.968514715947983
Josh Pulsifer,70.0,145.0,72.0,0.0,0,0.0,0,0.0,0,0,0.0,43.47707049965777
Andrey Pulyaev,76.0,185.0,78.0,3.6,55,2.94,55,0.27,16,56,0.0,28.98836413415469
Juan Manuel Puig,69.0,145.0,72.0,4.91,23,7.17,51,0.0,0,0,0.0,37.37166324435318
Hugh Pulley,72.0,155.0,72.0,4.47,63,3.27,57,4.0,66,69,0.0,39.59753593429158
Juan Puerta,69.0,125.0,71.0,1.27,39,1.27,67,1.0,100,0,0.0,38.62833675564682
Bubba Pugh,70.0,185.0,72.0,2.87,67,2.6,23,4.0,57,80,0.0,39.59753593429158
Benji Radach,70.0,185.0,72.0,2.62,49,2.31,51,1.06,41,71,0.4,47.422313483915126
Jens Pulver,67.0,145.0,70.0,2.12,37,3.13,56,0.22,33,63,0.3,51.75085557837098
Joe Pyfer,74.0,185.0,75.0,3.52,44,3.22,52,1.45,30,62,0.9,29.968514715947983
Mike Pyle,72.0,170.0,74.0,2.74,45,2.84,60,1.8,35,70,1.5,50.9678302532512
Amir Rahnavardi,72.0,205.0,72.0,0.67,25,0.0,100,0.0,0,50,0.0,51.748117727583846
Sora Rakhmonova,70.0,125.0,72.0,0.0,0,0.0,0,0.0,0,0,0.0,28.210814510609172
Thomas Ramirez,73.0,410.0,72.0,0.0,0,0.0,0,0.0,0,0,0.0,39.59753593429158
Matt Ramirez,65.0,125.0,72.0,3.03,50,0.67,75,2.53,16,100,0.0,39.59753593429158
Amador Ramirez,70.0,135.0,72.0,4.93,51,2.07,69,1.0,33,0,0.0,36.2299794661191
Mitch Ramirez,71.0,155.0,70.0,3.27,44,3.77,38,0.54,33,33,0.0,33.83983572895277
Hector Ramirez,72.0,205.0,72.0,2.27,41,4.6,56,2.3,55,66,0.5,50.44216290212184
Jordan Radev,67.0,185.0,72.0,1.35,23,2.38,66,0.0,0,80,0.0,49.93839835728953
Josh Rafferty,72.0,170.0,72.0,0.6,33,3.6,50,0.0,0,0,9.0,45.66461327857632
Loik Radzhabov,71.0,155.0,69.0,2.89,44,3.76,46,4.65,57,42,0.0,35.969883641341546
Pat Pytlik,72.0,170.0,73.0,3.12,56,4.56,22,0.0,0,33,0.0,37.36892539356605
Gilbert Rael,68.0,155.0,72.0,0.0,0,7.46,37,4.86,100,0,0.0,39.59753593429158
Charles Radtke,69.0,170.0,72.0,2.5,53,2.45,54,1.99,44,100,0.5,36.16153319644079
Aleksandar Rakic,76.0,238.0,78.0,4.2,50,2.78,54,0.57,21,86,0.1,34.58179329226557
Zygimantas Ramaska,71.0,145.0,71.0,0.96,60,2.25,30,0.0,0,33,2.4,29.691991786447637
Jessica Rakoczy,67.0,115.0,72.0,2.5,44,3.55,64,0.75,20,0,0.8,49.39630390143737
Ricky Rainey,73.0,170.0,77.0,2.55,48,2.62,46,0.95,18,55,0.0,43.1895961670089
Marwan Rahiki,68.0,145.0,72.0,7.75,52,5.9,57,0.0,0,100,0.8,24.32580424366872
Shavkat Rakhmonov,73.0,170.0,77.0,3.25,60,2.17,51,1.4,25,85,1.2,31.871321013004792
Andrew Ramm,73.0,160.0,72.0,0.0,0,0.0,0,0.0,0,0,0.0,39.59753593429158
Steve Ramirez,67.0,125.0,72.0,0.0,0,0.0,0,0.0,0,0,0.0,39.59753593429158
Ian Rammel,72.0,185.0,72.0,0.0,0,0.0,0,0.0,0,0,0.0,41.125256673511295
Dorian Ramos,68.0,145.0,70.0,2.3,52,2.67,47,1.82,25,33,0.0,32.681724845995895
Vernon Ramos Ho,66.0,170.0,72.0,4.0,25,8.0,55,0.0,0,0,0.0,34.25872689938399
Luis Ramos,68.0,170.0,72.0,2.4,35,5.6,42,1.5,20,100,0.0,45.63175906913073
Davi Ramos,66.0,155.0,70.0,2.64,37,3.44,56,1.95,40,83,0.6,39.83572895277207
Ricardo Ramos,69.0,145.0,72.0,2.91,36,3.97,54,2.51,57,67,1.0,31.09924709103354
Hussain Rasouli,66.0,135.0,72.0,0.0,0,0.0,0,0.0,0,0,0.0,39.59753593429158
David Rasouri,67.0,155.0,72.0,0.0,0,0.0,0,0.0,0,0,0.0,39.59753593429158
Mitch Raposo,65.0,125.0,64.0,1.91,38,2.92,60,1.98,36,68,0.0,27.890485968514717
Kevin Randleman,70.0,205.0,72.0,1.26,54,1.12,57,2.0,56,30,0.8,55.07460643394935
Oscar Ravello,70.0,185.0,72.0,0.0,0,0.0,0,0.0,0,0,0.0,27.942505133470227
Gideon Ray,70.0,185.0,72.0,2.08,40,2.58,53,1.49,100,0,0.0,53.27857631759069
Iony Razafiarison,63.0,145.0,72.0,1.2,42,1.4,53,2.0,50,75,0.0,41.70294318959617
Keenan Raymond,70.0,165.0,72.0,0.0,0,0.0,0,0.0,0,0,0.0,39.59753593429158
Joe Ray,70.0,170.0,72.0,0.0,0,0.0,0,0.0,0,0,0.0,41.719370294318956
Bec Rawlings,66.0,125.0,64.0,4.48,42,5.66,57,0.71,40,68,0.4,37.56605065023956
Stevie Ray,70.0,155.0,70.0,3.73,44,2.93,54,0.75,46,55,0.6,36.4517453798768
Rafael Rebello,65.0,135.0,67.0,2.19,32,3.29,58,2.82,33,75,0.5,45.889117043121146
Mateusz Rebecki,67.0,155.0,66.0,5.28,49,4.19,54,3.05,50,53,0.4,33.92470910335387
Abdul Razak Alhassan,70.0,185.0,73.0,3.64,49,4.01,54,0.84,33,51,0.2,41.07049965776865
Antony Rea,72.0,205.0,72.0,2.89,28,5.42,42,0.0,0,100,0.0,50.143737166324435
Dennis Reed,70.0,205.0,72.0,0.0,0,0.0,0,0.0,0,0,0.0,56.98562628336756
Raou Raou,68.0,195.0,72.0,2.01,16,6.75,60,0.0,0,0,0.0,39.59753593429158
Paul Redmond,70.0,145.0,72.0,0.72,34,2.99,41,0.0,0,50,0.0,39.879534565366185
Ed Ratcliff,70.0,155.0,71.0,2.71,38,2.96,63,0.28,16,53,0.0,43.507186858316224
Greg Rebello,72.0,240.0,73.0,2.61,39,2.92,58,0.0,0,0,0.0,44.23271731690623
Regezhen,68.0,145.0,69.0,3.53,41,3.13,73,0.0,0,55,0.0,25.519507186858316
Stephen Regman,71.0,185.0,76.0,1.41,60,4.93,23,3.52,100,0,0.0,35.08829568788501
Chad Reiner,71.0,170.0,72.0,0.53,20,1.97,46,0.99,33,25,2.0,45.18822724161533
Jason Reinhardt,66.0,135.0,72.0,0.51,40,4.07,43,1.91,12,50,0.0,56.84873374401095
Wilson Reis,64.0,125.0,65.0,1.83,29,3.04,55,5.15,42,47,0.6,41.66461327857632
Zach Reese,76.0,185.0,77.0,4.47,54,4.0,43,2.74,61,52,1.2,32.45448323066393
Elise Reed,63.0,115.0,63.0,3.41,53,3.26,51,0.46,60,53,0.0,33.752224503764545
John Reedy,68.0,155.0,72.0,0.0,0,0.0,0,0.0,0,0,0.0,39.59753593429158
Karl Reed,75.0,205.0,78.0,2.04,44,3.84,38,1.06,22,53,0.0,37.8590006844627
James Reese,69.0,155.0,72.0,0.0,0,0.0,0,0.0,0,0,0.0,45.70841889117043
Johnny Rees,72.0,170.0,72.0,3.29,64,0.84,47,1.15,25,50,0.0,43.87679671457906
Leigh Remedios,67.0,155.0,72.0,0.75,41,1.36,68,0.0,0,33,0.0,50.64750171115674
Goran Reljic,75.0,205.0,81.0,1.69,37,2.69,59,1.69,50,33,1.1,42.46406570841889
Javier Reyes,67.0,145.0,73.0,6.28,47,3.06,41,1.27,50,50,0.0,32.89801505817933
Ben Reiter,75.0,185.0,72.0,1.8,46,1.53,54,7.0,43,0,0.0,39.19507186858316
John Renken,72.0,190.0,72.0,0.0,0,0.0,0,0.0,0,0,0.0,53.68104038329911
Solomon Renfro,69.0,170.0,72.0,5.2,44,3.53,61,2.0,50,100,0.0,29.582477754962355
Herman Renting,72.0,215.0,72.0,0.0,0,0.0,0,0.0,0,0,0.0,57.68104038329911
Marco Polo Reyes,71.0,155.0,71.0,6.0,37,5.52,59,0.0,0,46,0.0,41.828884325804246
Marion Reneau,66.0,135.0,68.0,3.2,41,3.52,59,0.62,63,50,0.8,49.21286789869952
Dominick Reyes,76.0,205.0,77.0,4.99,53,3.4,49,0.25,28,82,0.2,36.695414099931554
Paulo Renato Junior,72.0,205.0,73.0,4.89,45,5.18,56,0.0,0,100,0.0,32.61327857631759
Ren Yawei,69.0,155.0,69.0,4.67,64,5.32,36,0.0,0,66,1.4,28.577686516084874
Montse Rendon,68.0,135.0,68.0,2.95,27,3.65,57,1.91,37,85,0.3,37.4757015742642
Chance Rencountre,74.0,170.0,75.0,1.1,20,3.62,49,1.35,26,16,0.3,39.68240930869268
Gaston Reyno,72.0,145.0,72.0,7.79,62,3.9,44,0.0,0,0,11.7,39.81930184804928
Camila Reynoso,70.0,115.0,72.0,0.0,0,0.0,0,0.0,0,0,0.0,23.025325119780973
Victor Reyna,71.0,170.0,74.0,5.8,63,4.75,42,0.0,0,100,0.0,40.087611225188226
Lucrezia Ria,66.0,125.0,72.0,4.07,46,4.4,45,1.0,33,0,0.0,34.20123203285421
Will Ribeiro,68.0,135.0,72.0,1.83,28,1.64,74,1.15,100,50,2.9,43.55099247091034
Alex Reyes,71.0,155.0,73.0,4.46,46,6.92,48,1.5,28,0,0.0,39.92881587953457
Kyle Reyes,68.0,145.0,72.0,0.0,0,0.0,0,0.0,0,0,0.0,39.59753593429158
Claudio Ribeiro,73.0,185.0,77.0,3.59,51,4.9,30,0.56,50,66,0.0,34.13826146475017
Vitor Ribeiro,68.0,154.0,72.0,1.0,28,1.95,48,1.58,26,100,1.2,47.53182751540041
Brendson Ribeiro,75.0,205.0,81.0,2.94,40,3.56,53,0.66,37,32,0.4,29.99315537303217
Amanda Ribas,64.0,115.0,66.0,4.26,39,3.29,60,2.05,52,82,0.6,33.02943189596167
Johnny Rhodes,72.0,210.0,72.0,0.0,0,0.0,0,0.0,0,0,0.0,39.59753593429158
Mike Rhodes,73.0,170.0,74.0,3.2,39,4.13,64,0.96,33,75,0.5,36.75564681724846
Esteban Ribovics,70.0,155.0,69.0,7.27,43,5.83,54,0.35,66,66,0.2,30.360027378507873
Mike Ricci,72.0,155.0,76.0,1.8,32,1.64,65,0.67,100,54,0.0,40.47091033538672
Alex Ricci,71.0,155.0,72.0,2.48,41,2.53,64,0.0,0,64,0.0,44.12867898699521
John Richard,70.0,205.0,72.0,0.0,0,0.0,0,0.0,0,0,0.0,44.29295003422313
Rex Richards,77.0,265.0,72.0,17.65,58,5.29,72,0.0,0,0,0.0,45.88637919233402
Dave Rickels,71.0,155.0,72.0,4.29,59,5.53,42,0.0,0,25,0.0,37.667351129363446
Mike Richman,68.0,135.0,72.0,4.06,44,3.49,43,0.0,0,76,0.0,41.204654346338124
Tabatha Ricci,61.0,115.0,61.0,3.77,36,4.79,58,2.37,34,54,0.1,31.540041067761805
Haisam Rida,70.0,155.0,72.0,0.0,0,0.0,0,0.0,0,0,0.0,33.1170431211499
Matt Ricehouse,70.0,155.0,72.0,3.7,44,4.8,47,1.0,22,81,0.0,39.49075975359343
Jeremiah Riggs,72.0,185.0,72.0,0.0,0,0.0,0,0.0,0,0,0.0,43.72073921971253
Brad Riddell,67.0,155.0,71.0,4.71,53,3.53,53,1.77,36,63,0.0,34.93497604380561
Matthew Riddle,73.0,170.0,76.0,3.01,42,2.74,54,3.51,50,89,0.5,40.643394934976044
Joe Riggs,72.0,185.0,70.0,2.41,51,1.69,57,2.45,55,62,0.6,43.95345653661875
Albert Rios,68.0,145.0,72.0,0.0,0,0.0,0,0.0,0,0,0.0,39.59753593429158
Robbie Ring,69.0,145.0,68.0,5.11,38,9.15,38,4.04,33,0,0.0,26.146475017111566
Mike Rio,70.0,155.0,70.0,1.68,39,2.99,53,2.58,27,0,1.0,45.16906228610541
Jordan Rinaldi,70.0,145.0,72.0,1.56,35,2.32,59,1.45,35,20,1.2,38.94866529774127
Nick Ring,72.0,185.0,74.0,3.52,42,3.48,62,1.36,36,52,0.3,47.57015742642026
Aaron Riley,68.0,155.0,69.0,3.45,34,3.78,61,1.18,34,60,0.1,45.74127310061601
Jason Riley,78.0,245.0,72.0,0.0,0,9.68,33,0.0,0,50,0.0,50.95687885010267
Luke Riley,69.0,145.0,69.0,6.67,58,3.86,61,0.0,0,37,0.0,27.186858316221766
Moise Rimbon,70.0,205.0,72.0,0.8,34,1.0,71,1.0,50,37,0.0,49.379876796714576
Maria Rios,65.0,125.0,72.0,2.93,34,4.13,56,2.0,50,100,0.0,43.26899383983573
Rafael Rios,70.0,150.0,72.0,0.0,0,0.0,0,0.0,0,0,0.0,39.59753593429158
Jonathan Rivera,70.0,155.0,72.0,4.36,49,3.9,60,0.0,0,0,0.0,39.59753593429158
Mario Rivera,70.0,170.0,72.0,0.0,0,8.41,20,0.0,0,0,0.0,39.59753593429158
Francisco Rivera,68.0,135.0,70.0,4.07,41,3.16,68,1.01,63,68,0.6,44.91170431211499
Jimmie Rivera,64.0,135.0,68.0,4.03,40,3.9,60,0.88,27,92,0.1,37.18822724161533
Irwin Rivera,66.0,135.0,67.0,3.36,44,5.07,57,1.0,16,70,0.0,37.55783709787816
Jerome Rivera,70.0,125.0,72.0,3.21,33,2.6,51,0.0,0,40,0.0,31.37577002053388
Nicdali Rivera-Calanoc,63.0,105.0,72.0,1.82,20,2.42,78,0.0,0,0,0.0,41.23477070499658
Shannon Ritch,69.0,190.0,72.0,1.0,100,6.0,50,0.0,0,0,0.0,55.94250513347023
Dante Rivera,73.0,185.0,72.0,2.27,53,4.0,25,0.0,0,16,0.0,51.74537987679671
Diego Rivas,68.0,145.0,69.0,1.37,40,2.14,52,1.79,60,64,0.9,34.81998631074607
Jorge Rivera,73.0,185.0,73.0,3.16,48,2.64,54,0.84,50,63,0.1,54.521560574948666
Kali Robbins,63.0,115.0,63.0,3.73,46,9.4,44,2.0,33,0,0.0,42.171115674195754
Theo Rlayang,67.0,145.0,65.0,5.93,48,8.4,40,2.0,40,0,0.0,32.07392197125257
Patrick Rivera,70.0,170.0,72.0,0.0,0,0.0,0,0.0,0,0,0.0,34.53251197809719
Pedro Rizzo,73.0,241.0,72.0,1.93,34,3.02,50,0.26,28,78,0.0,52.34496919917864
Joey Roberts,74.0,200.0,72.0,0.0,0,0.0,0,0.0,0,0,0.0,48.818617385352496
Justin Robbins,65.0,135.0,72.0,0.67,37,3.2,47,0.0,0,0,0.0,46.105407255304584
Tyrone Roberts,69.0,185.0,72.0,0.0,0,0.0,0,0.0,0,0,0.0,54.14647501711157
Ryan Roberts,66.0,155.0,72.0,0.0,0,22.5,45,0.0,0,0,0.0,48.14236824093087
Buddy Roberts,74.0,185.0,72.0,2.17,34,2.08,70,0.0,0,76,0.7,43.88774811772758
Daniel Roberts,70.0,170.0,74.0,0.73,20,2.27,46,2.46,44,40,2.5,46.08624229979466
David Roberts,73.0,170.0,72.0,0.0,0,0.0,0,0.0,0,0,0.0,50.809034907597535
Andre Roberts,74.0,345.0,72.0,0.0,0,0.0,0,0.0,0,0,0.0,61.530458590006845
Karl Roberson,73.0,205.0,74.0,2.57,51,2.42,57,0.72,40,40,0.5,35.9233401779603
Danny Roberts,73.0,170.0,74.0,3.18,39,3.73,50,0.24,9,57,0.2,39.148528405201915
Taylor Roberts,71.0,170.0,72.0,0.0,0,0.0,0,0.0,0,0,0.0,39.59753593429158
Kenny Robertson,70.0,170.0,74.0,3.72,47,3.02,52,1.37,26,57,0.8,42.559890485968516
Roosevelt Roberts,74.0,155.0,73.0,2.84,43,3.1,52,1.18,26,50,0.7,32.56673511293634
Chad Robichaux,64.0,135.0,72.0,0.0,0,0.0,0,0.0,0,0,0.0,51.05270362765229
Damonte Robinson,72.0,155.0,77.0,0.0,0,0.0,0,0.0,0,0,0.0,31.241615331964407
Colin Robinson,76.0,243.0,72.0,6.19,69,7.91,37,2.58,100,50,5.2,57.7741273100616
Alvin Robinson,69.0,155.0,68.0,1.57,50,1.29,51,1.24,50,25,1.2,44.14236824093087
Mark Robinson,72.0,265.0,72.0,0.0,0,5.8,13,0.0,0,0,0.0,39.59753593429158
Gillian Robertson,65.0,115.0,63.0,2.71,48,2.86,56,2.76,40,38,0.9,31.307323750855577
Carlos Eduardo Rocha,70.0,170.0,73.0,1.24,34,1.85,55,0.0,0,52,1.4,45.152635181382614
Pedro Rocha,70.0,155.0,72.0,0.0,0,0.0,0,0.0,0,0,0.0,39.59753593429158
Lucas Rocha,63.0,125.0,64.0,5.09,49,3.67,56,1.64,75,76,0.0,26.067077344284737
Vagner Rocha,70.0,155.0,73.0,2.64,42,4.5,48,1.4,33,50,1.9,44.251882272416154
Shem Rock,71.0,155.0,73.0,3.03,39,4.4,49,1.0,13,88,0.0,32.83504449007529
Keith Rockel,72.0,185.0,72.0,1.13,73,0.21,66,4.63,75,100,4.6,61.02395619438741
Paul Rodriguez,67.0,155.0,72.0,0.84,100,1.68,68,0.0,0,50,0.0,51.304585900068446
Levi Rodrigues Jr.,72.0,205.0,76.0,2.6,50,4.6,29,0.0,0,57,0.0,29.89185489390828
Gregory Rodrigues,75.0,185.0,75.0,5.53,51,4.78,50,1.9,34,75,0.4,34.55167693360712
Ricco Rodriguez,76.0,265.0,72.0,1.85,51,1.15,61,2.3,39,40,1.0,49.04859685147159
Manuel Rodriguez,69.0,170.0,72.0,0.81,33,3.23,38,9.09,75,0,0.0,41.36618754277892
Kevin Roddy,71.0,145.0,72.0,2.64,30,2.38,60,0.0,0,50,0.0,39.59753593429158
Douglas Henry Rodrigues,70.0,185.0,72.0,0.0,0,0.0,0,0.0,0,0,0.0,27.64681724845996
Modestino Rodrigues,70.0,185.0,72.0,0.0,0,0.0,0,0.0,0,0,0.0,22.910335386721425
Kleydson Rodrigues,65.0,135.0,67.0,4.58,57,2.29,53,0.6,22,53,0.6,30.874743326488705
Luke Rockhold,75.0,185.0,77.0,4.1,49,2.68,53,0.7,29,65,1.0,41.88637919233402
Mike Rodriguez,76.0,205.0,82.0,4.35,53,4.24,41,0.0,0,37,0.0,37.77138945927447
Daniel Rodriguez,73.0,170.0,74.0,7.19,49,5.44,57,0.51,50,64,0.1,39.68240930869268
Drako Rodriguez,68.0,135.0,69.0,3.37,36,4.4,58,2.93,66,75,0.7,30.223134839151268
Ronaldo Rodriguez,66.0,125.0,65.0,2.71,43,3.8,44,1.09,36,64,0.8,27.3347022587269
Ray Rodriguez,67.0,135.0,70.0,0.9,27,3.89,40,1.42,50,44,0.0,38.74058863791923
Yair Rodriguez,71.0,145.0,71.0,4.65,46,3.78,52,0.71,29,59,0.6,33.91649555099247
Marina Rodriguez,66.0,115.0,65.0,4.51,46,3.01,55,0.27,50,61,0.3,39.356605065023956
Christian Rodriguez,67.0,145.0,71.0,3.9,50,2.94,56,1.81,40,67,1.1,28.720054757015742
Piera Rodriguez,63.0,115.0,63.0,4.04,46,3.13,53,4.04,50,81,0.0,33.817932922655714
Victor Rodriguez,65.0,125.0,67.0,1.59,37,6.11,50,0.0,0,0,0.0,34.001368925393564
Pete Rogers Jr.,72.0,145.0,72.0,0.66,15,1.71,65,0.0,0,0,0.0,39.59753593429158
Brian Rogers,71.0,185.0,72.0,4.79,38,5.76,58,1.22,50,100,0.6,42.55715263518138
Imanol Rodriguez,64.0,125.0,64.0,5.71,55,2.42,58,1.3,33,0,0.0,26.809034907597535
Nick Roehrick,74.0,205.0,72.0,2.31,17,6.92,44,0.0,0,0,0.0,39.17043121149897
Pete Rodriguez,69.0,170.0,71.0,9.28,43,12.83,42,0.0,0,100,0.0,29.812457221081452
Brett Rogers,77.0,265.0,81.0,3.17,44,3.2,46,0.0,0,58,0.0,45.549623545516766
Yoel Romero,72.0,185.0,73.0,3.44,49,3.05,60,1.57,30,78,0.0,49.35249828884326
Marcos Rogerio de Lima,73.0,253.0,75.0,3.7,57,2.9,51,1.4,45,59,0.5,41.19917864476386
Jared Rollins,69.0,170.0,72.0,3.33,57,2.41,39,2.5,50,50,1.2,49.609856262833674
Kaleio Romero,70.0,145.0,69.0,2.6,48,3.27,50,1.0,8,0,1.0,30.38193018480493
Max Rohskopf,73.0,155.0,71.0,1.7,31,5.8,42,3.0,33,0,1.5,31.942505133470227
Ricardo Romero,72.0,205.0,76.0,2.17,55,4.77,46,1.63,10,100,3.3,48.394250513347025
Marcelo Rojo,68.0,145.0,71.0,4.92,39,6.42,55,0.46,50,66,0.0,38.17932922655715
Roberto Romero,68.0,145.0,70.0,4.56,49,6.44,44,0.0,0,71,0.0,26.600958247775495
Tim Roman,73.0,170.0,72.0,0.6,40,2.4,40,1.0,100,16,0.0,41.24572210814511
Alexandr Romanov,74.0,262.0,75.0,3.78,51,2.13,54,4.49,55,28,0.9,35.73716632443532
Shane Roller,70.0,155.0,72.0,2.04,34,2.65,60,2.46,33,42,1.9,47.148528405201915
Joao Roque,66.0,155.0,72.0,0.0,0,0.0,0,0.0,0,0,0.0,55.12662559890486
Juancamilo Ronderos,63.0,125.0,64.0,2.18,30,2.18,63,2.72,33,0,0.0,31.550992470910334
Cortavious Romious,64.0,135.0,68.0,1.91,38,3.46,39,2.29,66,64,0.8,32.6652977412731
Jesse Ronson,70.0,155.0,70.0,3.54,47,3.39,57,0.46,28,57,0.5,40.70088980150582
Rongzhu,69.0,155.0,70.0,6.05,51,5.38,53,1.34,62,84,0.1,26.49965776865161
Mara Romero Borella,66.0,125.0,69.0,2.54,37,2.48,71,1.83,44,66,0.2,40.26009582477755
George Roop,73.0,135.0,72.0,3.43,34,2.47,60,1.05,57,59,0.1,44.82135523613963
Anthony Romero,71.0,155.0,70.0,5.87,52,4.0,65,2.0,22,100,0.0,29.527720739219713
Aaron Rosa,76.0,205.0,77.0,4.03,47,4.41,45,0.36,33,85,0.4,43.27720739219713
Karol Rosa,65.0,135.0,67.0,5.47,55,4.28,49,1.08,48,72,0.1,31.685147159479808
Charles Rosa,69.0,145.0,69.0,3.08,36,3.86,47,1.67,35,38,1.0,40.035592060232716
Jacob Rosales,71.0,155.0,74.0,7.19,46,10.66,44,1.12,18,50,0.6,31.110198494182068
Jessie Rosas,67.0,135.0,68.0,0.0,0,0.0,0,0.0,0,0,0.0,23.756331279945243
Hilarie Rose,63.0,115.0,63.0,2.33,33,6.13,44,0.0,0,100,0.0,33.817932922655714
Jake Rosholt,73.0,185.0,72.0,2.68,53,2.33,49,6.51,68,0,1.8,44.57221081451061
Jared Rosholt,74.0,265.0,75.0,2.08,46,1.52,59,1.83,41,66,0.1,40.09034907597536
Zach Rosol,70.0,243.0,72.0,0.0,0,14.21,25,0.0,0,0,0.0,39.59753593429158
Nick Rossborough,77.0,205.0,72.0,2.8,35,4.33,35,0.0,0,100,0.0,44.799452429842574
Kevin Rosier,76.0,275.0,72.0,0.0,0,0.0,0,0.0,0,0,0.0,39.59753593429158
Shannon Ross,66.0,125.0,66.0,5.96,39,7.39,55,0.0,0,100,0.0,37.319644079397676
Raul Rosas Jr.,69.0,135.0,67.0,1.34,42,1.24,52,6.1,54,25,0.9,21.911019849418206
Kristian Rothaermel,72.0,205.0,72.0,0.75,50,2.49,41,0.0,0,0,0.0,54.59822039698837
Rick Roufus,72.0,207.0,72.0,0.53,33,1.06,33,0.0,0,50,0.0,60.26009582477755
Kain Royer,70.0,185.0,72.0,0.0,0,1.63,14,0.0,0,0,4.1,39.59753593429158
Ronda Rousey,67.0,135.0,66.0,4.17,52,4.14,44,6.26,68,50,4.8,39.59479808350445
Ben Rothwell,76.0,265.0,78.0,3.71,42,4.63,47,0.68,34,70,0.4,44.8870636550308
Brad Royster,70.0,135.0,72.0,0.0,0,0.0,0,0.0,0,0,0.0,39.59753593429158
Khalil Rountree Jr.,73.0,205.0,76.0,3.88,40,4.33,49,0.0,0,58,0.1,36.525667351129364
Brandon Royval,69.0,125.0,68.0,5.6,42,4.24,42,0.89,64,45,1.2,34.05612594113621
Roberta Rovel,68.0,145.0,72.0,0.87,46,3.0,26,0.0,0,100,0.0,39.59753593429158
Ray Routh,68.0,185.0,72.0,0.54,21,3.22,28,2.69,33,0,0.0,39.59753593429158
Cam Rowston,75.0,185.0,78.0,4.6,48,2.12,52,1.34,44,33,0.3,31.630390143737166
Phil Rowe,75.0,170.0,80.0,3.51,49,4.15,50,0.46,36,53,0.2,36.1368925393566
Jairzinho Rozenstruik,74.0,242.0,78.0,3.48,48,2.63,52,0.0,0,72,0.0,38.47227926078029
Rodrigo Ruas,70.0,185.0,72.0,1.28,35,7.0,41,0.0,0,0,0.0,48.917180013689254
Robert Ruchala,68.0,145.0,72.0,3.37,34,5.2,45,1.0,22,71,0.0,28.31211498973306
Marco Ruas,73.0,210.0,72.0,0.0,0,0.0,0,0.0,0,0,0.0,65.61806981519507
Murilo Rua,71.0,185.0,72.0,2.48,45,1.85,53,1.97,45,37,1.2,46.29158110882957
Mauricio Rua,73.0,205.0,76.0,3.57,50,2.79,54,2.01,48,49,0.7,44.780287474332646
Gabe Ruediger,70.0,155.0,72.0,1.7,31,5.16,41,2.04,11,28,0.0,49.021218343600275
Rodolfo Rubio Perez,65.0,145.0,72.0,1.13,36,1.0,62,2.0,33,33,0.0,39.60301163586585
Mauricio Ruffy,71.0,155.0,75.0,4.19,57,3.83,59,0.0,0,86,0.0,30.220396988364133
Paul Ruiz,66.0,135.0,72.0,1.4,33,1.4,75,0.0,0,100,20.9,39.20602327173169
Eddie Ruiz,67.0,155.0,72.0,0.2,25,1.4,47,2.0,12,0,0.0,59.24161533196441
Anthony Ruiz,74.0,205.0,72.0,2.56,64,1.67,28,1.43,31,21,0.0,48.84052019164955
Mike Russow,73.0,255.0,73.0,1.55,47,2.9,59,4.66,43,0,0.7,49.98494182067078
Montserrat Conejo Ruiz,60.0,115.0,61.0,2.21,29,6.19,44,1.75,50,44,0.6,33.58795345653662
Bas Rutten,73.0,205.0,72.0,5.59,61,2.06,79,0.0,0,0,0.0,61.530458590006845
Casey Ryan,70.0,185.0,72.0,0.0,0,0.0,0,0.0,0,0,0.0,39.19507186858316
Takeru Uchida,67.0,125.0,68.0,0.42,40,0.63,25,3.17,20,0,6.3,23.93429158110883
Alberto Uda,75.0,185.0,72.0,1.79,52,3.49,45,2.83,50,66,0.0,42.078028747433265
Ryuki Ueyama,71.0,180.0,72.0,0.13,21,1.4,46,0.5,100,0,1.5,50.38740588637919
Andy Uhrich,72.0,170.0,72.0,0.0,0,0.0,0,0.0,0,0,0.0,39.59753593429158
Christian Uflacker,71.0,170.0,72.0,0.0,0,0.0,0,0.0,0,0,0.0,41.08966461327858
Tagir Ulanbekov,67.0,125.0,70.0,3.01,48,3.44,50,2.73,39,63,1.5,35.082819986310746
Damian Rzepecki,70.0,155.0,71.0,1.07,25,4.93,43,1.0,14,66,0.0,24.78576317590691
Mashrabjon Ruzibaev,68.0,155.0,67.0,0.0,0,0.0,0,0.0,0,0,0.0,30.55441478439425
Raphael Uchegbu,69.0,135.0,73.0,2.46,48,2.85,50,1.48,16,0,0.0,31.058179329226558
Nursulton Ruziboev,77.0,185.0,76.0,2.38,46,2.68,49,1.36,80,33,0.3,32.79671457905544
Carlos Ulberg,76.0,205.0,77.0,6.57,55,4.03,51,0.53,60,85,0.2,35.83025325119781
Zach Underwood,74.0,185.0,72.0,0.0,0,0.0,0,0.0,0,0,0.0,39.59753593429158
Gasan Umalatov,71.0,170.0,71.0,2.23,39,4.1,59,0.75,17,90,0.0,43.98631074606434
Hector Urbina,71.0,170.0,73.0,0.97,38,2.44,39,0.0,0,38,3.8,38.97056810403833
Nick Urso,66.0,125.0,66.0,3.61,45,5.06,36,0.0,0,0,0.0,40.94455852156057
Gilbert Urbina,75.0,185.0,75.0,6.68,57,4.72,47,2.73,44,0,0.7,30.420260095824776
Jeremy Umphries,70.0,160.0,72.0,0.0,0,0.0,0,0.0,0,0,0.0,39.59753593429158
Logan Urban,72.0,170.0,72.0,2.55,66,16.6,27,0.0,0,0,0.0,32.375085557837096
Caol Uno,67.0,155.0,70.0,1.91,49,1.9,50,1.95,31,37,0.5,51.331964407939765
Elias Urbina,75.0,185.0,77.0,3.85,37,6.17,50,0.0,0,0,0.0,32.90896646132786
Kengo Ura,69.0,165.0,72.0,1.05,37,2.38,48,2.85,28,50,1.4,45.21286789869952
Sho Patrick Usami,69.0,155.0,70.0,0.0,0,0.0,0,0.0,0,0,0.0,26.32991101984942
Yasuhiro Urushitani,65.0,125.0,72.0,3.47,39,4.71,65,0.0,0,80,0.0,49.99315537303217
Guilherme Uriel,73.0,265.0,74.0,1.15,43,4.43,22,0.0,0,53,0.0,29.54688569472964
Mohammed Usman,74.0,239.0,79.0,3.85,39,4.27,51,0.56,14,66,0.0,37.43189596167009
Kamaru Usman,72.0,185.0,76.0,4.13,50,2.86,54,2.6,42,90,0.1,39.32375085557837
Rashid Vagabov,67.0,125.0,63.0,1.87,38,0.93,67,3.0,50,100,3.0,28.194387405886378
Darren Uyenoyama,66.0,125.0,65.0,1.34,39,2.21,66,1.42,33,35,0.7,46.893908281998634
Richie Vaculik,66.0,125.0,69.0,3.69,46,4.09,57,3.0,45,31,1.0,43.21697467488022
Abubakar Vagaev,71.0,170.0,73.0,1.8,38,2.2,60,4.0,40,71,0.0,33.39630390143737
Artem Vakhitov,73.0,205.0,75.0,3.88,85,0.68,80,0.0,0,100,0.0,35.42505133470226
Egidijus Valavicius,72.0,200.0,72.0,0.0,0,0.0,0,0.0,0,0,0.0,47.70431211498973
Genaro Valdez,69.0,155.0,72.0,4.08,30,7.16,48,1.54,44,36,0.4,34.639288158795345
Robert Valentin,74.0,185.0,77.0,1.15,54,2.37,32,1.01,66,52,2.5,31.43600273785079
Charlie Valencia,63.0,135.0,64.0,2.58,37,2.61,77,1.4,53,75,0.5,51.84941820670773
Ivan Valenzuela,74.0,185.0,77.0,0.0,0,9.6,33,0.0,0,0,0.0,33.80150581793292
Victor Valenzuela,70.0,155.0,72.0,1.28,100,2.55,0,0.0,0,0,0.0,39.59753593429158
Isaac Vallie-Flagg,68.0,155.0,70.0,5.56,47,5.6,45,0.2,12,58,0.0,48.41341546885695
Andrew Valladerez,70.0,135.0,72.0,0.0,0,0.0,0,0.0,0,0,0.0,39.19233401779603
Ron van Clief,70.0,190.0,72.0,0.0,0,0.0,0,0.0,0,0,0.0,83.61396303901438
Kevin Vallejos,67.0,145.0,68.0,6.12,48,4.41,57,0.66,28,84,0.0,24.744695414099933
Lloyd Van Dams,73.0,240.0,72.0,0.0,0,3.01,15,0.0,0,0,0.0,54.50513347022587
Timur Valiev,66.0,135.0,67.0,5.19,53,3.33,45,1.73,40,55,0.3,36.629705681040384
Victor Valimaki,72.0,205.0,72.0,3.94,30,2.99,67,0.9,14,0,0.0,44.720054757015745
Alain Van der Merckt,70.0,185.0,72.0,0.0,0,0.0,0,0.0,0,0,0.0,33.23750855578371
Joshua Van,65.0,125.0,65.0,8.43,57,5.82,58,0.82,61,75,0.2,24.906228610540726
Matt Van Buren,77.0,205.0,72.0,7.73,45,6.82,49,0.0,0,50,0.0,40.23545516769336
Mike van Arsdale,74.0,205.0,72.0,1.52,41,1.91,41,1.06,14,37,0.0,61.21286789869952
Austin Vanderford,71.0,170.0,74.0,3.04,59,2.71,48,3.08,35,100,1.2,36.46269678302532
Paul Varelans,80.0,300.0,72.0,0.0,0,0.0,0,0.0,0,0,0.0,56.969199178644764
Lando Vannata,69.0,155.0,71.0,4.52,45,4.71,54,1.24,36,66,0.3,34.48049281314169
Jared Vanderaa,76.0,265.0,80.0,4.96,44,5.67,45,0.18,50,20,0.0,34.31895961670089
Cameron VanCamp,74.0,155.0,74.0,5.31,47,6.41,40,0.0,0,0,0.0,33.360711841204655
Chad Vance,72.0,185.0,72.0,0.0,0,0.0,0,0.0,0,0,0.0,39.59753593429158
Paige VanZant,64.0,115.0,65.0,3.35,52,2.62,42,1.27,33,34,1.0,32.44900752908966
Kazula Vargas,68.0,155.0,71.0,3.65,53,1.77,57,0.4,25,30,0.4,41.059548254620125
Guilherme Vasconcelos,72.0,185.0,72.0,3.27,29,4.4,70,0.0,0,0,0.0,40.45722108145106
Linton Vassell,76.0,205.0,72.0,3.39,37,2.13,54,2.46,50,50,0.0,43.26078028747433
Billy Vaughan,66.0,155.0,72.0,0.0,0,1.36,50,0.0,0,0,0.0,42.76249144421629
Jamie Varner,68.0,155.0,71.0,2.92,34,2.55,58,3.49,53,66,0.8,41.90006844626968
Yuri Vaulin,76.0,197.0,72.0,0.0,0,0.0,0,0.0,0,0,0.0,62.98151950718686
Gianni Vazquez,67.0,135.0,71.0,1.71,23,3.91,43,0.0,0,62,1.6,32.139630390143736
Manny Vazquez,70.0,125.0,72.0,1.47,41,2.67,48,1.0,33,0,1.0,32.79671457905544
Javier Vazquez,67.0,145.0,69.0,2.43,36,1.99,72,2.56,52,57,1.5,49.14168377823409
Matt Veach,71.0,155.0,72.0,1.12,28,4.91,44,3.64,38,100,1.5,45.267624914442166
Kelly Velasco,69.0,135.0,72.0,2.27,35,5.67,47,0.0,0,100,0.0,31.29637234770705
Greg Velasco,74.0,265.0,70.0,0.0,0,1.52,0,0.0,0,0,0.0,32.95277207392197
Joe Vedepo,72.0,185.0,72.0,1.43,42,5.71,38,1.07,20,0,0.0,43.67967145790554
Cain Velasquez,73.0,240.0,77.0,6.37,57,2.33,57,5.13,45,85,0.4,44.10951403148528
David Velasquez,65.0,145.0,72.0,0.0,0,0.0,0,0.0,0,0,0.0,59.88227241615332
Karlos Vemola,72.0,185.0,75.0,1.67,44,2.13,37,1.93,25,31,1.7,41.177275838466805
Bojan Velickovic,72.0,170.0,76.0,2.18,34,2.31,57,0.67,25,55,0.5,37.71663244353183
Scott Ventimiglia,71.0,185.0,72.0,0.0,0,0.0,0,0.0,0,0,0.0,53.80150581793292
Jerrel Venetiaan,73.0,195.0,72.0,0.81,33,1.51,67,0.0,0,60,0.0,55.49623545516769
Luigi Vendramini,68.0,155.0,73.0,2.82,40,3.82,57,1.11,15,100,0.6,30.639288158795345
Kerry Vera,67.0,135.0,72.0,0.0,0,0.0,0,0.0,0,0,0.0,39.59753593429158
Brandon Vera,75.0,230.0,78.0,3.03,56,2.81,52,0.7,53,59,0.2,48.90622861054072
Carlos Vera,66.0,135.0,69.0,1.53,57,2.79,49,0.0,0,25,1.6,38.836413415468854
Rodrigo Vera,68.0,145.0,68.0,9.27,58,3.82,50,8.18,100,0,0.0,30.885694729637233
Marlon Vera,68.0,135.0,70.0,4.18,47,5.34,50,0.47,39,71,0.8,33.76043805612594
Bryan Vetell,75.0,265.0,72.0,2.74,60,2.13,41,0.0,0,0,0.0,49.11430527036276
Guilherme Viana,76.0,205.0,72.0,2.92,40,2.72,59,1.2,66,77,0.0,39.59753593429158
Hugo Viana,66.0,135.0,67.0,3.05,38,3.2,57,0.22,6,50,0.0,43.945242984257355
Renato Verissimo,73.0,170.0,72.0,0.92,48,1.87,47,1.46,30,50,2.5,53.09240246406571
Marvin Vettori,72.0,185.0,74.0,4.74,45,4.55,56,1.41,43,68,0.4,32.96098562628337
Isis Verbeek,64.0,115.0,64.0,3.13,43,3.53,53,0.0,0,66,0.0,31.64955509924709
Ernie Verdicia,71.0,199.0,72.0,0.0,0,0.0,0,0.0,0,0,0.0,39.59753593429158
Nikolay Veretennikov,73.0,170.0,74.0,2.74,56,3.43,47,0.4,16,62,0.4,36.70636550308008
Joe Veres,67.0,155.0,72.0,0.0,0,5.55,27,0.0,0,0,0.0,48.824093086926766
CJ Vergara,66.0,125.0,68.0,5.02,56,4.69,53,0.0,0,60,0.2,35.219712525667354
Polyana Viana,65.0,115.0,67.0,2.82,40,2.74,52,0.67,33,33,1.5,34.22861054072553
Vitor Vianna,70.0,205.0,72.0,3.1,30,8.28,52,0.0,0,0,0.0,46.76249144421629
Reginaldo Vieira,67.0,135.0,65.0,3.76,40,2.89,59,1.97,27,25,0.8,43.7782340862423
Freddy Vidal,75.0,205.0,80.0,2.7,66,2.65,26,0.0,0,60,0.8,32.336755646817245
Milton Vieira,72.0,145.0,72.0,1.13,35,2.36,48,2.67,53,12,0.7,47.9233401779603
Ketlen Vieira,68.0,135.0,68.0,2.71,40,3.73,50,1.31,42,90,0.5,35.030800821355236
Alejandro Villalobos,67.0,145.0,72.0,3.93,46,4.07,67,1.0,50,0,0.0,46.86379192334018
DeMarco Villalona,69.0,185.0,72.0,0.0,0,0.0,0,0.0,0,0,0.0,39.59753593429158
Steve Vigneault,70.0,185.0,72.0,2.19,28,5.75,44,0.0,0,100,0.0,48.558521560574945
Rodolfo Vieira,72.0,185.0,73.0,3.43,54,4.28,49,2.87,22,60,0.9,36.94729637234771
Tamires Vidal,66.0,135.0,68.0,2.91,53,4.46,49,0.0,0,35,0.7,28.112251882272417
James Vick,75.0,155.0,76.0,4.13,39,3.31,60,0.26,33,57,0.7,39.53456536618754
Ruben Villareal,76.0,265.0,72.0,5.18,53,4.86,35,0.0,0,0,0.0,56.35044490075291
Armando Villarreal,67.0,135.0,66.0,3.23,55,4.3,52,3.23,25,0,0.0,37.07871321013005
Pablo Villaseca,67.0,155.0,72.0,2.79,42,3.25,65,2.5,50,33,0.0,39.611225188227245
Yuri Villefort,72.0,170.0,73.0,3.18,43,5.42,55,2.0,35,40,0.3,35.45790554414784
Ike Villanueva,73.0,205.0,73.0,3.66,38,7.24,36,0.6,50,100,0.0,42.42299794661191
Gian Villante,75.0,230.0,76.0,4.38,44,5.47,55,0.45,23,83,0.0,41.05133470225873
Danillo Villefort,73.0,185.0,72.0,2.86,37,2.4,68,1.71,66,33,1.7,43.331964407939765
Joey Villasenor,72.0,185.0,72.0,2.05,38,3.26,52,0.71,40,53,1.1,50.888432580424364
Treston Vines,73.0,185.0,79.0,0.0,0,3.56,50,0.0,0,0,0.0,30.217659137577
Brandon Visher,66.0,135.0,68.0,2.55,45,3.76,42,0.67,20,0,0.0,42.33538672142368
Marcos Vinicius,69.0,125.0,72.0,1.93,49,2.91,47,0.0,0,25,0.5,46.75427789185489
Falaniko Vitale,70.0,185.0,72.0,1.88,49,3.68,47,0.72,33,86,0.0,52.14784394250513
Danylo Voievodkin,76.0,265.0,78.0,9.86,46,0.0,100,0.0,0,0,12.3,26.132785763175907
Mateo Vogel,68.0,145.0,71.0,4.47,46,2.87,65,1.0,16,0,0.0,30.50513347022587
Cheyanne Vlismas,63.0,115.0,63.0,4.93,50,2.57,64,0.25,33,66,0.2,31.200547570157426
Bobby Voelker,72.0,170.0,74.0,4.01,35,5.84,42,1.04,50,66,0.0,47.36481861738535
Alexander Volkanovski,66.0,145.0,71.0,5.99,57,3.31,58,1.63,34,68,0.2,37.935660506502394
Jordan Vucenic,70.0,155.0,73.0,2.11,45,1.9,58,0.63,14,44,0.0,30.51334702258727
Mark Vologdin,63.0,135.0,65.0,5.56,45,7.93,45,1.33,26,50,0.0,26.38466803559206
Jason Von Flue,72.0,170.0,72.0,1.89,36,3.23,52,0.62,16,58,1.5,51.09924709103354
Jacob Volkmann,69.0,155.0,71.0,1.19,34,1.78,52,3.19,48,52,2.0,46.001368925393564
Alexander Volkov,79.0,250.0,80.0,4.84,57,2.9,54,0.54,62,68,0.2,37.86721423682409
Taiyilake Nueraji,74.0,155.0,75.0,9.82,53,5.01,58,1.47,33,100,0.0,25.648186173853524
Tatsuro Taira,67.0,125.0,70.0,2.87,54,3.1,44,3.57,43,46,1.3,26.60917180013689
Milco Voorn,70.0,220.0,72.0,0.0,0,0.0,100,0.0,0,0,0.0,39.59753593429158
Justin Tafa,72.0,264.0,74.0,4.05,54,5.11,47,0.0,0,53,0.0,32.73100616016427
Mark Vorgeas,70.0,135.0,72.0,3.87,32,4.19,51,0.0,0,50,0.8,39.59753593429158
Junior Tafa,75.0,205.0,75.0,3.53,52,2.7,52,0.0,0,72,0.0,29.95756331279945
Osamu Tachihikari,77.0,300.0,72.0,0.0,0,0.0,0,0.0,0,0,0.0,62.98425735797399
Igor Vovchanchyn,68.0,205.0,72.0,1.59,49,0.97,63,1.19,66,50,0.5,53.08418891170431
Joe Taimanglo,64.0,135.0,72.0,4.18,42,4.55,59,5.45,40,100,1.4,42.19301848049281
Amber Tackett,70.0,115.0,72.0,0.0,0,0.0,0,0.0,0,0,0.0,39.59753593429158
Eugenio Tadeu,68.0,160.0,72.0,0.0,0,0.0,0,0.0,0,0,0.0,63.05544147843943
Albert Tadevosyan,70.0,170.0,72.0,0.0,0,0.0,0,0.0,0,0,0.0,34.40109514031485
Ryo Tajima,68.0,135.0,71.0,3.13,39,4.27,62,3.0,42,60,0.0,27.06365503080082
Khalid Taha,65.0,135.0,69.0,2.64,32,4.12,46,0.0,0,61,0.2,34.55715263518138
Yoshiki Takahashi,71.0,199.0,72.0,2.26,51,6.47,44,0.0,0,66,2.3,57.4839151266256
Mairbek Taisumov,69.0,155.0,73.0,2.98,39,3.03,64,1.34,63,88,0.0,38.078028747433265
Nobuhiko Takada,72.0,220.0,72.0,0.31,24,1.92,39,1.15,20,0,0.0,64.40246406570841
Yoko Takahashi,68.0,150.0,72.0,5.11,54,8.78,48,0.0,0,0,0.0,53.379876796714576
Daiju Takase,72.0,170.0,72.0,0.49,30,1.64,47,0.84,17,21,1.2,48.380561259411365
Hiroyuki Takaya,66.0,139.0,72.0,3.18,33,3.16,60,0.9,45,66,0.0,49.24024640657084
Murtaza Talha,72.0,205.0,74.0,4.29,57,7.09,31,0.0,0,100,0.0,30.157426420260094
Tsuyoshi Tamakairiki,72.0,220.0,72.0,0.0,0,26.67,50,0.0,0,0,0.0,60.14236824093087
Makoto Takimoto,67.0,205.0,72.0,1.37,39,1.71,55,1.48,50,25,1.1,46.7460643394935
Payton Talbott,70.0,135.0,70.0,6.62,56,3.41,46,0.78,44,77,0.2,27.991786447638603
Eli Tamez,67.0,135.0,72.0,0.0,0,0.0,0,0.0,0,0,0.0,41.040383299110196
Issei Tamura,65.0,135.0,63.0,1.89,53,4.58,44,0.92,25,33,0.0,42.48596851471595
Yoshihiro Takayama,77.0,280.0,72.0,3.4,54,5.69,29,0.67,33,55,0.0,57.96303901437371
Oleg Taktarov,72.0,210.0,72.0,0.0,0,0.0,0,0.0,0,0,0.0,59.030800821355236
Nordine Taleb,73.0,170.0,74.0,3.66,51,2.62,66,1.94,76,73,0.0,45.24024640657084
Jason Tan,70.0,170.0,72.0,0.69,29,7.37,18,0.0,0,0,0.0,44.720054757015745
Akitoshi Tamura,69.0,135.0,70.0,3.73,43,1.94,78,0.0,0,20,1.0,46.26694045174538
Kiyoshi Tamura,71.0,185.0,72.0,2.44,53,1.44,60,0.58,60,45,0.2,56.720054757015745
Akihito Tanaka,70.0,155.0,72.0,0.19,50,2.05,38,5.59,66,0,0.0,43.49623545516769
Manny Tapia,65.0,135.0,67.0,2.69,21,4.74,58,0.49,40,66,0.2,45.48117727583847
Otari Tanzilovi,69.0,145.0,70.0,4.2,68,4.2,49,4.5,36,85,0.0,28.410677618069816
Kasey Tanner,67.0,135.0,69.0,6.6,50,6.67,63,2.0,33,0,0.0,34.652977412731005
Michinori Tanaka,65.0,135.0,67.0,1.97,37,1.99,50,2.4,38,43,0.2,35.9233401779603
Evan Tanner,72.0,185.0,74.0,3.05,59,2.64,56,2.55,43,25,1.3,55.56741957563313
Gary Tapusoa,67.0,185.0,72.0,0.0,0,0.0,0,0.0,0,0,0.0,47.011635865845314
Regina Tarin,67.0,125.0,66.0,7.6,47,7.0,57,1.0,33,50,0.0,21.880903490759753
Aaron Tau,64.0,125.0,66.0,4.85,44,5.0,60,0.89,18,64,0.0,33.04312114989733
Miesha Tate,66.0,135.0,65.0,2.62,44,3.05,51,1.97,30,56,1.2,40.05201916495551
Deividas Taurosevicius,69.0,145.0,68.0,2.13,43,1.82,59,2.0,28,50,0.3,49.02395619438741
Anthony Taylor,67.0,145.0,72.0,0.0,0,0.0,0,0.0,0,0,0.0,39.59753593429158
Ewerton Teixeira,73.0,242.0,72.0,2.0,39,3.22,35,0.0,0,33,0.0,44.56125941136208
J.T Taylor,70.0,155.0,72.0,3.17,80,3.7,26,3.96,100,0,7.9,39.59753593429158
Jeremy Tavares,70.0,135.0,72.0,0.0,0,0.0,0,0.0,0,0,0.0,39.59753593429158
Ramon Taveras,68.0,145.0,70.0,4.07,43,6.45,54,0.0,0,72,0.0,32.6570841889117
Brad Tavares,73.0,185.0,74.0,3.41,43,3.32,54,0.7,26,80,0.0,38.71047227926078
Thiago Tavares,67.0,145.0,70.0,2.0,40,2.31,62,3.83,42,62,1.5,41.82614647501711
Torrance Taylor,67.0,155.0,72.0,0.0,0,0.0,0,0.0,0,0,0.0,38.90485968514716
Louis Taylor,71.0,185.0,72.0,2.06,32,1.24,68,2.48,28,100,0.0,47.32101300479124
Cam Teague,70.0,145.0,69.0,5.7,28,18.44,32,0.0,0,0,0.0,28.56125941136208
Jesse Taylor,72.0,170.0,73.0,1.94,65,0.55,38,7.28,50,100,3.1,43.676933607118414
James Te Huna,74.0,185.0,75.0,4.04,51,2.99,62,2.75,37,58,0.2,44.936344969199176
Paul Taylor,72.0,155.0,72.0,4.44,47,4.47,55,0.27,25,56,0.5,46.72689938398357
Shawn Teed,77.0,265.0,72.0,1.4,42,13.31,21,0.0,0,0,0.0,34.562628336755644
Danielle Taylor,60.0,115.0,60.0,2.75,29,3.31,71,0.2,20,70,0.2,36.865160848733744
Glover Teixeira,74.0,205.0,76.0,3.73,49,4.43,51,2.11,33,60,0.9,46.85831622176591
John Teixeira,67.0,145.0,72.0,3.36,35,3.2,63,1.0,27,71,0.7,39.800136892539356
Ramazan Temirov,64.0,125.0,63.0,4.73,41,3.65,62,0.68,50,100,0.0,29.596167008898014
Herman Terrado,70.0,170.0,72.0,0.0,0,0.0,0,0.0,0,0,0.0,36.941820670773446
Tallison Teixeira,79.0,258.0,83.0,4.85,62,4.1,41,2.4,30,0,0.0,26.748802190280628
Tra Telligman,74.0,233.0,72.0,1.83,35,3.02,56,0.87,100,80,0.0,61.57700205338809
David Terrell,73.0,185.0,72.0,2.34,63,2.71,37,5.54,50,0,5.5,48.6570841889117
Jeff Terry,74.0,205.0,72.0,1.09,50,9.27,19,0.0,0,100,0.0,39.59753593429158
Dave Terrel,68.0,170.0,72.0,2.62,43,2.8,48,3.28,38,100,0.0,48.32580424366872
James Terry,70.0,170.0,72.0,3.23,32,4.77,64,3.31,36,75,0.0,45.4757015742642
David Teymur,69.0,155.0,73.0,4.69,43,3.53,55,0.94,33,77,0.0,37.34976043805612
Taneisha Tennant,67.0,145.0,70.0,5.67,55,3.4,71,0.0,0,100,0.0,37.22655715263518
Jason Thacker,70.0,185.0,72.0,0.63,33,17.05,32,0.0,0,0,0.0,51.05270362765229
Motonobu Tezuka,67.0,135.0,72.0,0.87,23,2.8,51,1.5,11,0,0.5,39.02258726899384
Alexia Thainara,64.0,115.0,67.0,4.8,47,2.76,55,3.95,53,100,1.4,30.795345653661876
Daniel Teymur,65.0,145.0,69.0,3.08,46,3.93,56,0.56,18,60,0.3,38.59000684462697
Brandon Thatch,74.0,170.0,74.0,2.7,42,3.63,52,1.36,66,50,0.7,41.15537303216975
Ryan Thomas,72.0,170.0,72.0,2.01,36,4.17,30,5.59,33,0,2.2,41.83436002737851
Nik Theotikos,70.0,185.0,72.0,0.0,0,5.48,19,0.0,0,0,4.8,39.59753593429158
Elias Theodorou,73.0,185.0,75.0,4.19,42,2.39,53,1.27,28,59,0.0,38.26694045174538
Treston Thomison,68.0,145.0,72.0,0.0,0,0.0,0,0.0,0,0,0.0,39.59753593429158
Noah Thomas,69.0,135.0,72.0,0.44,13,4.99,33,0.0,0,0,1.3,45.445585215605746
Colby Thicknesse,67.0,135.0,69.0,3.24,41,2.93,54,0.67,7,33,1.7,27.20602327173169
Din Thomas,69.0,155.0,72.0,1.85,37,2.6,59,1.38,52,76,1.2,49.93839835728953
Paulo Thiago,71.0,170.0,74.0,1.71,39,1.99,63,1.42,31,63,1.2,45.61259411362081
Joel Thomas,70.0,170.0,72.0,0.0,0,0.0,0,0.0,0,0,0.0,39.59753593429158
Oli Thompson,73.0,242.0,75.0,1.66,46,5.31,46,0.0,0,50,0.5,46.677618069815196
Nick Thompson,73.0,170.0,74.0,1.87,42,1.8,49,1.06,100,35,2.6,45.204654346338124
James Thompson,77.0,265.0,72.0,5.13,52,3.19,41,3.14,36,53,1.3,47.723477070499655
Stephen Thompson,72.0,170.0,75.0,4.05,46,3.0,54,0.23,35,63,0.0,43.56741957563313
Josh Thomson,70.0,155.0,71.0,2.59,47,2.12,64,1.92,39,54,1.3,47.95893223819302
Isaac Thomson,70.0,145.0,69.0,1.4,44,2.2,42,4.0,80,33,0.0,24.344969199178646
Simeon Thoresen,73.0,170.0,79.0,3.85,43,3.85,64,1.12,40,50,1.7,42.48049281314169
Josh Thornburg,72.0,170.0,72.0,1.2,50,3.13,38,2.0,66,42,2.0,42.286105407255306
Brett Tillis,70.0,145.0,72.0,0.0,0,0.0,0,0.0,0,0,0.0,39.59753593429158
Nolan Ticman,66.0,125.0,72.0,2.57,47,2.53,67,0.0,0,60,0.0,38.30527036276523
Rafael Tobias,74.0,205.0,74.0,2.77,36,5.81,35,2.4,33,100,1.6,23.46611909650924
Denis Tiuliulin,73.0,185.0,77.0,3.61,41,5.23,38,0.96,42,72,0.0,38.30527036276523
Darren Till,72.0,185.0,74.0,2.3,46,3.31,56,0.55,46,69,0.0,33.700205338809035
Chris Tickle,69.0,155.0,72.0,1.07,40,1.13,43,1.0,25,20,2.0,44.59411362080767
Ti Haitao,67.0,135.0,69.0,4.27,37,3.13,60,2.0,40,57,0.0,25.3305954825462
Gleison Tibau,70.0,155.0,71.0,1.95,31,2.51,63,4.08,53,92,0.8,42.91581108829569
Miguel Torres,69.0,135.0,76.0,3.98,43,1.86,74,0.0,0,17,1.6,45.63175906913073
Andrew Todhunter,72.0,185.0,72.0,0.0,0,0.0,0,0.0,0,0,0.0,38.76796714579056
Rio Tirto,64.0,125.0,66.0,0.0,0,2.11,69,0.0,0,0,0.0,26.573579739904176
Ryan Tobar,70.0,155.0,72.0,0.0,0,0.0,0,0.0,0,0,0.0,39.59753593429158
Hideo Tokoro,67.0,135.0,72.0,1.78,37,2.01,65,0.87,34,44,2.3,49.040383299110196
Tyler Toner,68.0,145.0,70.0,2.95,52,2.13,62,0.0,0,54,0.4,43.436002737850785
Tuco Tokkos,76.0,205.0,76.0,2.59,41,3.7,46,2.87,36,33,0.6,36.186173853524984
Dusko Todorovic,73.0,185.0,74.0,4.52,57,4.2,48,2.03,24,40,0.3,32.30116358658453
Anatoly Tokov,70.0,185.0,72.0,3.51,72,0.54,66,2.03,100,100,0.0,36.550308008213555
Anelya Toktogonova,62.0,115.0,63.0,1.16,50,2.03,39,0.0,0,10,2.2,21.097878165639973
Puja Tomar,61.0,115.0,59.0,5.27,49,5.42,46,0.0,0,75,0.0,32.75290896646133
Kazuki Tokudome,71.0,155.0,73.0,2.26,41,3.63,53,2.0,38,78,0.0,39.50992470910335
Masanori Tonooka,68.0,185.0,72.0,0.16,5,1.09,36,0.0,0,0,0.0,53.28405201916495
James Toney,69.0,220.0,72.0,0.0,0,2.41,27,0.0,0,0,0.0,58.03422313483915
Carl Toomey,70.0,155.0,72.0,0.0,0,0.0,0,0.0,0,0,0.0,54.47775496235455
Anthony Torres,68.0,170.0,72.0,3.54,48,7.52,45,0.0,0,100,2.2,48.101300479123886
Aleksandre Topuria,67.0,135.0,68.0,2.93,55,2.57,68,1.5,33,100,0.0,30.60643394934976
Ilia Topuria,67.0,155.0,69.0,4.82,50,3.97,62,1.73,57,95,0.9,29.623545516769337
Ronys Torres,67.0,155.0,72.0,0.87,26,1.93,57,4.0,47,16,0.5,51.06639288158795
Abram Torres,70.0,170.0,72.0,0.0,0,0.0,0,0.0,0,0,0.0,43.854893908282
Alex Torres,70.0,145.0,72.0,2.47,37,2.73,69,2.0,22,50,0.0,38.27241615331965
Minoru Toyonaga,71.0,195.0,72.0,0.0,0,0.0,0,0.0,0,0,0.0,48.23545516769336
Jose Torres,64.0,125.0,65.0,4.37,36,9.84,50,1.28,33,75,0.0,34.09445585215606
Salim Touahri,70.0,170.0,72.0,2.6,46,2.87,58,0.0,0,83,0.0,36.93908281998631
Dequan Townsend,75.0,205.0,79.0,1.23,34,3.92,38,0.0,0,46,0.0,40.323066392881586
Desmond Torres,66.0,135.0,69.0,4.8,64,11.78,48,0.0,0,100,0.0,29.66461327857632
Slim Trabelsi,75.0,235.0,72.0,0.0,0,0.0,0,0.0,0,0,0.0,33.327857631759066
Haven Torres,70.0,125.0,72.0,0.0,0,0.0,0,0.0,0,0,0.0,39.59753593429158
Manuel Torres,70.0,155.0,73.0,6.57,56,4.24,50,1.32,66,76,0.7,31.45242984257358
Taner Trembley,70.0,145.0,72.0,0.0,0,0.0,0,0.0,0,0,0.0,31.690622861054074
Justice Torres,67.0,145.0,66.0,0.79,22,8.29,53,5.92,50,0,0.0,28.88158795345654
Eduardo Torres Caut,67.0,135.0,70.0,1.1,34,1.24,65,2.06,33,50,0.0,31.364818617385353
Roberto Traven,75.0,227.0,72.0,0.92,50,2.77,57,0.0,0,0,0.0,57.97125256673511
Bryan Travers,70.0,155.0,72.0,2.33,48,3.93,55,2.0,28,63,0.0,43.40588637919233
Angelo Trevino,71.0,170.0,72.0,5.19,54,3.9,47,0.0,0,100,0.0,33.24024640657084
Alexander Trevino,70.0,170.0,72.0,0.0,0,0.0,0,0.0,0,0,0.0,39.59753593429158
Francisco Trevino,69.0,155.0,70.0,2.65,42,2.42,64,0.97,22,41,0.0,44.720054757015745
Michael Trizano,71.0,145.0,71.0,3.63,53,4.4,50,0.36,66,72,0.5,34.68309377138946
Damien Trites,71.0,165.0,72.0,0.0,0,0.0,0,0.0,0,0,0.0,47.03901437371663
Frank Trigg,69.0,170.0,71.0,2.79,46,1.9,56,2.35,47,75,0.8,54.332648870636554
Aaron Trujillo,65.0,125.0,72.0,0.0,0,0.0,0,0.0,0,0,0.0,39.59753593429158
Reynaldo Trujillo,69.0,155.0,72.0,0.0,0,0.0,0,0.0,0,0,0.0,44.67898699520876
Francisco Trinaldo,69.0,170.0,70.0,3.13,45,2.67,60,0.98,42,60,0.5,48.035592060232716
Alexander Trujillo,70.0,125.0,72.0,0.0,0,0.0,0,0.0,0,0,0.0,25.930184804928132
Tor Troeng,74.0,185.0,72.0,1.16,46,3.26,32,0.62,7,66,0.3,43.61396303901437
Antonio Trocoli,77.0,185.0,80.0,1.27,47,5.3,26,0.88,9,42,0.4,35.75085557837098
Abel Trujillo,68.0,155.0,70.0,2.65,41,2.31,59,2.18,45,40,0.4,42.9678302532512
Rei Tsuruya,66.0,125.0,68.0,2.4,53,1.91,43,5.03,37,50,2.0,24.20807665982204
Magomed Tuchalov,75.0,205.0,78.0,2.33,43,2.6,66,8.0,57,100,1.0,26.68583162217659
Arman Tsarukyan,67.0,155.0,72.0,3.85,50,1.8,54,3.26,37,75,0.1,29.90280629705681
Chris Tuchscherer,74.0,258.0,76.0,1.35,31,3.17,47,1.19,18,0,0.6,50.99520876112252
Jon Tuck,71.0,155.0,73.0,3.0,40,3.74,60,0.42,33,50,1.0,42.02327173169062
Gavin Tucker,66.0,145.0,66.0,4.29,44,4.18,57,3.13,44,53,1.5,40.2217659137577
Tom Tuggle,74.0,250.0,72.0,0.0,0,2.14,0,32.14,100,0,0.0,39.59753593429158
Blair Tugman,72.0,135.0,72.0,2.25,53,0.93,50,7.5,60,0,0.0,39.59753593429158
Nyamjargal Tumendemberel,67.0,125.0,71.0,2.72,42,2.47,53,3.37,50,56,2.1,28.459958932238195
Ricky Turcios,69.0,145.0,71.0,4.68,39,3.84,51,0.85,17,44,0.3,33.2539356605065
Tai Tuivasa,74.0,264.0,75.0,3.37,48,4.61,42,0.0,0,58,0.0,33.4757015742642
Teila Tuli,72.0,430.0,72.0,0.0,0,0.0,0,0.0,0,0,0.0,57.229295003422315
Marco Tulio,72.0,185.0,74.0,6.02,53,2.97,56,1.05,26,0,0.3,32.23271731690623
Jumabieke Tuerxun,67.0,135.0,72.0,1.6,28,3.08,59,0.47,11,66,0.9,40.388774811772755
Zubaira Tukhugov,68.0,155.0,68.0,3.17,39,3.07,63,2.13,39,100,0.0,35.6413415468857
Jalin Turner,75.0,155.0,77.0,5.79,48,4.54,41,0.75,55,75,1.1,31.304585900068446
Anton Turkalj,76.0,205.0,78.0,2.45,42,3.42,54,4.98,41,16,0.0,30.239561943874058
Albert Tumenov,71.0,170.0,73.0,3.76,42,3.34,58,0.2,20,75,0.0,34.69678302532512
James Wade,70.0,205.0,72.0,0.0,0,0.0,0,0.0,0,0,0.0,54.57631759069131
Donny Walker,69.0,135.0,72.0,1.81,37,3.85,46,0.0,0,57,1.7,46.672142368240934
Neil Wain,70.0,242.0,72.0,2.64,50,8.57,43,0.0,0,50,0.0,39.59753593429158
Andre Walker,71.0,205.0,72.0,2.28,31,4.36,34,0.0,0,0,0.0,53.78781656399726
Chase Waldon,73.0,185.0,75.0,1.03,28,6.72,38,7.76,33,0,0.0,39.964407939767284
Herschel Walker,73.0,215.0,72.0,3.42,67,0.45,46,1.94,100,100,0.0,64.5119780971937
TJ Waldburger,71.0,170.0,75.0,2.02,51,2.39,40,3.03,46,40,4.8,38.365503080082135
Chris Wade,70.0,155.0,70.0,1.7,53,1.75,51,2.6,51,55,1.1,38.93497604380561
Marcin Tybura,75.0,254.0,78.0,3.49,46,3.34,54,1.23,32,70,0.1,40.824093086926766
Wellington Turman,72.0,170.0,72.0,3.23,51,4.17,45,1.55,20,42,0.8,30.12457221081451
Austin Tweedy,69.0,155.0,72.0,4.29,66,6.43,0,0.0,0,0,0.0,35.94798083504449
Courtney Turner,74.0,170.0,72.0,0.0,0,0.0,0,0.0,0,0,0.0,39.59753593429158
Brogan Walker,64.0,125.0,67.0,1.84,32,3.32,47,1.02,75,11,0.0,38.09445585215606
Valter Walker,78.0,244.0,78.0,1.92,52,2.67,43,5.39,69,100,3.6,28.72826830937714
Johnny Walker,78.0,205.0,82.0,3.9,54,2.99,46,0.36,50,57,0.7,34.43668720054757
Jeremy Wallace,69.0,155.0,72.0,0.0,0,0.0,0,0.0,0,0,0.0,39.56194387405886
Randall Wallace,71.0,185.0,73.0,1.13,38,4.11,45,2.13,50,0,0.0,37.516769336071185
Rodney Wallace,69.0,205.0,72.0,1.13,46,3.44,45,6.0,54,28,1.0,44.79123887748118
James Wallace,70.0,155.0,69.0,0.52,28,3.41,35,0.0,0,0,0.0,33.80150581793292
Ben Wall,70.0,155.0,72.0,1.47,29,8.53,29,0.0,0,100,0.0,37.451060917180016
Crafton Wallace,72.0,185.0,72.0,1.55,44,2.36,47,0.0,0,42,0.0,50.822724161533195
Julius Walker,76.0,205.0,78.0,3.72,53,4.18,42,4.07,38,100,0.0,27.143052703627653
Jim Wallhead,70.0,170.0,72.0,3.19,26,6.65,49,0.0,0,100,0.0,42.48049281314169
Cory Walmsley,72.0,205.0,72.0,0.79,100,1.18,50,0.0,0,0,0.0,39.59753593429158
Patrick Walsh,71.0,185.0,72.0,2.03,19,2.83,64,3.0,54,100,1.5,37.77138945927447
Sai Wang,72.0,170.0,72.0,3.17,46,2.27,53,0.0,0,77,0.0,40.643394934976044
Erick Wanderlei,73.0,205.0,72.0,0.63,41,2.66,40,3.8,66,0,1.9,50.21218343600274
Anying Wang,72.0,170.0,72.0,1.32,26,1.63,44,0.0,0,33,0.0,35.42505133470226
Andy Wang,66.0,155.0,72.0,3.43,36,10.29,62,0.0,0,0,0.0,49.275838466803556
Brian Warren,72.0,185.0,72.0,1.16,21,4.63,57,0.0,0,0,0.0,52.25462012320329
Dimitiri Wanderley,70.0,205.0,72.0,0.92,25,4.31,30,1.16,20,0,0.0,39.59753593429158
Richard Walsh,72.0,170.0,73.0,3.84,46,2.72,58,1.55,40,66,0.2,37.76317590691308
Brennan Ward,70.0,170.0,71.0,7.2,60,2.76,52,0.0,0,100,3.6,38.19028062970568
Joshua Wang-Kim,69.0,135.0,71.0,2.95,40,4.43,60,1.17,100,66,0.0,33.804243668720055
Curt Warburton,72.0,155.0,73.0,2.13,42,3.44,43,2.35,50,83,0.9,39.59753593429158
Wang Cong,66.0,125.0,65.0,6.82,58,2.73,60,0.62,75,85,0.6,34.31074606433949
Charlie Ward,71.0,170.0,72.0,1.64,19,7.21,53,0.0,0,0,0.0,45.719370294318956
Terrion Ware,68.0,135.0,71.0,4.02,32,6.07,50,0.5,22,44,0.0,40.435318275154
Kengo Watanabe,76.0,220.0,72.0,0.6,40,3.4,35,1.0,100,37,0.0,50.59822039698837
Joe Warren,66.0,135.0,72.0,2.15,46,2.39,52,6.14,46,60,0.0,49.84804928131417
Kazuhisa Watanabe,66.0,139.0,72.0,0.62,50,0.94,0,0.0,0,14,0.0,43.304585900068446
Merritt Warren,70.0,155.0,72.0,0.0,0,0.0,0,0.0,0,0,0.0,39.59753593429158
Idris Wasi,72.0,186.0,72.0,0.4,31,3.53,46,0.0,0,20,0.0,36.73648186173853
Andy Waters,72.0,170.0,72.0,0.0,0,0.0,0,0.0,0,0,0.0,41.57426420260096
Ron Waterman,74.0,280.0,72.0,0.84,50,1.37,42,4.19,69,50,2.8,60.785763175906915
Dominic Waters,73.0,170.0,79.0,0.48,23,2.53,39,4.07,52,28,0.0,37.40451745379877
Trey Waters,77.0,170.0,77.0,6.39,44,5.83,55,0.4,33,85,0.8,31.540041067761805
Sam Watford,70.0,155.0,72.0,0.13,18,0.73,62,2.0,40,60,1.0,39.59753593429158
Michelle Waterson-Gomez,63.0,115.0,62.0,3.42,46,4.25,48,1.39,33,69,0.6,40.6652977412731
Blake Watkins,70.0,185.0,72.0,5.45,62,7.64,61,0.0,0,0,0.0,39.59753593429158
Kyle Watson,72.0,155.0,72.0,3.67,35,3.25,62,0.0,0,100,0.0,47.07734428473648
Maka Watson,70.0,155.0,72.0,0.93,37,1.6,22,2.0,100,33,0.0,41.95482546201232
Walel Watson,71.0,135.0,75.0,2.1,29,3.79,43,0.0,0,61,1.4,42.1409993155373
Enrique Watson,70.0,185.0,72.0,0.0,0,0.0,0,0.0,0,0,0.0,39.59753593429158
Jonavin Webb,70.0,170.0,72.0,1.47,30,2.27,64,2.5,31,40,1.0,37.35797399041752
Brok Weaver,72.0,155.0,73.0,4.78,64,4.35,46,0.41,10,66,0.4,34.75427789185489
Tom Watson,73.0,185.0,73.0,4.01,44,4.41,50,0.15,7,43,0.0,44.15058179329227
Stephanie Webber,66.0,135.0,72.0,0.91,80,3.85,15,6.79,40,0,0.0,39.59753593429158
Daniel Weichel,70.0,145.0,70.0,5.71,42,4.05,61,0.84,50,83,0.0,41.78781656399726
Darian Weeks,71.0,170.0,72.0,4.49,51,4.56,51,2.0,30,100,0.0,32.785763175906915
Joshua Weems,68.0,135.0,69.0,5.25,64,3.34,61,4.77,40,100,0.0,32.33949349760438
Royston Wee,67.0,135.0,67.0,1.1,60,2.45,49,3.38,81,0,0.0,39.80835044490075
Mark Weir,74.0,185.0,72.0,1.54,56,2.5,38,0.8,50,25,2.4,58.965092402464066
Chris Weidman,74.0,185.0,78.0,3.11,45,3.37,51,3.27,42,72,0.8,42.220396988364136
Aaron Wetherspoon,70.0,170.0,72.0,2.27,32,4.33,45,0.0,0,77,0.0,47.65229295003422
Mike Wessel,72.0,260.0,72.0,1.82,56,6.43,22,6.29,50,0,0.0,48.761122518822724
Jeremiah Wells,69.0,170.0,74.0,2.35,46,1.28,48,3.06,46,50,1.3,39.85215605749487
Sheldon Westcott,73.0,170.0,71.0,2.26,40,3.73,37,3.23,37,14,0.0,42.04517453798768
Dustin West,71.0,170.0,72.0,0.0,0,0.0,0,0.0,0,0,0.0,39.59753593429158
Fabricio Werdum,76.0,231.0,77.0,3.59,52,2.64,55,1.75,31,31,1.2,49.10335386721424
Coty Wheeler,66.0,135.0,67.0,1.88,22,3.16,59,0.87,37,33,2.6,47.90417522245038
Malcolm Wellmaker,70.0,135.0,71.0,4.58,55,4.23,52,0.0,0,46,0.0,32.257357973990416
Christian Wellisch,74.0,234.0,77.0,3.12,27,3.04,56,1.22,42,45,1.2,50.98151950718686
Vernon White,72.0,205.0,72.0,2.11,38,2.2,54,0.88,28,44,0.0,54.75975359342916
Craig White,74.0,170.0,76.0,1.23,40,3.28,39,0.0,0,50,0.8,36.18343600273785
Steve White,71.0,175.0,72.0,0.0,0,0.0,0,0.0,0,0,0.0,39.59753593429158
Robert Whiteford,69.0,145.0,69.0,2.33,46,1.99,62,1.9,30,45,0.0,43.403148528405204
Patrik White,72.0,155.0,72.0,9.77,49,6.28,60,0.0,0,50,0.0,33.23750855578371
Alex White,72.0,155.0,71.0,3.76,42,3.07,60,0.92,28,71,0.5,37.87268993839836
Garett Whiteley,72.0,155.0,72.0,3.72,48,4.04,46,0.0,0,27,0.9,45.73032169746749
Mitch Whitesel,69.0,185.0,72.0,0.0,0,0.0,0,0.0,0,0,0.0,45.152635181382614
Emily Whitmire,65.0,125.0,63.0,2.5,31,2.98,54,1.9,66,70,0.5,35.28815879534565
Mike Whitehead,73.0,205.0,72.0,1.62,33,2.36,59,3.59,43,77,0.3,45.18822724161533
Robert Whittaker,72.0,205.0,73.0,4.41,43,3.4,59,0.71,38,80,0.0,35.71252566735113
Justin Wilcox,66.0,155.0,72.0,3.82,28,2.63,71,1.43,16,100,0.0,47.488021902806295
Orlando Wiet,70.0,170.0,72.0,0.0,0,0.0,0,0.0,0,0,0.0,60.86789869952088
Adam Wieczorek,77.0,250.0,81.0,1.68,38,1.87,48,0.41,33,58,0.4,34.5845311430527
Josh Wick,69.0,155.0,69.0,0.65,60,6.52,41,0.0,0,80,0.0,31.923340177960302
Jonathan Wiezorek,75.0,250.0,72.0,1.27,58,5.47,31,1.91,20,0,0.0,48.56947296372348
Jakub Wiklacz,70.0,135.0,72.0,3.4,44,3.87,46,0.0,0,41,2.5,29.987679671457904
Rubin Williams,73.0,185.0,72.0,0.0,0,1.39,60,0.0,0,0,0.0,50.40930869267625
Carter Williams,73.0,265.0,72.0,1.55,36,2.32,58,2.9,33,100,0.0,46.43668720054757
Rob Wilkinson,75.0,185.0,80.0,2.74,50,5.66,39,4.47,25,0,0.0,34.53798767967146
James Wilks,73.0,170.0,75.0,1.82,45,2.03,50,1.27,22,66,3.8,48.342231348391515
Aaron Wilkinson,70.0,155.0,72.0,0.0,0,0.0,100,7.32,100,0,0.0,39.59753593429158
Joe Wilk,69.0,145.0,72.0,1.0,54,2.0,72,0.0,0,0,0.0,44.40246406570842
Tedd Williams,73.0,275.0,72.0,0.0,0,0.0,0,0.0,0,0,0.0,56.714579055441476
Pete Williams,75.0,235.0,72.0,0.61,62,2.77,40,1.84,40,16,0.9,51.15947980835045
Mike Wilkinson,67.0,145.0,66.0,2.35,38,3.7,35,0.92,14,55,0.9,38.97604380561259
Jordan Williams,73.0,185.0,75.0,5.83,50,5.46,35,1.11,50,85,0.0,35.898699520876114
Patrick Williams,68.0,135.0,73.0,4.12,51,4.12,52,2.71,41,100,0.5,44.99657768651608
Tim Williams,74.0,185.0,76.0,3.07,38,3.55,48,1.81,40,100,0.0,40.17796030116359
Cole Williams,72.0,170.0,73.0,0.31,27,5.34,23,0.0,0,25,0.0,42.72689938398357
Khaos Williams,72.0,170.0,77.0,4.97,39,5.34,41,0.0,0,51,0.0,32.43805612594114
Sean Wilson,68.0,145.0,72.0,1.01,31,5.88,62,0.0,0,0,0.0,43.879534565366185
Westin Wilson,73.0,145.0,73.0,1.57,31,6.71,30,1.57,16,33,7.9,37.61533196440794
Tyshawn Williams,70.0,145.0,72.0,0.0,0,0.0,0,0.0,0,0,0.0,30.034223134839152
Karl Willis,70.0,155.0,72.0,0.0,0,0.0,0,0.0,0,0,0.0,39.59753593429158
Karl Williams,75.0,235.0,79.0,2.68,48,2.15,55,4.2,48,100,0.2,36.6652977412731
Justin Willis,73.0,264.0,78.0,3.37,59,2.57,57,0.96,66,36,0.0,39.134839151266256
Chris Wilson,73.0,170.0,75.0,2.32,50,1.36,55,1.31,50,60,1.6,49.24845995893224
Greg Wilson,70.0,155.0,72.0,0.0,0,0.0,0,0.0,0,0,0.0,37.927446954141
Damon Wilson,69.0,145.0,69.0,7.56,49,8.27,52,0.0,0,0,0.0,33.35523613963039
Jonathan Wilson,74.0,205.0,75.0,2.92,48,5.65,56,0.37,100,80,0.0,39.14031485284052
Matt Wiman,70.0,155.0,68.0,3.17,50,3.57,51,2.13,37,56,1.5,42.965092402464066
Karolina Wojcik,62.0,115.0,72.0,2.67,65,0.87,62,2.0,66,100,1.0,31.742642026009584
Ray Wizard,70.0,155.0,72.0,0.0,0,0.0,0,0.0,0,0,0.0,39.59753593429158
Travis Wiuff,75.0,205.0,72.0,0.48,30,4.03,41,4.84,57,44,1.2,48.479123887748116
Eric Wisely,68.0,145.0,72.0,1.42,47,2.08,56,0.0,0,27,0.9,42.116358658453116
Keith Wisniewski,72.0,170.0,72.0,2.32,52,4.86,42,1.57,40,78,0.3,44.865160848733744
Jason Witt,70.0,170.0,70.0,2.15,44,2.54,52,6.9,48,100,0.9,39.83025325119781
Anthony Wint,71.0,234.0,78.0,0.0,0,0.0,0,0.0,0,0,0.0,30.978781656399725
Andre Winner,71.0,155.0,73.0,2.52,33,4.57,51,0.0,0,74,0.0,44.824093086926766
Deron Winn,66.0,185.0,70.0,4.55,44,6.21,46,4.28,52,40,0.0,37.23203285420944
Eddie Wineland,67.0,135.0,69.0,3.4,29,3.76,68,0.34,33,86,0.1,42.195756331279945
Danyelle Wolf,71.0,145.0,70.0,2.37,25,4.57,47,0.0,0,77,0.5,42.99520876112252
Logan Woods,70.0,185.0,72.0,0.0,0,0.0,0,0.0,0,0,0.0,32.271047227926076
Salvador Woods,71.0,170.0,72.0,0.0,0,0.0,0,0.0,0,0,0.0,41.582477754962355
Brandon Wolff,69.0,170.0,72.0,0.47,33,10.91,19,0.0,0,0,0.0,50.88569472963724
Kwon Wonil,70.0,135.0,71.0,5.02,39,5.82,60,0.0,0,66,0.0,31.20328542094456
Xue Do Won,67.0,165.0,72.0,0.0,0,0.0,0,0.0,0,0,0.0,39.59753593429158
Nathaniel Wood,66.0,145.0,69.0,5.64,51,4.25,54,1.35,48,73,0.5,33.3305954825462
Val Woodburn,68.0,170.0,74.0,1.6,35,4.93,36,1.92,100,50,0.0,33.073237508555785
Joanne Wood,66.0,125.0,65.0,7.1,51,4.89,51,1.52,55,58,0.3,40.70362765229295
Tyron Woodley,69.0,170.0,74.0,2.36,48,2.76,54,1.06,40,87,0.4,44.41615331964408
Sean Woodson,74.0,145.0,78.0,5.57,46,4.18,58,0.58,55,84,0.3,34.247775496235455
Hailai Wushamo,70.0,115.0,72.0,0.0,0,0.0,0,0.0,0,0,0.0,26.00684462696783
Hunter Worsham,70.0,185.0,72.0,0.0,0,0.0,0,0.0,0,0,0.0,39.59753593429158
Marcin Wrzosek,69.0,155.0,72.0,3.47,43,4.07,43,3.0,25,33,0.0,38.89664613278576
Cal Worsham,71.0,230.0,72.0,0.0,0,0.0,0,0.0,0,0,0.0,63.238877481177276
Jordan Wright,74.0,205.0,77.0,4.1,56,6.03,31,2.09,45,100,0.4,34.91581108829569
Wu Yanan,68.0,135.0,66.0,4.23,41,4.95,49,0.62,30,63,0.2,30.38466803559206
Eric Wray,72.0,170.0,72.0,1.76,48,3.12,28,4.07,66,0,2.0,39.59753593429158
JW Wright,70.0,130.0,72.0,0.0,0,0.0,0,0.0,0,0,0.0,50.65023956194388
Justin Wren,74.0,265.0,72.0,3.43,35,2.07,64,0.0,0,100,0.0,39.36208076659822
Khama Worthy,71.0,155.0,74.0,4.18,48,4.45,46,0.0,0,57,0.7,39.893223819301845
Jamie Yager,73.0,185.0,72.0,3.08,39,2.55,63,0.0,0,66,0.0,42.770704996577685
Rubens Xavier,75.0,220.0,72.0,0.77,42,1.82,21,2.1,40,25,1.1,51.99452429842574
Xiong Jingnan,64.0,115.0,63.0,4.53,34,8.13,38,0.0,0,75,0.0,38.65023956194388
Xiao Long,68.0,135.0,70.0,5.06,47,3.85,50,0.74,27,82,0.0,28.399726214921287
Xie Bin,71.0,145.0,71.0,4.1,44,2.81,59,2.6,42,40,0.0,28.520191649555098
Chris Wright,70.0,155.0,72.0,0.0,0,0.0,0,0.0,0,0,0.0,39.59753593429158
Wuziazibieke Jiahefu,69.0,145.0,70.0,0.41,50,2.84,41,6.08,50,0,0.0,36.41067761806981
Wulijiburen,69.0,135.0,69.0,1.61,42,3.02,56,3.28,42,77,0.4,37.516769336071185
Abdul Rakhman Yakhyaev,74.0,205.0,78.0,8.64,68,2.22,59,11.11,75,100,7.4,25.672826830937716
Mohammad Yahya,69.0,145.0,73.0,3.5,39,6.39,43,0.5,20,42,0.5,32.290212183436005
Eddie Yagin,67.0,145.0,72.0,3.13,30,5.77,42,0.0,0,62,1.0,47.45790554414784
Rani Yahya,66.0,135.0,67.0,1.71,38,2.08,50,2.73,30,29,1.8,41.98220396988364
Alexander Yakovlev,75.0,155.0,74.0,1.74,47,2.41,58,1.66,35,72,0.1,42.13552361396304
Wataru Yamauchi,66.0,125.0,68.0,4.01,52,3.57,62,0.0,0,66,0.0,27.208761122518823
Goiti Yamauchi,70.0,145.0,72.0,1.66,54,1.01,66,0.0,0,0,4.3,33.667351129363446
Emmanuel Yarborough,80.0,770.0,72.0,0.0,0,0.0,0,0.0,0,0,0.0,66.00136892539356
Keiichiro Yamamiya,71.0,185.0,72.0,0.0,0,0.0,0,0.0,0,0,0.0,54.15195071868583
Takeshi Yamazaki,68.0,139.0,72.0,0.57,25,1.57,47,4.5,50,100,1.0,49.28405201916495
Yan Xiaonan,65.0,115.0,63.0,4.69,45,3.23,60,0.84,73,64,0.0,37.223819301848046
Petr Yan,67.0,135.0,67.0,5.16,54,4.24,59,1.7,49,86,0.1,33.56605065023956
Adam Yandiev,69.0,185.0,74.0,0.18,8,6.14,36,0.0,0,25,0.0,38.0807665982204
Yuito Yanagawa,68.0,145.0,68.0,0.3,33,3.32,42,0.0,0,100,4.5,25.88911704312115
Yan Qihui,63.0,125.0,62.0,4.38,46,5.06,54,3.68,69,62,0.0,29.87542778918549
Dongi Yang,70.0,185.0,73.0,3.55,51,3.21,63,1.7,41,61,0.5,41.74674880219028
John Yannis,67.0,135.0,70.0,3.56,49,4.07,62,0.0,0,80,0.0,32.167008898015055
Adrian Yanez,67.0,135.0,70.0,5.95,41,5.22,56,0.0,0,76,0.0,32.76933607118412
Kenichi Yamamoto,72.0,170.0,72.0,0.3,46,1.93,38,0.0,0,10,0.3,50.15468856947297
Yoshihisa Yamamoto,74.0,220.0,72.0,1.65,38,3.05,53,1.0,20,50,0.6,56.17522245037645
Tadao Yasuda,76.0,310.0,72.0,2.7,73,0.85,60,0.75,14,0,0.0,62.91033538672142
Yoshiaki Yatsu,73.0,165.0,72.0,0.0,0,5.57,48,0.0,0,0,0.0,70.1327857631759
Cale Yarbrough,73.0,185.0,72.0,3.16,27,10.0,72,0.0,0,0,0.0,39.6933607118412
Jianping Yang,67.0,145.0,72.0,1.4,26,2.07,65,1.0,25,33,0.0,37.7741273100616
Atsushi Yamamoto,66.0,139.0,72.0,1.97,39,1.27,70,1.12,33,100,0.0,45.927446954141
Hiroko Yamanaka,71.0,135.0,72.0,2.1,26,3.54,63,0.0,0,100,0.0,47.86858316221766
Norifumi Yamamoto,64.0,135.0,66.0,2.09,45,2.01,57,0.41,22,45,0.0,49.478439425051334
Masutatsu Yano,69.0,198.0,72.0,0.0,0,0.0,0,0.0,0,0,0.0,51.15674195756331
Chris Yee,69.0,185.0,72.0,0.0,0,0.0,0,0.0,0,0,0.0,39.59753593429158
Yibugele,67.0,145.0,69.0,2.87,41,5.5,54,0.0,0,81,0.0,36.813141683778234
Yin Shuai,65.0,125.0,66.0,4.31,43,4.58,52,4.12,40,78,0.0,29.678302532511978
Kazunori Yokota,68.0,154.0,72.0,0.67,31,1.13,57,0.0,0,0,0.0,48.427104722792606
Hirotaka Yokoi,71.0,205.0,72.0,1.52,33,3.42,38,1.87,41,66,0.4,48.24640657084189
Yizha,67.0,145.0,71.0,3.25,47,2.88,49,3.42,33,64,0.9,29.659137577002053
Ashley Yoder,67.0,115.0,69.0,3.42,39,4.13,47,1.09,27,66,0.6,38.88021902806297
John Yoo,70.0,135.0,72.0,0.0,0,0.0,0,0.0,0,0,0.0,39.59753593429158
JooSang Yoo,67.0,145.0,71.0,6.36,58,4.99,56,0.0,0,50,0.0,32.62422997946612
SangHoon Yoo,72.0,170.0,74.0,4.83,65,6.11,40,0.53,100,69,0.5,36.63244353182751
Trenell Young,66.0,145.0,72.0,1.43,22,5.13,50,1.13,20,0,1.1,50.21492128678987
Kai Yoshida,69.0,125.0,69.0,4.32,50,4.96,54,0.0,0,100,0.0,26.90759753593429
ChangMin Yoon,68.0,145.0,70.0,5.7,48,2.15,64,1.9,28,100,0.0,32.32580424366872
Artenus Young,70.0,205.0,72.0,0.0,0,0.0,0,0.0,0,0,0.0,46.1409993155373
SuYoung You,66.0,135.0,65.0,2.15,47,2.01,68,4.26,47,66,0.4,30.7378507871321
Kaitlin Young,69.0,135.0,72.0,2.83,26,6.33,51,2.5,100,0,0.0,40.97467488021903
Dong Sik Yoon,72.0,185.0,72.0,0.99,36,2.33,51,1.6,29,33,1.3,54.03422313483915
Hidehiko Yoshida,71.0,225.0,72.0,1.05,36,1.89,62,1.09,33,71,2.2,57.007529089664615
Yoshiyuki Yoshida,71.0,170.0,70.0,0.85,36,3.67,36,1.41,28,25,2.8,52.32580424366872
Jason Young,69.0,145.0,73.0,2.97,37,3.2,50,1.98,66,55,0.0,40.19164955509925
Gauge Young,69.0,155.0,70.0,6.32,52,5.12,49,0.75,30,76,0.0,26.146475017111566
Shane Young,68.0,145.0,72.0,5.19,40,5.46,52,0.63,18,64,0.0,33.100616016427104
Besam Yousef,71.0,170.0,72.0,3.14,53,3.98,38,1.33,66,50,0.0,41.451060917180016
Shanna Young,67.0,125.0,65.0,3.18,47,4.88,43,0.0,0,53,0.6,35.54277891854894
Han Ten Yun,71.0,220.0,72.0,0.0,0,0.0,0,0.0,0,0,0.0,39.59753593429158
Cameron Saaiman,68.0,135.0,67.0,5.3,46,4.14,51,0.89,28,47,0.7,25.711156741957563
Zaurbek Sabanov,70.0,255.0,72.0,0.0,0,0.0,0,0.0,0,0,0.0,28.229979466119097
Pete Sabala,70.0,135.0,72.0,0.0,0,0.0,0,0.0,0,0,0.0,39.59753593429158
Danny Sabatello,70.0,135.0,71.0,2.07,57,0.2,25,3.0,75,100,1.0,33.43463381245722
Rob Yundt,73.0,185.0,72.0,1.37,41,2.55,31,2.94,100,0,0.0,46.338124572210816
Pat Sabatini,68.0,145.0,70.0,1.69,54,1.16,54,4.27,41,50,1.3,35.82477754962355
Sodiq Yusuff,69.0,155.0,71.0,5.27,49,4.29,53,0.36,23,62,0.4,33.30047912388775
Yusup Saadulaev,66.0,135.0,72.0,0.57,45,0.96,66,5.73,60,0,1.0,41.43463381245722
Gilbert Yvel,74.0,225.0,77.0,1.05,47,1.78,50,0.0,0,25,1.0,50.18480492813142
Amir Sadollah,70.0,170.0,75.0,4.71,46,3.55,60,0.57,27,60,0.3,46.026009582477755
Nazim Sadykhov,70.0,155.0,69.0,4.69,48,5.42,49,1.08,45,72,0.2,32.309377138945926
Tatsuya Saika,72.0,155.0,73.0,6.67,44,9.91,43,0.0,0,66,0.0,35.96714579055441
Terrance Saeteurn,66.0,125.0,67.0,3.82,40,3.82,52,0.0,0,0,0.0,31.27173169062286
Kiru Sahota,70.0,125.0,73.0,4.05,52,2.64,41,0.92,33,50,0.5,31.277207392197127
Saparbeg Safarov,73.0,185.0,78.0,4.03,48,2.96,47,2.52,41,33,0.0,39.89596167008898
Jason Saggo,71.0,155.0,71.0,2.5,39,2.94,52,2.33,40,23,0.0,40.785763175906915
Frankie Saenz,66.0,135.0,66.0,3.94,47,3.5,52,1.74,31,61,0.1,46.06707734428473
Tarec Saffiedine,70.0,170.0,70.0,4.05,47,3.06,62,0.52,36,84,0.1,40.0
Muhammad Saidov,74.0,205.0,73.0,6.11,45,3.46,63,0.0,0,0,0.0,30.65571526351814
Kaushik Saikumar,70.0,135.0,71.0,0.81,28,5.35,41,0.0,0,33,1.2,28.736481861738536
Mridul Saikia,67.0,125.0,68.0,0.91,28,2.74,36,0.0,0,0,0.0,29.32785763175907
Yukio Sakaguchi,69.0,185.0,72.0,0.3,25,2.4,50,4.5,100,0,9.0,53.11430527036276
Lukasz Sajewski,68.0,155.0,71.0,2.06,35,3.88,57,1.01,25,66,0.0,35.775496235455165
Augusto Sakai,75.0,265.0,77.0,4.6,49,3.83,48,0.23,40,56,0.0,35.32922655715264
Wataru Sakata,69.0,195.0,72.0,1.11,61,2.08,31,0.0,0,0,0.0,53.489390828199866
Benoit Saint Denis,71.0,155.0,73.0,5.58,58,4.09,41,4.15,35,72,1.7,30.718685831622178
Gokhan Saki,72.0,205.0,73.0,7.09,58,4.57,53,0.0,0,100,0.0,42.8829568788501
Alessio Sakara,72.0,185.0,72.0,3.96,47,2.8,59,2.18,78,62,0.0,45.01026694045174
Justin Salas,68.0,155.0,70.0,3.42,43,2.96,68,2.43,20,0,0.0,44.48459958932238
Ovince Saint Preux,75.0,205.0,80.0,3.03,47,3.33,47,1.09,36,67,0.5,43.41409993155373
Roman Salazar,67.0,135.0,72.0,1.95,39,2.89,57,1.77,18,50,0.0,38.54072553045859
Ivan Salaverry,72.0,185.0,72.0,3.01,47,1.19,76,0.49,18,36,2.5,55.65229295003422
Gabriel Salinas-Jones,73.0,245.0,72.0,0.0,0,0.0,0,0.0,0,0,0.0,41.79329226557152
Brandon Saling,70.0,170.0,72.0,2.88,40,6.08,20,0.0,0,57,0.0,40.60506502395619
Sean Salmon,70.0,185.0,72.0,1.49,33,2.03,65,4.06,50,0,0.0,48.98562628336756
Dylan Salvador,69.0,155.0,69.0,4.34,37,11.57,46,0.0,0,0,0.0,33.29774127310061
Johnny Sampaio,68.0,170.0,72.0,1.32,40,2.64,50,9.89,50,0,9.9,50.98699520876112
Boston Salmon,69.0,135.0,69.0,4.13,37,7.75,59,0.0,0,100,0.0,35.794661190965094
Vinicius Salvador,67.0,135.0,70.0,5.48,43,6.5,48,0.36,11,86,0.0,30.119096509240247
John Salter,73.0,185.0,74.0,1.68,32,1.68,68,2.85,46,66,0.5,41.46201232032854
Josh Samman,75.0,185.0,79.0,2.08,52,2.47,34,1.09,33,33,0.4,38.48049281314169
Quillan Salkilld,72.0,155.0,75.0,4.73,56,2.79,46,6.86,36,81,1.0,26.691307323750856
Ryuta Sakurai,67.0,183.0,72.0,1.8,48,3.44,58,0.52,100,36,1.6,54.9678302532512
Luis Saldana,71.0,145.0,73.0,5.16,50,3.65,60,0.64,17,44,0.2,35.60848733744011
Hayato Sakurai,67.0,168.0,72.0,2.45,49,1.94,59,1.87,69,56,0.3,51.0362765229295
Kazushi Sakuraba,72.0,185.0,72.0,1.26,41,2.03,51,1.26,31,48,1.7,57.14715947980835
John Salgado,70.0,170.0,72.0,0.99,50,1.86,40,0.0,0,50,0.0,39.59753593429158
Muslim Salikhov,71.0,170.0,70.0,3.37,49,2.96,62,1.07,32,72,0.0,42.24229979466119
Josh San Diego,70.0,135.0,72.0,0.0,0,0.0,0,0.0,0,0,0.0,39.59753593429158
Bobby Sanchez,67.0,155.0,72.0,0.0,0,0.0,100,0.0,0,100,0.0,36.72553045859001
Jesse Sanders,72.0,170.0,72.0,0.0,0,6.45,35,0.0,0,50,0.0,39.59753593429158
Jerrod Sanders,68.0,135.0,72.0,0.88,64,1.14,46,2.2,33,50,1.6,46.93223819301848
Luke Sanders,66.0,135.0,67.0,6.61,52,4.37,50,0.71,30,72,0.2,40.733744010951405
Josh Sampo,64.0,125.0,64.0,1.99,36,2.96,55,1.06,33,40,2.1,42.119096509240244
Robert Sanchez,66.0,125.0,66.0,0.96,40,1.78,46,3.61,62,50,0.7,40.506502395619435
Samuel Sanches,70.0,155.0,74.0,5.95,75,0.0,100,0.0,0,100,0.0,23.60574948665298
Diego Sanchez,70.0,170.0,72.0,2.69,37,3.02,56,1.51,24,46,0.8,44.681724845995895
Eddie Sanchez,74.0,230.0,74.0,3.45,43,3.3,43,1.13,26,42,0.0,43.83846680355921
Jonathan Santa Maria,69.0,125.0,72.0,3.6,51,2.53,74,0.0,0,80,0.0,39.59753593429158
Martin Sano,71.0,170.0,75.0,4.0,33,12.0,40,0.0,0,0,0.0,35.27173169062286
Hugo Sandoval,70.0,135.0,72.0,0.0,0,0.0,0,0.0,0,0,0.0,39.59753593429158
Raul Sandoval,70.0,130.0,72.0,0.0,0,0.0,0,0.0,0,0,0.0,39.59753593429158
Joseph Sandoval,67.0,135.0,72.0,1.82,42,12.12,60,0.0,0,0,0.0,40.323066392881586
Julian Sanchez,75.0,300.0,72.0,0.0,0,0.0,0,0.0,0,0,0.0,39.59753593429158
Erick Sanchez,70.0,145.0,72.0,0.0,0,0.0,0,0.0,0,0,0.0,35.9233401779603
Emmanuel Sanchez,69.0,145.0,71.0,4.45,35,4.17,55,0.25,6,16,0.5,36.07118412046543
Donald Sanchez,70.0,145.0,72.0,0.58,50,1.16,55,0.0,0,50,0.0,42.050650239561946
Joby Sanchez,66.0,135.0,68.0,3.22,36,2.82,63,0.95,71,51,0.4,35.20328542094456
Hector Sandoval,62.0,125.0,64.0,3.31,52,2.33,65,3.49,25,71,1.4,40.134154688569474
Silvestre Sanchez,70.0,155.0,72.0,0.0,0,0.0,0,0.0,0,0,0.0,24.80766598220397
Roldan Sangcha'an,64.0,125.0,72.0,2.71,46,2.15,51,1.94,60,68,0.0,35.75633127994524
Chris Sanford,71.0,185.0,72.0,0.23,50,3.22,17,0.0,0,0,3.5,58.48596851471595
Yuhi Sano,71.0,243.0,72.0,0.0,0,0.0,0,0.0,0,0,0.0,61.59069130732375
Andrew Sanchez,73.0,185.0,74.0,4.3,43,5.1,50,2.55,36,100,0.0,38.41204654346338
Cory Sandhagen,71.0,135.0,70.0,4.92,45,3.72,55,1.14,33,57,0.2,34.379192334017795
Sean Santella,65.0,125.0,72.0,0.0,0,0.0,0,0.0,0,0,0.0,41.86447638603696
Shaheen Santana,73.0,155.0,75.0,0.82,42,1.65,40,0.0,0,0,2.8,35.2580424366872
Neemias Santana,74.0,185.0,76.0,1.67,34,2.0,52,0.0,0,0,0.0,30.157426420260094
Duda Santana,67.0,145.0,73.0,6.01,39,2.72,73,6.44,60,0,0.0,30.65571526351814
Mike Santiago,70.0,145.0,69.0,3.44,49,3.58,36,2.66,50,53,1.1,37.1088295687885
Jorge Santiago,73.0,170.0,75.0,1.69,35,2.62,56,0.58,30,52,0.8,45.908281998631075
Will Santiago,67.0,185.0,72.0,1.47,39,5.53,56,1.0,50,100,0.0,43.57563312799452
Andre Santos,72.0,170.0,72.0,2.77,34,4.17,41,2.5,29,75,0.0,39.59753593429158
Jose Santibanez,70.0,155.0,72.0,0.0,0,0.0,0,0.0,0,0,0.0,46.63381245722108
Richie Santiago,67.0,135.0,67.0,3.87,49,4.87,42,0.0,0,25,0.0,33.90554414784394
Paulo Santos,70.0,155.0,72.0,0.0,0,0.0,0,0.0,0,0,0.0,39.59753593429158
Art Santore,74.0,185.0,72.0,1.4,12,7.31,52,0.0,0,100,0.0,53.86173853524983
Adriano Santos,70.0,155.0,72.0,0.0,0,0.0,0,0.0,0,0,0.0,39.59753593429158
Taila Santos,66.0,125.0,68.0,3.39,48,2.64,58,2.0,76,86,1.1,33.20739219712526
Yana Santos,66.0,135.0,68.0,4.41,57,3.12,52,0.78,47,51,0.1,36.818617385352496
Gleristone Santos,69.0,145.0,72.0,3.4,31,4.4,64,0.0,0,75,0.0,38.04517453798768
Djorden Santos,72.0,185.0,75.0,6.64,42,6.35,48,0.51,28,85,0.0,29.097878165639973
Mairon Santos,67.0,145.0,72.0,3.33,48,2.24,65,0.0,0,69,0.0,26.239561943874058
Luis Santos,73.0,170.0,72.0,4.4,57,4.0,64,0.0,0,0,0.0,46.677618069815196
Daniel Santos,67.0,145.0,67.0,5.15,40,5.38,50,2.6,33,73,0.0,31.488021902806295
Edivan Santos,76.0,248.0,78.0,1.55,48,7.09,26,0.0,0,25,0.0,34.34360027378508
Iliarde Santos,65.0,125.0,67.0,3.0,30,6.1,57,1.66,23,83,0.0,45.946611909650926
Evangelista Santos,70.0,170.0,76.0,3.94,36,6.01,49,0.78,100,50,0.4,48.733744010951405
Bruno Santos,69.0,185.0,72.0,1.18,46,2.27,56,3.0,37,66,0.3,39.14031485284052
Leonardo Santos,72.0,155.0,75.0,2.82,46,3.4,54,0.88,25,86,0.2,46.5845311430527
Thiago Santos,74.0,205.0,76.0,3.72,48,2.57,53,0.88,33,65,0.1,42.66392881587954
Marilia Santos,64.0,125.0,72.0,4.4,54,4.07,53,1.0,100,66,1.0,33.73305954825462
Gabriel Santos,69.0,145.0,70.0,4.35,60,4.31,45,3.8,54,87,1.2,29.77138945927447
Luana Santos,66.0,135.0,67.0,2.53,53,2.45,64,2.14,37,85,1.0,26.390143737166323
Nick Sanzo,69.0,190.0,72.0,0.0,0,0.0,0,0.0,0,0,0.0,63.63860369609856
Bob Sapp,77.0,350.0,72.0,3.19,55,1.88,49,0.58,100,72,0.0,51.95619438740589
Daniel Sarafian,69.0,185.0,73.0,2.23,46,3.1,58,0.36,7,53,0.7,44.04380561259411
Jeka Saragih,68.0,145.0,69.0,2.75,50,2.82,40,2.17,80,66,0.5,31.679671457905545
Alexander Sarnavskiy,71.0,155.0,72.0,1.43,66,2.06,42,0.0,0,75,0.0,37.634496919917865
Gokhan Saricam,75.0,265.0,75.0,5.87,47,6.18,38,0.0,0,100,0.0,35.520876112251884
Diego Saraiva,66.0,155.0,72.0,1.64,32,3.58,62,1.33,40,0,0.7,44.37234770704997
Harris Sarmiento,69.0,155.0,72.0,0.84,25,3.46,36,2.36,60,57,0.0,42.992470910335385
Keisuke Sasu,65.0,145.0,69.0,2.76,49,2.42,48,3.76,40,61,1.9,31.93429158110883
Takenori Sato,70.0,170.0,72.0,0.46,33,12.92,9,0.0,0,0,0.0,41.24572210814511
Paul Sass,72.0,155.0,73.0,0.53,26,1.9,51,0.53,16,33,7.4,38.08898015058179
Yuta Sasaki,70.0,125.0,71.0,2.16,41,2.5,50,3.03,43,41,1.2,36.91444216290212
Masaaki Satake,73.0,220.0,72.0,1.4,35,3.76,41,0.0,0,58,0.0,61.054072553045856
Jeimeson Saudino,66.0,135.0,72.0,0.66,30,0.82,84,2.47,50,0,2.5,35.507186858316224
Shogo Sato,67.0,170.0,66.0,2.14,25,25.71,29,0.0,0,0,0.0,33.24572210814511
Yuki Sasaki,74.0,185.0,72.0,1.09,43,1.2,57,0.43,100,66,0.0,49.98220396988364
Uran Satybaldiev,76.0,205.0,79.0,2.14,25,3.66,44,0.0,0,50,1.7,32.07392197125257
Kyosuke Sasaki,67.0,183.0,72.0,0.33,45,0.93,46,0.0,0,0,0.0,46.91581108829569
Takashi Sato,70.0,170.0,73.0,2.21,41,3.73,44,0.76,37,60,0.0,36.24366872005476
Townsend Saunders,65.0,170.0,72.0,0.0,0,0.0,0,0.0,0,0,0.0,39.59753593429158
Tom Sauer,73.0,263.0,72.0,0.0,0,0.0,0,0.0,0,0,0.0,55.81930184804928
Matt Sayles,67.0,155.0,68.0,4.83,41,2.81,61,0.36,16,81,0.7,32.539356605065024
Brandon Sayles,77.0,265.0,72.0,0.0,0,0.0,0,0.0,0,0,0.0,45.37166324435318
Lumumba Sayers,72.0,185.0,72.0,2.54,41,2.37,48,7.63,75,0,2.5,48.186173853524984
Chris Saunders,68.0,155.0,72.0,1.48,22,2.96,75,3.7,100,0,0.0,40.49007529089665
Christien Savoie,71.0,170.0,72.0,1.39,45,6.95,23,0.0,0,12,0.0,34.02053388090349
Chad W. Saunders,70.0,170.0,72.0,0.0,0,0.0,0,0.0,0,0,0.0,39.59753593429158
Ben Saunders,74.0,170.0,77.0,3.23,50,3.58,51,0.2,40,66,1.3,43.40041067761807
Mikheil Sazhiniani,72.0,205.0,71.0,2.27,28,3.03,52,0.0,0,100,0.0,29.919233401779604
Eric Schafer,75.0,185.0,76.0,1.89,34,3.38,56,1.81,36,50,1.8,48.96098562628337
Eric Schambari,71.0,185.0,72.0,1.43,42,1.07,54,3.0,42,0,1.0,48.375085557837096
Mark Scanlon,69.0,170.0,72.0,2.2,35,3.33,48,3.0,75,25,2.0,39.59753593429158
Kerry Schall,74.0,265.0,72.0,0.94,11,4.84,63,0.0,0,0,0.0,55.07734428473648
Matheus Scheffel,74.0,205.0,75.0,1.33,36,3.0,47,0.0,0,100,0.0,33.83709787816564
Brendan Schaub,76.0,245.0,78.0,2.92,37,2.22,57,2.32,46,72,0.4,43.4715947980835
Samy Schiavo,68.0,155.0,72.0,1.68,34,2.62,38,0.94,50,66,0.9,50.70225872689939
Antonio Schembri,69.0,205.0,72.0,0.72,26,2.12,55,1.31,40,0,0.4,52.26557152635181
Fabiano Scherner,75.0,257.0,72.0,1.31,31,3.2,38,1.09,33,40,0.0,54.18480492813142
Joe Schilling,75.0,185.0,72.0,2.84,52,2.64,48,0.0,0,44,0.0,39.59753593429158
Pat Schilling,68.0,145.0,72.0,1.87,26,8.24,52,0.0,0,0,0.0,38.02327173169062
Adam Schindler,68.0,155.0,72.0,0.0,0,0.0,0,0.0,0,0,0.0,43.30184804928131
Ollie Schmid,72.0,145.0,71.0,3.23,30,7.9,45,0.0,0,0,0.0,25.689253935660506
Semmy Schilt,82.0,265.0,72.0,1.2,50,1.31,53,0.0,0,47,1.1,52.85968514715948
Greg Scott,69.0,145.0,72.0,3.9,55,7.79,37,11.69,100,0,0.0,39.59753593429158
Justin Scoggins,67.0,125.0,66.0,3.56,51,2.16,55,3.42,63,82,0.5,34.34633812457221
Colleen Schneider,70.0,135.0,72.0,2.17,48,2.5,50,2.5,50,60,0.0,44.48733744010951
Daniel Schmitt,70.0,185.0,72.0,0.0,0,0.0,0,0.0,0,0,0.0,39.59753593429158
Lacey Schuckman,63.0,125.0,72.0,0.0,0,0.0,0,0.0,0,0,0.0,38.1409993155373
Darrill Schoonover,74.0,220.0,72.0,1.2,33,4.35,38,0.0,0,50,1.1,41.13620807665982
Brian Schwartz,75.0,170.0,72.0,1.27,44,0.87,45,0.0,0,50,1.0,39.59753593429158
Eric Schwartz,70.0,205.0,72.0,0.0,0,0.0,0,0.0,0,0,0.0,39.59753593429158
Bailey Schoenfelder,75.0,265.0,76.0,0.0,0,9.86,53,0.0,0,0,0.0,28.955509924709105
Nate Schroeder,73.0,230.0,72.0,0.0,0,0.0,0,0.0,0,0,0.0,53.2621492128679
Bob Schrijber,72.0,240.0,72.0,0.0,0,0.0,0,0.0,0,0,0.0,61.51129363449692
Alex Schoenauer,75.0,185.0,72.0,1.22,40,2.27,42,0.0,0,22,4.9,50.338124572210816
Matt Schnell,68.0,125.0,70.0,4.05,40,4.18,54,0.59,45,43,1.2,36.64065708418891
Wes Schultz,73.0,185.0,77.0,2.91,46,3.11,43,2.39,21,0,3.6,30.075290896646134
Mark Schultz,69.0,200.0,72.0,0.0,0,0.0,0,0.0,0,0,0.0,65.86173853524983
Mike Seal,76.0,185.0,72.0,5.5,68,3.33,50,0.0,0,33,0.0,49.10335386721424
Louis Lee Scott,68.0,135.0,70.0,5.35,58,0.81,71,2.43,66,100,0.0,26.527036276522928
Zachary Scroggin,75.0,170.0,74.0,2.4,37,8.8,68,0.0,0,0,0.0,30.494182067077343
Brad Scott,73.0,170.0,76.0,3.52,41,4.31,57,0.32,15,63,0.7,37.20191649555099
Demba Seck,73.0,145.0,74.0,1.5,40,5.25,22,0.0,0,60,0.0,33.16632443531827
Kenneth Seegrist,72.0,185.0,72.0,3.21,66,1.28,0,0.0,0,40,14.4,45.87542778918549
Neil Seery,64.0,125.0,64.0,3.56,41,3.79,58,0.78,27,53,1.6,47.01984941820671
Matt Secor,72.0,170.0,72.0,0.51,20,0.81,50,3.03,100,0,3.0,39.945242984257355
Brendan Seguin,72.0,185.0,72.0,2.6,45,0.6,84,5.0,62,100,0.0,50.17659137577002
Ray Sefo,72.0,240.0,72.0,0.86,31,1.71,72,0.0,0,66,0.0,55.5564681724846
Rony Sefo,69.0,225.0,72.0,0.0,0,0.43,0,0.0,0,0,0.0,54.40657084188912
Stefan Sekulic,72.0,170.0,75.0,1.83,50,2.83,64,2.0,33,25,0.5,34.56536618754278
Pete Sell,71.0,170.0,75.0,2.6,42,3.65,51,0.91,21,47,0.9,44.087611225188226
Tetsuya Seki,70.0,155.0,72.0,0.0,0,0.0,0,0.0,0,0,0.0,32.57494866529774
Brandon Sene,71.0,205.0,72.0,0.0,0,0.0,0,0.0,0,0,0.0,45.295003422313485
Matthew Semelsberger,73.0,170.0,75.0,3.77,42,4.24,54,1.01,57,45,0.4,33.78507871321013
YeDam Seo,63.0,115.0,63.0,1.07,27,2.4,58,0.5,20,42,0.0,34.46406570841889
Andrei Semenov,72.0,185.0,72.0,0.78,15,2.44,60,1.74,80,55,0.4,49.22108145106092
DongHyun Seo,67.0,145.0,67.0,4.91,63,3.35,41,0.0,0,0,0.0,36.04106776180698
Mackens Semerzier,69.0,145.0,72.0,2.91,45,3.48,46,2.14,50,50,2.1,45.83983572895277
Ray Seraille,75.0,246.0,72.0,5.29,27,17.65,41,0.0,0,0,0.0,47.20602327173169
Kim In Seok,66.0,145.0,72.0,0.87,37,5.19,60,0.0,0,0,0.0,45.90554414784394
Igor Severino,67.0,125.0,69.0,7.17,52,4.33,47,9.69,71,50,0.0,23.378507871321013
Nicholas Sergiacomi,70.0,170.0,72.0,4.38,55,3.94,59,0.0,0,0,0.0,39.59753593429158
Ivan Serati,72.0,205.0,72.0,0.86,26,5.33,29,0.0,0,0,0.0,39.59753593429158
Alex Serdyukov,74.0,170.0,74.0,4.94,48,3.1,46,1.84,55,67,1.8,46.286105407255306
Adrian Serrano,68.0,170.0,72.0,0.0,0,0.0,0,0.0,0,0,0.0,62.704996577686515
Nick Serra,69.0,170.0,72.0,0.0,0,1.73,43,1.0,10,0,2.0,48.446269678302535
Carl Seumanutafa,73.0,255.0,72.0,0.0,0,3.33,75,0.0,0,0,0.0,43.227926078028744
Fredy Serrano,63.0,125.0,65.0,1.58,26,1.89,61,2.84,25,84,0.0,46.95687885010267
Matt Serra,66.0,170.0,68.0,1.98,39,2.64,46,2.05,20,38,0.9,52.26283367556468
Liliya Shakirova,64.0,125.0,65.0,2.7,30,2.58,74,0.0,0,0,0.0,34.86926762491444
Leon Shahbazyan,76.0,170.0,74.0,6.1,52,8.45,33,1.41,50,0,0.0,30.80082135523614
Rosi Sexton,63.0,135.0,72.0,3.31,39,7.42,41,0.75,10,80,0.0,49.14168377823409
Scott Shaffer,67.0,145.0,72.0,2.4,67,0.53,50,0.0,0,72,3.0,39.59753593429158
Don Shainis,66.0,145.0,67.0,3.42,50,5.87,31,0.97,25,20,1.9,35.97262149212868
Rodrigo Sezinando,69.0,170.0,71.0,2.25,27,8.76,42,3.37,25,66,0.0,28.736481861738536
Edmen Shahbazyan,74.0,185.0,74.0,4.06,48,3.87,50,1.43,36,66,0.4,28.79397672826831
Dan Severn,74.0,250.0,72.0,0.0,0,0.0,0,0.0,0,0,0.0,68.24640657084188
Kamal Shalorus,68.0,155.0,68.0,3.06,32,2.99,70,2.07,50,80,0.0,54.026009582477755
Shang Zhifa,67.0,125.0,63.0,1.27,32,1.27,60,2.0,100,0,0.0,40.479123887748116
Sean Sharaf,75.0,252.0,77.0,7.41,43,15.0,42,0.93,11,0,0.0,33.15537303216975
Frank Shamrock,70.0,185.0,72.0,4.75,53,4.66,57,0.35,50,37,1.1,53.74401095140315
Priya Sharma,61.0,115.0,59.0,1.33,16,3.2,40,0.0,0,55,0.0,35.02258726899384
Jason Sharp,70.0,205.0,72.0,0.0,0,0.0,0,0.0,0,0,0.0,39.59753593429158
Sean Sherk,66.0,155.0,67.0,2.17,35,2.71,55,4.09,46,56,0.4,53.086926762491444
Eric Shelton,66.0,125.0,68.0,2.57,42,1.88,63,2.83,51,46,0.2,35.592060232717316
Chase Sherman,76.0,250.0,78.0,6.04,45,6.65,52,0.09,50,74,0.0,36.80492813141684
Raja Shippen,66.0,145.0,72.0,0.0,0,0.0,0,0.0,0,0,0.0,39.9151266255989
Youmin Shin,70.0,135.0,72.0,0.0,0,0.0,0,0.0,0,0,0.0,39.59753593429158
Shunichi Shimizu,65.0,135.0,72.0,0.14,33,4.68,30,0.0,0,0,0.0,41.596167008898014
Antonina Shevchenko,68.0,125.0,67.0,3.86,55,2.93,52,0.43,42,53,0.4,41.79329226557152
Valentina Shevchenko,65.0,125.0,66.0,3.04,52,2.0,63,2.65,61,76,0.3,38.49965776865161
Alexander Shlemenko,71.0,185.0,72.0,4.36,60,1.71,63,0.0,0,0,0.0,42.29705681040383
Henrique Shiguemoto,71.0,185.0,72.0,3.6,33,6.0,16,0.0,0,50,0.0,37.20739219712526
Katsuyori Shibata,72.0,168.0,72.0,2.06,35,2.4,53,0.49,50,53,0.7,46.80355920602327
Shi Ming,62.0,115.0,60.0,3.09,37,2.92,52,1.02,36,60,0.2,31.811088295687885
Jake Shields,72.0,170.0,72.0,2.45,36,1.8,56,2.83,29,35,1.2,47.657768651608485
Ken Shamrock,73.0,205.0,72.0,1.47,46,4.3,39,0.94,60,44,2.5,62.56810403832991
Josh Shockman,76.0,235.0,72.0,0.87,32,0.87,58,0.0,0,23,0.0,45.686516084873375
Josh Shockley,73.0,155.0,72.0,1.4,33,1.75,60,0.0,0,61,0.8,36.80766598220397
Akira Shoji,68.0,195.0,72.0,1.03,34,2.63,53,1.79,73,82,0.4,52.596851471594796
Yuya Shirai,68.0,168.0,72.0,1.02,100,4.07,55,0.0,0,0,0.0,46.42847364818618
Wes Shivers,80.0,155.0,72.0,0.0,0,0.0,0,0.0,0,0,0.0,49.497604380561256
Wade Shipp,75.0,245.0,72.0,4.29,86,2.14,0,0.0,0,75,0.0,51.572895277207394
Serhiy Sidey,71.0,135.0,72.0,4.49,39,4.26,54,1.58,25,20,1.3,30.17385352498289
Liudvik Sholinian,70.0,135.0,71.0,2.5,30,5.67,55,0.0,0,66,0.0,36.62696783025325
Jack Shore,68.0,145.0,71.0,3.6,58,2.31,56,3.22,39,74,0.6,31.581108829568787
Ivan Shtyrkov,72.0,205.0,74.0,0.0,0,0.0,0,0.0,0,0,0.0,38.24229979466119
Landon Showalter,72.0,185.0,72.0,0.0,0,0.0,0,0.0,0,0,0.0,50.22861054072553
Kiril Sidelnikov,71.0,230.0,72.0,2.87,28,4.48,61,0.0,0,0,0.0,38.053388090349074
Ronal Siahaan,67.0,125.0,71.0,0.63,66,6.17,25,0.0,0,25,0.0,30.338124572210816
Brandon Shuey,67.0,155.0,72.0,0.68,33,1.36,0,0.0,0,0,10.2,50.59548254620123
Sam Sicilia,68.0,145.0,67.0,2.46,33,3.55,59,1.45,43,70,0.9,40.59411362080767
Thiago Silva,74.0,205.0,74.0,3.92,50,2.55,67,1.03,47,70,0.7,43.81656399726215
Xavier Siller,65.0,125.0,72.0,1.02,36,1.53,57,3.83,100,0,0.0,32.251882272416154
Siala Siliga,73.0,290.0,72.0,1.08,26,1.96,50,1.47,50,80,0.0,55.912388774811774
Assuerio Silva,70.0,241.0,72.0,1.42,46,4.2,54,2.66,34,25,1.8,52.219028062970565
Steven Siler,71.0,145.0,70.0,3.21,41,2.96,54,0.47,21,55,1.6,39.5564681724846
Fabio Silva,71.0,205.0,72.0,0.09,11,5.9,38,0.0,0,0,0.0,44.435318275154
Jay Silva,74.0,185.0,72.0,1.13,34,3.07,40,0.0,0,38,1.0,45.28405201916495
Sidney Silva,75.0,170.0,72.0,2.86,65,3.3,34,3.3,100,0,0.0,54.5242984257358
Leandro Silva,69.0,155.0,72.0,2.39,48,2.08,63,1.76,37,65,0.4,40.818617385352496
Erick Silva,72.0,170.0,74.0,2.5,48,4.18,49,0.85,35,56,1.4,42.209445585215605
Antonio Silva,76.0,264.0,82.0,2.89,45,3.09,50,0.82,29,66,0.8,46.978781656399725
Anderson Silva,74.0,185.0,77.0,3.05,61,2.05,60,0.5,77,69,0.8,51.397672826830934
Edson Silva,70.0,205.0,72.0,2.69,14,5.37,50,0.0,0,0,0.0,39.59753593429158
Jean Silva,66.0,160.0,72.0,0.73,22,2.93,52,0.0,0,0,0.0,48.91170431211499
Paulo Cesar Silva,89.0,385.0,72.0,0.4,15,2.72,47,0.42,100,16,0.4,63.12936344969199
Rafael Silva,67.0,135.0,72.0,0.67,50,0.73,67,0.0,0,25,1.0,41.464750171115675
Wagner Silva,72.0,170.0,72.0,1.69,29,2.87,65,0.0,0,58,0.0,39.578370978781656
Claudio Silva,71.0,170.0,71.0,2.48,42,3.0,46,2.85,26,44,1.1,44.0
Wanderlei Silva,71.0,205.0,74.0,2.79,40,2.19,60,0.97,53,62,0.6,50.17659137577002
Joaquim Silva,68.0,155.0,69.0,3.43,43,4.17,53,0.34,50,70,0.8,37.582477754962355
Dayana Silva,67.0,135.0,72.0,6.33,51,5.93,57,0.0,0,42,0.0,36.02737850787132
Felipe Silva,72.0,155.0,77.0,5.4,50,1.8,59,1.0,100,71,0.0,42.32991101984942
Jansey Silva,74.0,185.0,67.0,0.46,40,2.32,33,0.0,0,0,0.0,31.27173169062286
Gabriel Silva,66.0,135.0,71.0,1.3,34,3.47,45,1.5,25,38,0.5,32.030116358658454
Jacob Silva,65.0,125.0,67.0,4.17,44,4.92,56,1.51,100,66,0.0,38.535249828884325
Maria Silva,63.0,115.0,64.0,3.0,57,1.13,62,2.0,100,55,0.5,30.715947980835043
Karine Silva,65.0,125.0,67.0,2.24,38,2.74,52,1.93,50,26,1.6,32.761122518822724
Bruno Silva,72.0,185.0,74.0,3.86,48,5.35,41,0.77,22,74,0.0,37.14989733059548
Natalia Silva,64.0,125.0,65.0,4.81,45,2.36,66,0.43,30,90,0.0,29.587953456536617
Janaina Silva,61.0,115.0,60.0,0.0,0,1.5,62,0.0,0,0,0.0,34.554414784394254
Erik Silva,69.0,145.0,71.0,2.06,67,1.52,40,3.26,80,60,0.0,39.47707049965777
Frank Silva,70.0,125.0,72.0,0.0,0,0.0,0,0.0,0,0,0.0,22.031485284052017
Jhonata Silva,65.0,125.0,66.0,4.86,52,9.85,44,0.0,0,0,0.0,29.36892539356605
Danny Silva,67.0,145.0,69.0,6.35,54,7.1,61,2.06,36,75,0.2,29.598904859685145
Jamey Simmons,66.0,135.0,70.0,0.79,21,1.92,74,0.0,0,50,0.0,33.98494182067078
Sim Kai Xiong,66.0,135.0,67.0,2.85,42,3.64,55,3.49,25,100,0.0,28.999315537303218
Elias Silverio,71.0,155.0,73.0,3.67,49,2.97,51,1.62,38,85,0.2,39.95619438740589
Samuel Silva,72.0,155.0,72.0,2.58,27,8.61,37,0.0,0,0,0.0,30.677618069815196
Marcus Silveira,75.0,242.0,72.0,0.0,0,0.0,0,0.0,0,0,0.0,61.74127310061601
Douglas Silva de Andrade,67.0,145.0,68.0,3.54,38,4.09,56,0.54,42,71,0.2,41.20739219712526
Leonardo Silva de Oliveira,74.0,185.0,72.0,1.07,40,0.54,50,24.11,50,0,0.0,34.3709787816564
Marlon Sims,70.0,170.0,72.0,0.0,0,0.0,0,0.0,0,0,0.0,52.63244353182751
Aaron Simpson,72.0,170.0,73.0,3.6,52,2.53,56,3.78,34,83,0.5,52.13141683778234
Ricky Simon,66.0,135.0,69.0,3.03,42,3.9,61,4.49,41,76,0.3,34.01505817932922
Kiran Singh,61.0,115.0,65.0,0.0,0,19.51,23,0.0,0,0,0.0,26.116358658453116
Rana Rudra Pratap Singh,70.0,135.0,69.0,0.0,0,9.05,27,0.0,0,0,0.0,29.32785763175907
Mitchell Sipe,74.0,245.0,72.0,5.5,56,9.98,46,1.53,20,0,0.0,30.409308692676248
Wes Sims,82.0,260.0,72.0,0.98,51,2.95,37,0.0,0,40,2.3,47.09103353867214
Elvis Sinosic,75.0,205.0,77.0,1.13,37,4.6,53,0.0,0,0,1.2,55.56194387405886
Rob Sinclair,68.0,155.0,72.0,1.2,33,1.73,73,0.0,0,50,0.0,46.54346338124572
Everett Sims,77.0,260.0,77.0,0.81,66,2.19,30,0.0,0,42,1.2,38.0041067761807
Tony Sims,71.0,155.0,70.0,1.81,63,0.76,65,0.71,50,50,0.7,40.8952772073922
Lodune Sincaid,69.0,185.0,72.0,2.72,42,6.17,57,0.0,0,75,0.0,53.333333333333336
Rory Singer,74.0,185.0,77.0,2.55,39,2.42,63,0.39,25,64,0.8,50.275154004106774
AJ Siscoe,67.0,135.0,72.0,0.0,0,0.0,0,0.0,0,0,0.0,39.59753593429158
Yokthai Sithoar,67.0,143.0,72.0,0.0,0,0.0,0,0.0,0,0,0.0,51.69883641341547
Matt Skelton,75.0,265.0,72.0,0.0,0,0.54,0,0.0,0,66,0.0,59.619438740588635
Jeremia Siregar,62.0,125.0,63.0,2.8,42,7.37,29,0.0,0,75,0.0,35.1129363449692
Jeri Sitzes,65.0,125.0,72.0,0.0,0,0.0,0,0.0,0,0,0.0,39.59753593429158
Chas Skelly,71.0,145.0,72.0,2.01,40,3.21,49,1.74,34,39,2.3,41.322381930184804
Dennis Siver,66.0,145.0,70.0,3.87,32,2.67,65,0.87,32,65,0.3,47.64681724845996
Gian Siqueira,73.0,170.0,74.0,0.8,100,3.41,19,0.0,0,0,0.0,32.205338809034906
Jamie Siraj,67.0,135.0,66.0,2.21,25,7.73,38,0.0,0,0,0.0,32.19164955509925
Zach Skinner,66.0,145.0,72.0,0.53,50,2.4,32,5.0,27,100,1.0,39.59753593429158
Brian Sleeman,68.0,185.0,72.0,4.0,48,1.85,70,9.23,100,100,0.0,39.59753593429158
Ray Sloan,73.0,205.0,72.0,0.0,0,0.0,0,0.0,0,0,0.0,41.14715947980835
Joe Slick,72.0,199.0,72.0,0.0,0,0.0,0,0.0,0,0,0.0,48.8870636550308
Kestutis Smirnovas,70.0,200.0,72.0,4.95,52,5.05,54,1.55,50,100,1.6,50.41204654346338
Patrick Smith,74.0,225.0,72.0,0.0,0,0.0,0,0.0,0,0,0.0,63.02532511978097
Maurice Smith,74.0,221.0,72.0,0.41,46,0.47,60,0.89,50,20,0.9,64.73100616016427
Eric Smith,70.0,155.0,72.0,0.0,0,0.0,0,0.0,0,0,0.0,39.59753593429158
Josh Smith,72.0,155.0,72.0,0.73,28,1.4,54,0.0,0,57,2.0,44.18069815195072
David Smith,70.0,155.0,72.0,0.0,0,0.0,0,0.0,0,0,0.0,39.59753593429158
Adam Smith,70.0,155.0,72.0,0.0,0,0.0,0,0.0,0,0,0.0,39.59753593429158
Dillon Smith,72.0,170.0,72.0,0.0,0,0.0,0,0.0,0,0,0.0,42.66392881587954
Scott Smith,72.0,185.0,70.0,1.9,27,5.87,50,0.12,6,58,0.5,47.29637234770705
Trevor Smith,75.0,185.0,75.0,3.29,55,3.31,51,1.7,32,60,0.7,45.667351129363446
Hunter Smith,70.0,155.0,72.0,0.0,0,0.0,0,0.0,0,0,0.0,27.860369609856264
Colton Smith,72.0,155.0,71.0,1.64,41,2.3,51,4.09,36,25,1.4,39.063655030800824
Jacobe Smith,70.0,170.0,72.0,6.89,67,2.78,47,7.78,91,100,0.7,30.636550308008214
Gilbert Smith,69.0,185.0,72.0,1.09,41,2.73,35,3.51,60,0,1.2,44.88158795345654
Cole Smith,71.0,135.0,67.0,1.78,35,1.96,49,1.67,33,45,1.7,37.42094455852156
Anthony Smith,76.0,205.0,76.0,3.19,49,5.04,44,0.44,22,50,0.6,38.11362080766598
Nate Smith,66.0,125.0,69.0,1.28,38,2.04,35,0.0,0,33,2.3,31.411362080766597
Braxton Smith,71.0,257.0,72.0,6.46,48,11.54,32,0.0,0,100,0.0,36.67898699520876
Elijah Smith,69.0,135.0,71.0,4.18,48,2.96,46,2.98,53,53,1.1,24.00273785078713
Leslie Smith,69.0,135.0,66.0,7.56,40,8.41,51,0.0,0,62,0.0,44.054757015742645
Devonte Smith,69.0,155.0,76.0,4.55,53,3.91,49,0.35,25,85,0.3,33.10335386721424
Richie Smullen,69.0,155.0,68.0,1.98,77,2.26,65,8.49,66,0,0.0,35.05544147843943
Shimon Smotritsky,74.0,170.0,74.0,3.52,34,8.67,56,3.52,33,50,0.0,26.039698836413415
Cameron Smotherman,69.0,135.0,69.0,3.97,37,3.57,58,0.0,0,62,0.0,28.969199178644764
Louis Smolka,69.0,135.0,68.0,4.67,47,4.11,53,1.69,35,32,1.8,35.14305270362765
Justin Smitley,70.0,145.0,72.0,0.0,0,0.0,0,0.0,0,0,0.0,39.59753593429158
Walter Smith-Cotito,68.0,135.0,72.0,2.95,36,3.53,68,2.16,33,57,0.0,39.59753593429158
Dmitrii Smoliakov,74.0,253.0,74.0,1.44,42,3.81,55,0.0,0,75,0.0,44.087611225188226
Devin Smyth,70.0,170.0,72.0,2.6,68,6.73,25,4.0,26,100,0.0,31.129363449691994
Denis Sobolev,75.0,216.0,72.0,0.0,0,5.45,33,0.0,0,0,0.0,51.030800821355236
Rameau Thierry Sokoudjou,70.0,205.0,78.0,2.26,45,2.61,56,1.93,47,78,0.9,42.38466803559206
Renato Sobral,73.0,205.0,75.0,2.23,45,1.53,57,2.48,42,65,2.6,50.997946611909654
Axel Sola,72.0,155.0,74.0,4.5,50,4.53,61,1.89,36,66,0.5,28.969199178644764
Peter Sobotta,72.0,170.0,75.0,2.14,40,2.9,58,1.53,32,77,0.5,39.65229295003422
Chris Solomon,71.0,155.0,72.0,0.0,0,2.8,37,0.0,0,33,0.0,39.59753593429158
Alexander Soldatkin,74.0,250.0,75.0,1.16,60,1.35,26,1.45,50,50,0.0,33.24024640657084
Sean Soriano,69.0,145.0,70.0,3.18,61,2.14,56,1.33,55,52,0.0,36.917180013689254
Joe Solecki,69.0,155.0,70.0,1.97,53,1.85,50,2.06,48,14,1.4,33.02669404517454
Joe Son,64.0,236.0,72.0,0.0,0,0.0,0,0.0,0,0,0.0,55.78918548939083
Paul Song,70.0,185.0,72.0,0.0,0,0.0,0,0.0,0,0,0.0,39.62765229295003
Benardo Sopaj,66.0,135.0,66.0,4.39,58,4.69,52,2.43,60,76,0.8,25.946611909650922
Jin Soo Son,66.0,135.0,69.0,5.1,36,7.63,52,1.5,25,100,0.0,33.43189596167009
Song Kenan,72.0,170.0,71.0,4.49,46,5.82,51,0.42,30,73,0.0,36.492813141683776
Song Yadong,68.0,135.0,67.0,4.34,43,3.81,55,0.82,41,73,0.2,28.761122518822724
Emrah Sonmez,70.0,145.0,71.0,1.47,46,1.73,48,5.0,21,0,0.0,34.195756331279945
Hyeonjong Song,70.0,135.0,72.0,0.0,0,0.0,0,0.0,0,0,0.0,24.372347707049965
Cody Sons,69.0,205.0,72.0,0.0,0,0.0,0,0.0,0,0,0.0,39.59753593429158
YoungJae Song,68.0,145.0,70.0,2.66,56,2.2,52,0.0,0,50,0.6,30.67488021902806
Chael Sonnen,73.0,205.0,73.0,3.08,43,1.1,62,3.81,59,66,0.4,49.426420260095824
Punahele Soriano,71.0,170.0,72.0,4.42,53,3.31,47,1.97,51,48,0.1,33.78781656399726
Hecher Sosa,69.0,135.0,70.0,4.53,47,2.5,61,2.0,36,69,1.0,31.033538672142367
Dmitry Sosnovskiy,75.0,240.0,77.0,2.95,70,2.53,35,3.16,66,100,3.2,37.16906228610541
Ben Sosoli,72.0,265.0,72.0,2.31,31,4.3,47,0.0,0,0,0.0,36.73921971252567
Emiliano Sordi,74.0,205.0,72.0,4.79,50,4.79,48,0.0,0,100,8.3,35.5564681724846
Mario Soto,72.0,145.0,72.0,1.43,23,5.23,42,0.0,0,0,0.0,39.59753593429158
Greg Soto,71.0,170.0,73.0,3.21,63,2.61,52,1.49,27,44,1.0,40.26009582477755
Alex Soto,68.0,135.0,72.0,2.95,25,5.02,59,2.82,30,0,0.0,42.55715263518138
Krzysztof Soszynski,73.0,205.0,77.0,3.37,39,3.13,58,0.52,25,71,1.0,49.09514031485284
Manoel Sousa,69.0,155.0,70.0,4.27,48,3.48,55,0.36,20,73,1.1,29.256673511293634
Mario Sousa,75.0,185.0,79.0,2.82,50,2.99,28,0.52,25,37,0.5,29.87816563997262
Joe Soto,66.0,135.0,65.0,3.36,41,5.37,67,0.85,21,70,1.9,39.460643394934976
Andre Soukhamthath,69.0,135.0,70.0,2.77,44,4.31,49,1.25,53,58,0.2,37.869952087611225
George Sotiropoulos,70.0,155.0,71.0,2.61,27,2.52,67,2.32,31,53,1.6,49.16084873374401
Marina Spasic,64.0,115.0,64.0,7.5,47,6.0,57,0.0,0,50,0.0,32.15605749486653
Patrick Speight,73.0,170.0,72.0,0.0,0,0.0,0,0.0,0,0,0.0,39.59753593429158
Tommy Speer,70.0,170.0,71.0,2.56,51,5.12,35,2.02,33,33,0.0,42.04517453798768
Ryan Spann,77.0,264.0,79.0,3.11,39,3.92,43,1.21,34,59,1.7,35.0362765229295
Bruno Souza,70.0,145.0,70.0,3.73,39,5.3,45,0.5,16,60,0.0,30.49965776865161
Edimilson Souza,72.0,145.0,74.0,4.65,44,2.91,58,0.0,0,50,0.0,41.88637919233402
Bobby Southworth,74.0,205.0,72.0,0.99,39,1.38,65,3.98,78,64,1.3,56.72279260780287
Livinha Souza,63.0,115.0,63.0,1.75,45,3.6,56,2.54,45,40,1.4,35.49075975359343
Jacare Souza,73.0,185.0,72.0,2.53,47,2.83,62,2.57,39,57,1.3,46.74880219028063
Charon Spain,69.0,155.0,72.0,0.0,0,0.0,0,0.0,0,0,0.0,38.48870636550308
Heraldo Souza,71.0,185.0,73.0,1.62,33,1.62,50,0.0,0,0,0.0,31.72621492128679
Jose Souza,75.0,170.0,79.0,4.24,45,4.86,49,0.0,0,0,0.0,24.290212183436
Ketlen Souza,63.0,115.0,63.0,4.11,57,3.89,53,0.45,13,53,0.2,32.05201916495551
Chris Spang,74.0,170.0,72.0,1.83,36,1.95,60,0.0,0,50,0.9,38.77891854893908
Andreas Spang,73.0,185.0,72.0,0.0,0,0.0,0,0.0,0,0,0.0,47.83025325119781
Ron Sparks,77.0,265.0,72.0,0.0,0,0.0,0,0.0,0,0,0.0,39.59753593429158
Sean Spencer,70.0,170.0,74.0,4.24,32,4.02,60,0.14,33,68,0.0,39.200547570157426
Felicia Spencer,66.0,145.0,68.0,3.21,48,4.54,45,1.18,18,27,0.2,35.7700205338809
Nick Sperling,70.0,135.0,72.0,1.4,25,1.4,66,0.0,0,0,0.0,39.59753593429158
Mario Sperry,74.0,205.0,72.0,2.81,52,1.53,47,2.09,42,71,1.4,59.93976728268309
Waachiim Spiritwolf,68.0,170.0,72.0,10.0,100,10.0,0,0.0,0,0,0.0,50.680355920602324
Eric Spicely,73.0,185.0,73.0,3.71,45,5.72,55,1.31,20,75,1.0,39.937029431895965
Sam Spengler,71.0,185.0,72.0,3.27,62,3.27,54,1.75,11,75,1.8,50.42299794661191
Daniel Spohn,76.0,205.0,79.0,2.42,49,1.6,53,0.0,0,28,2.5,41.90006844626968
Austin Springer,68.0,145.0,71.0,3.54,57,3.15,41,3.37,40,100,0.8,39.32101300479124
Bobby Stack,69.0,155.0,72.0,1.0,20,2.89,34,7.48,45,100,0.0,39.59753593429158
Pete Spratt,69.0,170.0,72.0,1.63,48,1.33,55,0.3,100,46,0.3,55.657768651608485
Serghei Spivac,75.0,260.0,78.0,3.57,47,4.23,52,3.82,59,63,0.5,31.616700889801507
Brian Stann,73.0,205.0,74.0,3.28,42,2.65,59,0.12,12,60,0.3,45.949349760438054
Georges St-Pierre,71.0,185.0,76.0,3.78,53,1.4,72,4.16,74,83,1.1,45.30047912388775
Andreas Stahl,71.0,170.0,72.0,2.83,37,4.74,57,1.55,66,80,0.0,38.29705681040383
Cristina Stanciu,63.0,115.0,72.0,2.5,50,3.07,52,0.85,100,40,1.7,32.440793976728266
Ron Stallings,74.0,170.0,75.0,3.22,60,3.26,51,0.0,0,71,0.0,43.61396303901437
Daniel Spitz,79.0,245.0,82.0,2.6,35,5.3,46,0.74,66,0,0.0,36.101300479123886
Cody Stamann,66.0,135.0,64.0,4.32,46,3.91,60,2.17,37,76,0.0,36.824093086926766
Adam Steele,70.0,170.0,72.0,0.0,0,0.0,0,0.0,0,0,0.0,39.59753593429158
Damian Stasiak,65.0,135.0,70.0,1.86,36,3.1,52,2.64,35,43,0.6,36.54209445585216
Clifford Starks,72.0,185.0,78.0,1.94,33,2.49,58,1.94,100,60,0.0,45.36618754277892
Laureano Staropoli,73.0,185.0,71.0,3.31,34,3.73,54,0.83,26,48,0.0,33.52224503764545
Kalib Starnes,75.0,185.0,74.0,2.71,48,4.43,53,1.46,33,25,0.6,51.66598220396988
Dion Staring,73.0,235.0,72.0,1.09,37,5.0,47,0.0,0,33,0.0,48.24366872005476
Lucas Stark,70.0,155.0,72.0,1.6,25,3.2,66,12.0,100,0,0.0,39.59753593429158
Josh Stansbury,74.0,205.0,74.0,3.22,54,3.54,54,0.0,0,87,1.0,41.79603011635866
Ricky Steele,69.0,135.0,74.0,4.07,70,2.93,50,0.0,0,91,0.0,38.280629705681044
Dominique Steele,70.0,170.0,74.0,2.32,49,2.42,50,2.95,42,76,0.0,38.60917180013689
Eric Steenberg,70.0,155.0,72.0,0.0,0,0.0,0,0.0,0,0,0.0,43.20876112251882
Kody Steele,69.0,155.0,71.0,3.85,32,6.2,52,1.07,25,100,0.5,31.378507871321013
Steve Steinbeiss,75.0,185.0,75.0,3.92,55,1.86,49,0.44,50,58,0.0,45.3388090349076
Dmitri Stepanov,75.0,217.0,72.0,0.0,0,0.0,0,0.0,0,0,0.0,39.59753593429158
Ray Steinbeiss,71.0,170.0,72.0,0.0,0,0.0,100,0.0,0,0,0.0,46.98425735797399
Aljamain Sterling,67.0,145.0,71.0,4.26,52,2.15,59,2.54,32,44,0.6,37.100616016427104
Marc Stevens,69.0,155.0,72.0,0.45,26,1.79,46,0.0,0,0,0.0,41.275838466803556
Maia Stevenson,64.0,115.0,62.0,1.57,54,3.13,33,3.91,100,50,0.0,44.46817248459959
Gable Steveson,71.0,249.0,74.0,16.29,71,5.17,60,0.0,0,0,0.0,26.26694045174538
Luke Stewart,71.0,170.0,72.0,3.75,56,2.34,53,3.75,33,50,1.9,39.59753593429158
Joe Stevenson,67.0,145.0,70.0,2.05,44,2.44,60,2.75,44,39,2.2,44.22724161533196
Jeremy Stephens,69.0,155.0,71.0,3.13,40,3.25,57,1.1,38,61,0.4,40.284736481861735
Dan Stittgen,73.0,170.0,72.0,2.97,46,4.42,37,0.78,100,100,0.0,45.80150581793292
Kyle Stewart,72.0,170.0,76.0,1.41,35,2.42,43,1.32,20,60,0.0,37.596167008898014
Tyler Stinson,75.0,170.0,72.0,2.8,23,4.6,56,0.5,100,0,0.5,40.63518138261465
Alex Stiebling,74.0,205.0,72.0,1.77,42,1.45,52,0.35,66,66,0.7,49.69472963723477
Navajo Stirling,76.0,205.0,79.0,6.47,55,2.56,58,0.82,25,71,0.0,28.829568788501028
Darren Stewart,72.0,205.0,74.0,3.05,45,3.29,48,1.75,45,67,0.1,35.68514715947981
Lazar Stojadinovic,67.0,145.0,68.0,1.82,29,1.97,59,0.0,0,0,0.0,37.45927446954141
Denis Stojnic,72.0,245.0,72.0,1.51,23,6.06,36,0.0,0,80,1.0,46.5927446954141
Ryan Stonitsch,69.0,170.0,72.0,2.53,36,2.53,71,0.0,0,0,0.0,49.58795345653662
Niklas Stolze,73.0,155.0,74.0,2.12,48,2.25,49,0.66,100,55,0.7,33.68925393566051
Ken Stone,68.0,135.0,71.0,3.85,49,2.9,48,1.24,33,60,0.6,43.912388774811774
Dustin Stoltzfus,72.0,185.0,75.0,3.3,45,3.23,47,2.08,37,46,1.1,34.809034907597535
Julija Stoliarenko,67.0,125.0,66.0,2.74,38,4.45,46,0.78,20,54,1.4,33.412731006160165
Mark Striegl,68.0,145.0,70.0,1.4,45,4.07,40,0.0,0,66,0.0,38.20396988364134
Hans Stringer,75.0,205.0,72.0,3.16,61,2.84,41,2.4,36,62,0.0,39.17043121149897
Sean Strickland,73.0,185.0,76.0,5.98,42,4.53,60,0.66,62,68,0.1,35.52361396303901
Gerald Strebendt,69.0,155.0,72.0,0.0,0,4.0,38,0.0,0,0,16.4,47.51813826146475
Jesse Strader,67.0,135.0,70.0,5.03,51,5.28,47,3.87,57,100,0.0,35.27446954140999
George Stork,70.0,185.0,72.0,0.0,0,0.0,0,0.0,0,0,0.0,39.59753593429158
Gennaro Strangis,70.0,155.0,72.0,0.0,0,0.0,0,0.0,0,0,0.0,39.59753593429158
Dave Strasser,70.0,170.0,72.0,3.04,45,1.88,59,0.72,33,33,0.0,57.14989733059548
Darko Stosic,72.0,205.0,76.0,2.61,45,4.04,58,3.42,50,83,0.0,34.573579739904176
Greg Stott,67.0,220.0,72.0,0.0,0,0.0,0,0.0,0,0,0.0,39.59753593429158
Curtis Stout,73.0,185.0,72.0,0.69,67,3.2,29,0.0,0,20,0.0,52.82956878850103
Daniel Straus,67.0,145.0,71.0,4.76,43,2.99,57,0.84,15,81,1.1,42.110882956878854
Tim Stout,71.0,185.0,72.0,0.0,0,0.0,0,0.0,0,0,0.0,47.572895277207394
Rick Story,69.0,170.0,71.0,3.8,41,2.17,62,2.53,48,63,0.9,42.02327173169062
Sam Stout,69.0,155.0,70.0,4.17,28,4.08,57,0.63,38,77,0.1,42.3709787816564
Mike Stumpf,70.0,170.0,72.0,3.34,43,8.85,47,1.59,25,33,0.8,40.09856262833676
Kyle Sturgeon,75.0,225.0,72.0,0.0,0,0.0,0,0.0,0,0,0.0,63.59479808350445
Josh Stuart,69.0,160.0,72.0,0.0,0,0.0,0,0.0,0,0,0.0,39.59753593429158
Stefan Struve,83.0,265.0,84.0,3.12,47,4.04,46,0.56,46,55,1.7,38.548939082819984
Tatiana Suarez,65.0,115.0,66.0,2.86,60,1.63,44,4.52,45,57,0.7,35.715263518138265
Daisuke Sugie,66.0,160.0,72.0,0.0,0,0.22,80,3.27,50,0,3.3,45.90006844626968
Genki Sudo,69.0,155.0,72.0,1.55,39,2.23,33,3.58,60,50,4.2,48.498288843258045
Masanori Suda,69.0,183.0,72.0,1.8,50,1.2,63,0.0,0,60,0.0,39.59753593429158
Lucasz Sudolski,76.0,205.0,75.0,5.7,67,4.89,28,0.0,0,100,0.0,33.22655715263518
Takashi Sugiura,71.0,225.0,72.0,1.37,40,2.08,53,1.33,66,0,0.0,56.26830937713895
Naho Sugiyuma,61.0,105.0,72.0,2.59,48,2.45,71,2.05,100,66,0.0,48.5886379192334
Sulangrangbo,69.0,135.0,66.0,3.96,48,3.2,62,0.0,0,72,0.0,21.138945927446954
Takaya Suzuki,67.0,125.0,68.0,7.83,47,3.26,70,3.26,100,0,0.0,21.99315537303217
Martin Svensson,73.0,155.0,72.0,2.02,38,5.91,38,0.0,0,0,0.0,41.36618754277892
Daniel Swain,69.0,145.0,70.0,0.8,44,3.2,40,0.0,0,0,6.0,35.60027378507871
Cub Swanson,68.0,145.0,70.0,4.84,51,3.99,59,1.0,50,63,0.4,42.84462696783025
Mike Swick,73.0,170.0,77.0,2.36,37,2.29,54,1.06,50,61,0.6,47.21697467488022
Joel Sutton,71.0,205.0,72.0,0.0,0,0.0,0,0.0,0,0,0.0,57.16632443531827
Danilo Suzart,72.0,260.0,72.0,4.09,55,11.73,51,0.0,0,0,0.0,34.757015742642025
Chad Sutton,73.0,185.0,72.0,0.0,0,0.0,0,0.0,0,0,0.0,44.082135523613964
Justin Sumter,74.0,185.0,80.0,2.68,48,7.64,34,2.87,100,0,0.0,36.80492813141684
Magomed Sultanakhmedov,74.0,185.0,72.0,0.0,0,2.4,42,9.0,100,0,9.0,42.32169746748802
Amar Suloev,69.0,183.0,72.0,1.98,37,2.19,70,0.27,100,88,0.3,50.182067077344286
Rama Supandhi,65.0,125.0,66.0,2.2,42,3.53,48,1.0,11,0,0.0,34.83093771389459
Aji Susilo,70.0,155.0,72.0,0.0,0,0.0,0,0.0,0,0,0.0,39.59753593429158
George Sullivan,72.0,170.0,73.0,3.53,39,2.42,57,1.37,20,38,0.7,45.4839151266256
Sumudaerji,68.0,125.0,72.0,4.4,50,2.29,63,0.76,37,73,0.5,30.628336755646817
Jason Suttie,72.0,210.0,72.0,2.07,83,4.97,36,0.0,0,0,0.0,53.08145106091718
Baisangur Susurkaev,74.0,185.0,79.0,5.74,54,4.45,58,2.09,26,100,0.8,25.659137577002053
Louie Sutherland,75.0,258.0,76.0,1.8,69,1.95,35,4.49,40,33,0.0,32.57494866529774
Floyd Sword,72.0,185.0,72.0,0.78,42,1.57,40,0.0,0,33,0.0,50.03422313483915
Klaudia Sygula,68.0,135.0,69.0,7.27,48,5.5,56,0.41,12,40,0.0,27.685147159479808
Oumar Sy,76.0,205.0,83.0,3.41,48,1.87,66,2.45,35,66,0.3,30.792607802874745
Tony Sylvester,73.0,225.0,72.0,0.0,0,10.12,12,0.0,0,0,0.0,48.60780287474333
Joao Zaiden,70.0,205.0,72.0,0.0,0,0.0,0,0.0,0,0,0.0,33.4757015742642
Anton Zafir,71.0,170.0,72.0,2.99,64,2.31,52,6.11,60,0,0.0,39.3264887063655
Luke Zachrich,74.0,185.0,74.0,4.56,32,4.46,62,0.74,33,80,0.0,44.714579055441476
Kevin Syler,69.0,155.0,71.0,5.6,69,4.03,48,1.0,40,77,2.0,33.106091718001366
Youssef Zalal,70.0,145.0,72.0,2.78,50,1.79,64,1.84,31,55,1.3,30.0041067761807
Bentley Syler,64.0,125.0,72.0,1.3,18,1.73,79,0.0,0,75,0.0,43.70704996577687
Aiemann Zahabi,68.0,135.0,68.0,4.47,48,4.11,68,0.12,14,83,0.0,38.79808350444901
Craig Zellner,74.0,205.0,72.0,0.61,9,4.65,61,0.0,0,0,0.0,49.99041752224504
Roman Zentsov,73.0,230.0,72.0,1.18,36,0.53,70,1.6,100,33,3.2,52.988364134154686
Elizeu Zaleski dos Santos,71.0,170.0,73.0,4.16,41,3.56,55,0.79,20,67,0.4,39.73716632443532
Zach Zane,67.0,145.0,69.0,0.87,56,6.67,20,0.0,0,26,0.0,36.72826830937714
Magomed Zaynukov,70.0,155.0,68.0,10.3,59,2.93,62,2.0,50,85,0.0,31.67693360711841
Bartosz Szewczyk,76.0,205.0,73.0,2.7,33,3.52,47,0.0,0,0,0.0,28.966461327857633
Roger Zapata,71.0,170.0,72.0,2.6,51,2.13,36,0.0,0,81,1.4,40.328542094455855
Kevin Szaflarski,77.0,260.0,77.0,1.13,28,8.07,30,0.0,0,0,0.0,31.685147159479808
Sebastian Szalay,66.0,145.0,66.0,4.94,41,2.2,65,0.51,20,84,0.0,32.5886379192334
Leo Sylvest,71.0,205.0,72.0,0.0,0,6.58,27,0.0,0,0,0.0,53.007529089664615
Marius Zaromskis,69.0,170.0,72.0,5.02,34,5.93,50,0.73,42,73,0.0,46.10266940451746
Tim Sylvia,80.0,265.0,80.0,4.23,41,2.61,61,0.11,100,75,0.1,50.50513347022587
Manolo Zecchini,68.0,145.0,68.0,3.72,28,12.82,45,0.0,0,0,0.0,29.872689938398356
Daniel Zellhuber,73.0,155.0,77.0,5.45,38,6.17,54,0.14,25,81,0.3,27.16769336071184
David Zawada,72.0,170.0,75.0,3.84,41,4.54,55,0.97,33,57,1.7,36.09856262833676
Joao Zeferino,71.0,170.0,72.0,0.83,36,2.6,48,0.5,5,50,1.0,40.64065708418891
Rickson Zenidim,67.0,125.0,67.0,1.67,32,4.07,33,0.0,0,0,0.0,27.550992470910334
Carlos Zevallos,72.0,205.0,72.0,4.36,65,2.28,68,0.0,0,100,0.0,48.002737850787135
Zhang Tiequan,68.0,155.0,69.0,1.23,36,2.14,51,1.95,58,75,3.4,48.11772758384668
Zhang Lipeng,71.0,155.0,71.0,1.28,48,1.88,53,1.75,30,69,0.8,36.492813141683776
Zhang Mingyang,74.0,205.0,75.0,7.01,58,5.55,43,0.0,0,75,0.0,28.057494866529773
Zhang Weili,64.0,115.0,63.0,4.66,52,2.63,53,1.96,44,63,0.5,37.06502395619439
Zhang Zhenyang,70.0,155.0,72.0,0.0,0,0.0,0,0.0,0,0,0.0,39.59753593429158
Zhang Qinghe,67.0,135.0,67.0,2.87,33,4.73,49,0.0,0,50,0.0,24.83504449007529
Daermisi Zhawupasi,68.0,135.0,68.0,1.86,40,2.36,55,7.74,65,53,1.4,26.976043805612594
Yao Zhikui,65.0,125.0,64.0,1.44,21,2.82,48,0.66,16,58,0.0,35.578370978781656
Zhou Kun,70.0,125.0,72.0,0.0,0,0.0,0,0.0,0,0,0.0,39.59753593429158
Daria Zhelezniakova,69.0,135.0,68.0,4.13,40,3.38,64,0.31,100,50,0.0,30.62012320328542
Virgil Zwicker,74.0,205.0,74.0,3.34,48,4.87,39,1.31,30,50,0.0,44.19712525667351
Zhu Kangjie,66.0,145.0,70.0,2.93,48,1.64,66,0.32,100,50,0.0,30.639288158795345
Brahyam Zurcher,70.0,145.0,70.0,1.86,15,5.57,59,0.0,0,0,0.0,30.491444216290212
James Zikic,74.0,205.0,72.0,1.47,35,1.6,44,0.5,25,74,0.5,49.516769336071185
Mike Zichelle,70.0,205.0,72.0,0.87,35,0.87,40,0.0,0,0,2.0,39.59753593429158
Allan Zuniga,67.0,155.0,70.0,3.93,52,1.8,61,0.0,0,57,1.0,34.42299794661191
Zhalgas Zhumagulov,64.0,125.0,66.0,5.24,43,5.86,52,1.3,19,75,0.2,38.02053388090349
Fares Ziam,73.0,155.0,75.0,2.68,52,1.58,63,1.86,42,70,0.5,29.462012320328544
Errol Zimmerman,75.0,185.0,72.0,2.95,42,0.0,0,0.0,0,0,0.0,40.380561259411365
Dave Zitanick,70.0,170.0,72.0,0.0,0,0.0,0,0.0,0,0,0.0,46.50513347022587
Alex Zuniga,70.0,145.0,72.0,0.0,0,0.0,0,0.0,0,0,0.0,39.59753593429158
Igor Zinoviev,73.0,199.0,72.0,0.0,0,0.0,0,0.0,0,0,0.0,60.290212183436005
Cat Zingano,66.0,145.0,68.0,2.57,61,1.63,47,2.77,65,42,0.8,44.18343600273785
George Zuniga,69.0,185.0,72.0,7.64,38,5.45,37,0.0,0,100,0.0,39.59753593429158
